step,sim_time_s,px_m,py_m,pz_m,qw,qx,qy,qz,vx_mps,vy_mps,vz_mps,wx_radps,wy_radps,wz_radps,local_x_m,local_y_m,local_z_m
1,0.029167,0.000000000,0.000000000,0.465231270,1.000000000,0.000000000,0.000000000,0.000000000,0.000000000,0.000000000,-0.286125004,0.000000000,0.000000000,0.000000000,0.000000000,0.000000000,0.265231270
2,0.033333,0.000000000,0.000000000,0.463868767,1.000000000,0.000000000,0.000000000,0.000000000,0.000000000,0.000000000,-0.327000022,0.000000000,0.000000000,0.000000000,0.000000000,0.000000000,0.263868767
3,0.037500,0.000000000,0.000000000,0.462335944,1.000000000,0.000000000,0.000000000,0.000000000,0.000000000,0.000000000,-0.367875040,0.000000000,0.000000000,0.000000000,0.000000000,0.000000000,0.262335944
4,0.041667,0.000000000,0.000000000,0.460632831,1.000000000,0.000000000,0.000000000,0.000000000,0.000000000,0.000000000,-0.408750057,0.000000000,0.000000000,0.000000000,0.000000000,0.000000000,0.260632831
5,0.045833,0.000000000,0.000000000,0.458759397,1.000000000,0.000000000,0.000000000,0.000000000,0.000000000,0.000000000,-0.449625075,0.000000000,0.000000000,0.000000000,0.000000000,0.000000000,0.258759397
6,0.050000,0.000000000,0.000000000,0.456715643,1.000000000,0.000000000,0.000000000,0.000000000,0.000000000,0.000000000,-0.490500093,0.000000000,0.000000000,0.000000000,0.000000000,0.000000000,0.256715643
7,0.054167,0.000000000,0.000000000,0.454501569,1.000000000,0.000000000,0.000000000,0.000000000,0.000000000,0.000000000,-0.531375110,0.000000000,0.000000000,0.000000000,0.000000000,0.000000000,0.254501569
8,0.058333,0.000000000,0.000000000,0.452117205,1.000000000,0.000000000,0.000000000,0.000000000,0.000000000,0.000000000,-0.572250128,0.000000000,0.000000000,0.000000000,0.000000000,0.000000000,0.252117205
9,0.062500,0.000000000,0.000000000,0.449562520,1.000000000,0.000000000,0.000000000,0.000000000,0.000000000,0.000000000,-0.613125145,0.000000000,0.000000000,0.000000000,0.000000000,0.000000000,0.249562520
10,0.066667,0.000000000,0.000000000,0.446837515,1.000000000,0.000000000,0.000000000,0.000000000,0.000000000,0.000000000,-0.654000163,0.000000000,0.000000000,0.000000000,0.000000000,0.000000000,0.246837515
11,0.070833,0.000000000,0.000000000,0.443942189,1.000000000,0.000000000,0.000000000,0.000000000,0.000000000,0.000000000,-0.694875181,0.000000000,0.000000000,0.000000000,0.000000000,0.000000000,0.243942189
12,0.075000,0.000000000,0.000000000,0.440876573,1.000000000,0.000000000,0.000000000,0.000000000,0.000000000,0.000000000,-0.735750198,0.000000000,0.000000000,0.000000000,0.000000000,0.000000000,0.240876573
13,0.079167,0.000000000,0.000000000,0.437640637,1.000000000,0.000000000,0.000000000,0.000000000,0.000000000,0.000000000,-0.776625216,0.000000000,0.000000000,0.000000000,0.000000000,0.000000000,0.237640637
14,0.083333,0.000000000,0.000000000,0.434234381,1.000000000,0.000000000,0.000000000,0.000000000,0.000000000,0.000000000,-0.817500234,0.000000000,0.000000000,0.000000000,0.000000000,0.000000000,0.234234381
15,0.087500,0.000000000,0.000000000,0.430657804,1.000000000,0.000000000,0.000000000,0.000000000,0.000000000,0.000000000,-0.858375251,0.000000000,0.000000000,0.000000000,0.000000000,0.000000000,0.230657804
16,0.091667,0.000000000,0.000000000,0.426910937,1.000000000,0.000000000,0.000000000,0.000000000,0.000000000,0.000000000,-0.899250269,0.000000000,0.000000000,0.000000000,0.000000000,0.000000000,0.226910937
17,0.095833,0.000000000,0.000000000,0.422993749,1.000000000,0.000000000,0.000000000,0.000000000,0.000000000,0.000000000,-0.940125287,0.000000000,0.000000000,0.000000000,0.000000000,0.000000000,0.222993749
18,0.100000,0.000000000,0.000000000,0.418906242,1.000000000,0.000000000,0.000000000,0.000000000,0.000000000,0.000000000,-0.981000304,0.000000000,0.000000000,0.000000000,0.000000000,0.000000000,0.218906242
19,0.104167,0.000000000,0.000000000,0.414648414,1.000000000,0.000000000,0.000000000,0.000000000,0.000000000,0.000000000,-1.021875262,0.000000000,0.000000000,0.000000000,0.000000000,0.000000000,0.214648414
20,0.108333,0.000000000,0.000000000,0.410220295,1.000000000,0.000000000,0.000000000,0.000000000,0.000000000,0.000000000,-1.062750220,0.000000000,0.000000000,0.000000000,0.000000000,0.000000000,0.210220295
21,0.112500,0.000000000,0.000000000,0.405621856,1.000000000,0.000000000,0.000000000,0.000000000,0.000000000,0.000000000,-1.103625178,0.000000000,0.000000000,0.000000000,0.000000000,0.000000000,0.205621856
22,0.116667,0.000000000,0.000000000,0.400853097,1.000000000,0.000000000,0.000000000,0.000000000,0.000000000,0.000000000,-1.144500136,0.000000000,0.000000000,0.000000000,0.000000000,0.000000000,0.200853097
23,0.120833,0.000000000,0.000000000,0.395914048,1.000000000,0.000000000,0.000000000,0.000000000,0.000000000,0.000000000,-1.185375094,0.000000000,0.000000000,0.000000000,0.000000000,0.000000000,0.195914048
24,0.125000,0.000000000,0.000000000,0.390804678,1.000000000,0.000000000,0.000000000,0.000000000,0.000000000,0.000000000,-1.226250052,0.000000000,0.000000000,0.000000000,0.000000000,0.000000000,0.190804678
25,0.129167,0.000000000,0.000000000,0.385524988,1.000000000,0.000000000,0.000000000,0.000000000,0.000000000,0.000000000,-1.267125010,0.000000000,0.000000000,0.000000000,0.000000000,0.000000000,0.185524988
26,0.133333,0.000000000,0.000000000,0.380074978,1.000000000,0.000000000,0.000000000,0.000000000,0.000000000,0.000000000,-1.307999969,0.000000000,0.000000000,0.000000000,0.000000000,0.000000000,0.180074978
27,0.137500,0.000000000,0.000000000,0.374454677,1.000000000,0.000000000,0.000000000,0.000000000,0.000000000,0.000000000,-1.348874927,0.000000000,0.000000000,0.000000000,0.000000000,0.000000000,0.174454677
28,0.141667,0.000000000,0.000000000,0.368664056,1.000000000,0.000000000,0.000000000,0.000000000,0.000000000,0.000000000,-1.389749885,0.000000000,0.000000000,0.000000000,0.000000000,0.000000000,0.168664056
29,0.145833,0.000000000,0.000000000,0.362703115,1.000000000,0.000000000,0.000000000,0.000000000,0.000000000,0.000000000,-1.430624843,0.000000000,0.000000000,0.000000000,0.000000000,0.000000000,0.162703115
30,0.150000,0.000000000,0.000000000,0.356571853,1.000000000,0.000000000,0.000000000,0.000000000,0.000000000,0.000000000,-1.471499801,0.000000000,0.000000000,0.000000000,0.000000000,0.000000000,0.156571853
31,0.154167,0.000000000,0.000000000,0.350270301,1.000000000,0.000000000,0.000000000,0.000000000,0.000000000,0.000000000,-1.512374759,0.000000000,0.000000000,0.000000000,0.000000000,0.000000000,0.150270301
32,0.158333,0.000000000,0.000000000,0.343798429,1.000000000,0.000000000,0.000000000,0.000000000,0.000000000,0.000000000,-1.553249717,0.000000000,0.000000000,0.000000000,0.000000000,0.000000000,0.143798429
33,0.162500,0.000000000,0.000000000,0.337156236,1.000000000,0.000000000,0.000000000,0.000000000,0.000000000,0.000000000,-1.594124675,0.000000000,0.000000000,0.000000000,0.000000000,0.000000000,0.137156236
34,0.166667,0.000000000,0.000000000,0.330343723,1.000000000,0.000000000,0.000000000,0.000000000,0.000000000,0.000000000,-1.634999633,0.000000000,0.000000000,0.000000000,0.000000000,0.000000000,0.130343723
35,0.170833,0.000000000,0.000000000,0.323360920,1.000000000,0.000000000,0.000000000,0.000000000,0.000000000,0.000000000,-1.675874591,0.000000000,0.000000000,0.000000000,0.000000000,0.000000000,0.123360920
36,0.175000,0.000000000,0.000000000,0.316207796,1.000000000,0.000000000,0.000000000,0.000000000,0.000000000,0.000000000,-1.716749549,0.000000000,0.000000000,0.000000000,0.000000000,0.000000000,0.116207796
37,0.179167,0.000000000,0.000000000,0.308884352,1.000000000,0.000000000,0.000000000,0.000000000,0.000000000,0.000000000,-1.757624507,0.000000000,0.000000000,0.000000000,0.000000000,0.000000000,0.108884352
38,0.183333,0.000000000,0.000000000,0.301390618,1.000000000,0.000000000,0.000000000,0.000000000,0.000000000,0.000000000,-1.798499465,0.000000000,0.000000000,0.000000000,0.000000000,0.000000000,0.101390618
39,0.187500,0.000000000,0.000000000,0.293726563,1.000000000,0.000000000,0.000000000,0.000000000,0.000000000,0.000000000,-1.839374423,0.000000000,0.000000000,0.000000000,0.000000000,0.000000000,0.093726563
40,0.191667,0.000000000,0.000000000,0.285892189,1.000000000,0.000000000,0.000000000,0.000000000,0.000000000,0.000000000,-1.880249381,0.000000000,0.000000000,0.000000000,0.000000000,0.000000000,0.085892189
41,0.195833,0.000000000,0.000000000,0.277887493,1.000000000,0.000000000,0.000000000,0.000000000,0.000000000,0.000000000,-1.921124339,0.000000000,0.000000000,0.000000000,0.000000000,0.000000000,0.077887493
42,0.200000,0.000000000,0.000000000,0.269712508,1.000000000,0.000000000,0.000000000,0.000000000,0.000000000,0.000000000,-1.961999297,0.000000000,0.000000000,0.000000000,0.000000000,0.000000000,0.069712508
43,0.204167,0.000000000,0.000000000,0.261367202,1.000000000,0.000000000,0.000000000,0.000000000,0.000000000,0.000000000,-2.002874374,0.000000000,0.000000000,0.000000000,0.000000000,0.000000000,0.061367202
44,0.208333,0.000000000,0.000000000,0.252851576,1.000000000,0.000000000,0.000000000,0.000000000,0.000000000,0.000000000,-2.043749332,0.000000000,0.000000000,0.000000000,0.000000000,0.000000000,0.052851576
45,0.212500,0.000000000,0.000000000,0.244165644,1.000000000,0.000000000,0.000000000,0.000000000,0.000000000,0.000000000,-2.084624290,0.000000000,0.000000000,0.000000000,0.000000000,0.000000000,0.044165644
46,0.216667,0.000000000,0.000000000,0.235309392,1.000000000,0.000000000,0.000000000,0.000000000,0.000000000,0.000000000,-2.125499249,0.000000000,0.000000000,0.000000000,0.000000000,0.000000000,0.035309392
47,0.220833,0.000000000,0.000000000,0.226282835,1.000000000,0.000000000,0.000000000,0.000000000,0.000000000,0.000000000,-2.166374207,0.000000000,0.000000000,0.000000000,0.000000000,0.000000000,0.026282835
48,0.225000,0.000000000,0.000000000,0.217085958,1.000000000,0.000000000,0.000000000,0.000000000,0.000000000,0.000000000,-2.207249165,0.000000000,0.000000000,0.000000000,0.000000000,0.000000000,0.017085958
49,0.229167,0.000065825,0.000082714,0.224991783,0.999998927,-0.001129230,0.000862913,-0.000010245,-0.031109158,-0.044997569,-0.028418347,-1.050459981,1.467792869,0.019010970,0.000065825,0.000082714,0.024991783
50,0.233333,-0.000041174,-0.000061019,0.225000203,0.999999940,0.000001730,-0.000000329,0.000011914,-0.011641330,-0.016548343,-0.000347691,0.002076114,-0.002626624,0.003329165,-0.000041174,-0.000061019,0.025000203
51,0.237500,-0.000043747,-0.000064651,0.224999994,1.000000000,0.000000203,0.000000185,0.000012228,0.000202054,0.000317575,-0.000004920,-0.000108371,-0.000169517,-0.000143376,-0.000043747,-0.000064651,0.024999994
52,0.241667,-0.000043745,-0.000064657,0.224999994,1.000000000,0.000000195,0.000000072,0.000012228,-0.000132022,-0.000109362,-0.000016787,0.003260534,-0.003450295,-0.000044135,-0.000043745,-0.000064657,0.024999994
53,0.245833,-0.000043837,-0.000064737,0.224999994,1.000000000,0.000001063,-0.000000612,0.000012233,0.000013231,-0.000037296,-0.000052301,0.002564827,0.000004736,0.000004768,-0.000043837,-0.000064737,0.024999994
54,0.250000,-0.000043828,-0.000064738,0.224999994,1.000000000,0.000001307,-0.000000531,0.000012199,0.000028503,-0.000014831,-0.000054079,0.002119026,0.000305448,-0.000004805,-0.000043828,-0.000064738,0.024999994
55,0.254167,-0.000043829,-0.000064737,0.224999994,0.999999940,0.000001394,-0.000000813,0.000012247,0.000026328,-0.000015478,-0.000053204,0.002102161,0.000261477,-0.000005819,-0.000043829,-0.000064737,0.024999994
56,0.258333,-0.000043828,-0.000064737,0.224999994,0.999999940,0.000001325,-0.000000695,0.000012261,0.000026527,-0.000015657,-0.000053292,0.002109286,0.000266372,-0.000005448,-0.000043828,-0.000064737,0.024999994
57,0.262500,-0.000043828,-0.000064736,0.224999994,1.000000000,0.000001353,-0.000000754,0.000012250,0.000026390,-0.000015630,-0.000053243,0.002107154,0.000263025,-0.000005593,-0.000043828,-0.000064736,0.024999994
58,0.266667,-0.000043828,-0.000064736,0.224999994,1.000000000,0.000001258,-0.000000666,0.000012252,0.000026348,-0.000015749,-0.000053250,0.002109825,0.000262484,-0.000005514,-0.000043828,-0.000064736,0.024999994
59,0.270833,-0.000043829,-0.000064736,0.224999994,0.999999940,0.000001305,-0.000000708,0.000012252,0.000026386,-0.000015717,-0.000053218,0.002108251,0.000263447,-0.000005468,-0.000043829,-0.000064736,0.024999994
60,0.275000,-0.000043829,-0.000064735,0.224999994,1.000000000,0.000001354,-0.000000740,0.000012241,0.000026375,-0.000015657,-0.000053229,0.002107390,0.000262779,-0.000005562,-0.000043829,-0.000064735,0.024999994
61,0.279167,-0.000043827,-0.000064736,0.224999994,1.000000000,0.000001261,-0.000000658,0.000012244,0.000026689,-0.000015563,-0.000053324,0.002108225,0.000269948,-0.000005390,-0.000043827,-0.000064736,0.024999994
62,0.283333,-0.000043828,-0.000064736,0.224999994,0.999999940,0.000001308,-0.000000700,0.000012245,0.000026374,-0.000015707,-0.000053212,0.002107796,0.000263265,-0.000005489,-0.000043828,-0.000064736,0.024999994
63,0.287500,-0.000043828,-0.000064735,0.224999994,1.000000000,0.000001357,-0.000000733,0.000012257,0.000026414,-0.000015620,-0.000053236,0.002106884,0.000263461,-0.000005570,-0.000043828,-0.000064735,0.024999994
64,0.291667,-0.000043828,-0.000064737,0.224999994,1.000000000,0.000001399,-0.000000780,0.000012259,0.000026258,-0.000015964,-0.000053246,0.002114034,0.000261472,-0.000005371,-0.000043828,-0.000064737,0.024999994
65,0.295833,-0.000043827,-0.000064737,0.224999994,1.000000000,0.000001309,-0.000000687,0.000012250,0.000026521,-0.000015652,-0.000053316,0.002109798,0.000266085,-0.000005481,-0.000043827,-0.000064737,0.024999994
66,0.300000,-0.000043828,-0.000064737,0.224999994,0.999999940,0.000001359,-0.000000721,0.000012251,0.000026361,-0.000015727,-0.000053233,0.002108793,0.000262889,-0.000005503,-0.000043828,-0.000064737,0.024999994
67,0.304167,-0.000043827,-0.000064736,0.224999994,0.999999940,0.000001375,-0.000000793,0.000012254,0.000026526,-0.000015576,-0.000053297,0.002107632,0.000265941,-0.000005544,-0.000043827,-0.000064736,0.024999994
68,0.308333,-0.000043828,-0.000064735,0.224999994,0.999999940,0.000001280,-0.000000694,0.000012243,0.000026247,-0.000015633,-0.000053233,0.002106935,0.000259316,-0.000005752,-0.000043828,-0.000064735,0.024999994
69,0.312500,-0.000043828,-0.000064736,0.224999994,1.000000000,0.000001331,-0.000000735,0.000012244,0.000026492,-0.000015760,-0.000053257,0.002110321,0.000266199,-0.000005328,-0.000043828,-0.000064736,0.024999994
70,0.316667,-0.000043829,-0.000064737,0.224999994,1.000000000,0.000001369,-0.000000782,0.000012245,0.000026137,-0.000015935,-0.000053205,0.002112225,0.000258368,-0.000005507,-0.000043829,-0.000064737,0.024999994
71,0.320833,-0.000043830,-0.000064736,0.224999994,1.000000000,0.000001274,-0.000000687,0.000012246,0.000026219,-0.000015746,-0.000053232,0.002109310,0.000259167,-0.000005657,-0.000043830,-0.000064736,0.024999994
72,0.325000,-0.000043829,-0.000064735,0.224999994,0.999999940,0.000001321,-0.000000726,0.000012247,0.000026597,-0.000015529,-0.000053265,0.002105945,0.000267480,-0.000005479,-0.000043829,-0.000064735,0.024999994
73,0.329167,-0.000043827,-0.000064736,0.224999994,1.000000000,0.000001351,-0.000000584,0.000012212,0.000026801,-0.000015579,-0.000053344,0.002109004,0.000272960,-0.000005254,-0.000043827,-0.000064736,0.024999994
74,0.333333,-0.000043828,-0.000064736,0.224999994,0.999999940,0.000001469,-0.000000827,0.000012248,0.000026144,-0.000015828,-0.000053212,0.002109949,0.000258163,-0.000005639,-0.000043828,-0.000064736,0.024999994
75,0.337500,-0.000043827,-0.000064736,0.224999994,0.999999940,0.000001492,-0.000000883,0.000012251,0.000026495,-0.000015614,-0.000053335,0.002109547,0.000265118,-0.000005580,-0.000043827,-0.000064736,0.024999994
76,0.341667,-0.000043827,-0.000064735,0.224999994,0.999999940,0.000001390,-0.000000794,0.000012232,0.000026487,-0.000015606,-0.000053338,0.002109444,0.000264868,-0.000005601,-0.000043827,-0.000064735,0.024999994
77,0.345833,-0.000043828,-0.000064736,0.224999994,0.999999940,0.000001433,-0.000000830,0.000012257,0.000026092,-0.000015976,-0.000053225,0.002113606,0.000257355,-0.000005541,-0.000043828,-0.000064736,0.024999994
78,0.350000,-0.000043827,-0.000064735,0.224999994,0.999999940,0.000001343,-0.000000727,0.000012248,0.000026582,-0.000015472,-0.000053336,0.002106778,0.000266481,-0.000005637,-0.000043827,-0.000064735,0.024999994
79,0.354167,-0.000043827,-0.000064736,0.224999994,0.999999940,0.000001249,-0.000000647,0.000012250,0.000026461,-0.000015766,-0.000053269,0.002110627,0.000265590,-0.000005374,-0.000043827,-0.000064736,0.024999994
80,0.358333,-0.000043828,-0.000064734,0.224999994,1.000000000,0.000001292,-0.000000684,0.000012238,0.000026305,-0.000015585,-0.000053186,0.002104637,0.000260714,-0.000005685,-0.000043828,-0.000064734,0.024999994
81,0.362500,-0.000043828,-0.000064737,0.224999994,0.999999940,0.000001479,-0.000000857,0.000012250,0.000026227,-0.000016071,-0.000053214,0.002115295,0.000261443,-0.000005251,-0.000043828,-0.000064737,0.024999994
82,0.366667,-0.000043828,-0.000064736,0.224999994,0.999999940,0.000001525,-0.000000884,0.000012253,0.000026500,-0.000015600,-0.000053340,0.002109475,0.000265060,-0.000005595,-0.000043828,-0.000064736,0.024999994
83,0.370833,-0.000043827,-0.000064735,0.224999994,0.999999940,0.000001382,-0.000000633,0.000012207,0.000026519,-0.000015502,-0.000053358,0.002107943,0.000265022,-0.000005705,-0.000043827,-0.000064735,0.024999994
84,0.375000,-0.000043828,-0.000064736,0.224999994,0.999999940,0.000001355,-0.000000759,0.000012256,0.000026066,-0.000015989,-0.000053211,0.002113347,0.000256922,-0.000005550,-0.000043828,-0.000064736,0.024999994
85,0.379167,-0.000043829,-0.000064735,0.224999994,0.999999940,0.000001259,-0.000000670,0.000012246,0.000026367,-0.000015680,-0.000053256,0.002108678,0.000262473,-0.000005574,-0.000043829,-0.000064735,0.024999994
86,0.383333,-0.000043829,-0.000064736,0.224999994,1.000000000,0.000001308,-0.000000712,0.000012258,0.000026345,-0.000015821,-0.000053215,0.002110261,0.000263027,-0.000005397,-0.000043829,-0.000064736,0.024999994
87,0.387500,-0.000043830,-0.000064736,0.224999994,0.999999940,0.000001359,-0.000000744,0.000012246,0.000026217,-0.000015805,-0.000053204,0.002109630,0.000259672,-0.000005558,-0.000043830,-0.000064736,0.024999994
88,0.391667,-0.000043827,-0.000064736,0.224999994,0.999999940,0.000001241,-0.000000482,0.000012200,0.000026869,-0.000015470,-0.000053365,0.002107586,0.000273818,-0.000005319,-0.000043827,-0.000064736,0.024999994
89,0.395833,-0.000043827,-0.000064736,0.224999994,0.999999940,0.000001497,-0.000000862,0.000012248,0.000026539,-0.000015527,-0.000053233,0.002104560,0.000266550,-0.000005528,-0.000043827,-0.000064736,0.024999994
90,0.400000,-0.000043828,-0.000064735,0.224999994,0.999999940,0.000001373,-0.000000792,0.000012250,0.000026122,-0.000015806,-0.000053270,0.002111390,0.000256985,-0.000005749,-0.000043828,-0.000064735,0.024999994
91,0.404167,-0.000043826,-0.000064736,0.224999994,0.999999940,0.000001307,-0.000000678,0.000012242,0.000026660,-0.000015675,-0.000053337,0.002110949,0.000269665,-0.000005304,-0.000043826,-0.000064736,0.024999994
92,0.408333,-0.000043827,-0.000064734,0.224999994,1.000000000,0.000001332,-0.000000733,0.000012254,0.000026256,-0.000015610,-0.000053208,0.002105632,0.000259624,-0.000005746,-0.000043827,-0.000064734,0.024999994
93,0.412500,-0.000043829,-0.000064736,0.224999994,1.000000000,0.000001372,-0.000000781,0.000012243,0.000026084,-0.000016074,-0.000053197,0.002114898,0.000257776,-0.000005400,-0.000043829,-0.000064736,0.024999994
94,0.416667,-0.000043830,-0.000064736,0.224999994,1.000000000,0.000001279,-0.000000687,0.000012256,0.000026194,-0.000015834,-0.000053237,0.002111183,0.000258981,-0.000005589,-0.000043830,-0.000064736,0.024999994
95,0.420833,-0.000043829,-0.000064736,0.224999994,0.999999940,0.000001328,-0.000000727,0.000012246,0.000026534,-0.000015655,-0.000053263,0.002108359,0.000266669,-0.000005405,-0.000043829,-0.000064736,0.024999994
96,0.425000,-0.000043827,-0.000064736,0.224999994,1.000000000,0.000001381,-0.000000763,0.000012249,0.000026891,-0.000015363,-0.000053349,0.002104954,0.000273839,-0.000005401,-0.000043827,-0.000064736,0.024999994
97,0.429167,-0.000043828,-0.000064737,0.224999994,1.000000000,0.000001422,-0.000000804,0.000012250,0.000026105,-0.000015943,-0.000053211,0.002112405,0.000257721,-0.000005545,-0.000043828,-0.000064737,0.024999994
98,0.433333,-0.000043827,-0.000064737,0.224999994,1.000000000,0.000001466,-0.000000840,0.000012241,0.000026479,-0.000015703,-0.000053320,0.002110929,0.000265250,-0.000005476,-0.000043827,-0.000064737,0.024999994
99,0.437500,-0.000043827,-0.000064737,0.224999994,1.000000000,0.000001513,-0.000000869,0.000012256,0.000026485,-0.000015672,-0.000053335,0.002110672,0.000265234,-0.000005531,-0.000043827,-0.000064737,0.024999994
100,0.441667,-0.000043829,-0.000064736,0.224999994,1.000000000,0.000001388,-0.000000796,0.000012235,0.000026014,-0.000015775,-0.000053242,0.002109986,0.000254127,-0.000005881,-0.000043829,-0.000064736,0.024999994
101,0.445833,-0.000043829,-0.000064736,0.224999994,1.000000000,0.000001429,-0.000000833,0.000012237,0.000026342,-0.000015775,-0.000053272,0.002111146,0.000262235,-0.000005513,-0.000043829,-0.000064736,0.024999994
102,0.450000,-0.000043827,-0.000064735,0.224999994,1.000000000,0.000001319,-0.000000552,0.000012214,0.000026714,-0.000015467,-0.000053367,0.002107578,0.000269749,-0.000005520,-0.000043827,-0.000064735,0.024999994
103,0.454167,-0.000043828,-0.000064738,0.224999994,0.999999940,0.000001439,-0.000000808,0.000012251,0.000026165,-0.000016086,-0.000053215,0.002115359,0.000260136,-0.000005315,-0.000043828,-0.000064738,0.024999994
104,0.458333,-0.000043828,-0.000064734,0.224999994,0.999999940,0.000001322,-0.000000730,0.000012252,0.000026464,-0.000015370,-0.000053301,0.002103624,0.000263034,-0.000005866,-0.000043828,-0.000064734,0.024999994
105,0.462500,-0.000043827,-0.000064736,0.224999994,0.999999940,0.000001228,-0.000000650,0.000012255,0.000026468,-0.000015772,-0.000053267,0.002110715,0.000265704,-0.000005356,-0.000043827,-0.000064736,0.024999994
106,0.466667,-0.000043827,-0.000064736,0.224999994,1.000000000,0.000001295,-0.000000672,0.000012244,0.000026587,-0.000015593,-0.000053239,0.002106401,0.000267829,-0.000005387,-0.000043827,-0.000064736,0.024999994
107,0.470833,-0.000043829,-0.000064737,0.224999994,0.999999940,0.000001344,-0.000000706,0.000012255,0.000025962,-0.000016030,-0.000053143,0.002112230,0.000254761,-0.000005546,-0.000043829,-0.000064737,0.024999994
108,0.475000,-0.000043828,-0.000064735,0.224999994,1.000000000,0.000001373,-0.000000761,0.000012245,0.000026614,-0.000015452,-0.000053302,0.002105476,0.000267282,-0.000005585,-0.000043828,-0.000064735,0.024999994
109,0.479167,-0.000043827,-0.000064737,0.224999994,1.000000000,0.000001417,-0.000000808,0.000012259,0.000026432,-0.000015855,-0.000053290,0.002113021,0.000265179,-0.000005331,-0.000043827,-0.000064737,0.024999994
110,0.483333,-0.000043828,-0.000064737,0.224999994,1.000000000,0.000001460,-0.000000841,0.000012238,0.000026316,-0.000015767,-0.000053283,0.002111057,0.000261722,-0.000005563,-0.000043828,-0.000064737,0.024999994
111,0.487500,-0.000043828,-0.000064738,0.224999994,1.000000000,0.000001508,-0.000000872,0.000012253,0.000026285,-0.000015870,-0.000053290,0.002113440,0.000261343,-0.000005495,-0.000043828,-0.000064738,0.024999994
112,0.491667,-0.000043829,-0.000064736,0.224999994,1.000000000,0.000001380,-0.000000801,0.000012255,0.000026233,-0.000015578,-0.000053286,0.002107398,0.000258338,-0.000005892,-0.000043829,-0.000064736,0.024999994
113,0.495833,-0.000043827,-0.000064736,0.224999994,1.000000000,0.000001287,-0.000000506,0.000012209,0.000026849,-0.000015497,-0.000053366,0.002108188,0.000273364,-0.000005311,-0.000043827,-0.000064736,0.024999994
114,0.500000,-0.000043829,-0.000064735,0.224999994,0.999999940,0.000001376,-0.000000782,0.000012243,0.000025985,-0.000015841,-0.000053147,0.002108434,0.000254374,-0.000005753,-0.000043829,-0.000064735,0.024999994
115,0.504167,-0.000043828,-0.000064736,0.224999994,0.999999940,0.000001418,-0.000000826,0.000012246,0.000026463,-0.000015798,-0.000053299,0.002112256,0.000265482,-0.000005365,-0.000043828,-0.000064736,0.024999994
116,0.508333,-0.000043828,-0.000064736,0.224999994,0.999999940,0.000001328,-0.000000729,0.000012249,0.000026513,-0.000015580,-0.000053315,0.002108295,0.000265491,-0.000005578,-0.000043828,-0.000064736,0.024999994
117,0.512500,-0.000043827,-0.000064735,0.224999994,1.000000000,0.000001379,-0.000000761,0.000012250,0.000026552,-0.000015551,-0.000053274,0.002106525,0.000266568,-0.000005520,-0.000043827,-0.000064735,0.024999994
118,0.516667,-0.000043828,-0.000064738,0.224999994,1.000000000,0.000001424,-0.000000803,0.000012252,0.000026028,-0.000016168,-0.000053215,0.002117065,0.000256979,-0.000005380,-0.000043828,-0.000064738,0.024999994
119,0.520833,-0.000043828,-0.000064736,0.224999994,1.000000000,0.000001333,-0.000000704,0.000012243,0.000026568,-0.000015486,-0.000053327,0.002106860,0.000266202,-0.000005629,-0.000043828,-0.000064736,0.024999994
120,0.525000,-0.000043828,-0.000064736,0.224999994,1.000000000,0.000001348,-0.000000778,0.000012245,0.000026331,-0.000015751,-0.000053245,0.002109665,0.000262151,-0.000005527,-0.000043828,-0.000064736,0.024999994
121,0.529167,-0.000043828,-0.000064736,0.224999994,1.000000000,0.000001276,-0.000000662,0.000012246,0.000026360,-0.000015742,-0.000053254,0.002109810,0.000262708,-0.000005510,-0.000043828,-0.000064736,0.024999994
122,0.533333,-0.000043827,-0.000064736,0.224999994,0.999999940,0.000001324,-0.000000701,0.000012247,0.000026592,-0.000015523,-0.000053265,0.002105698,0.000267438,-0.000005492,-0.000043827,-0.000064736,0.024999994
123,0.537500,-0.000043827,-0.000064736,0.224999994,1.000000000,0.000001375,-0.000000738,0.000012237,0.000026535,-0.000015630,-0.000053267,0.002107837,0.000266671,-0.000005437,-0.000043827,-0.000064736,0.024999994
124,0.541667,-0.000043830,-0.000064736,0.224999994,1.000000000,0.000001390,-0.000000801,0.000012248,0.000025828,-0.000016018,-0.000053151,0.002112205,0.000251215,-0.000005737,-0.000043830,-0.000064736,0.024999994
125,0.545833,-0.000043828,-0.000064736,0.224999994,1.000000000,0.000001301,-0.000000710,0.000012252,0.000026688,-0.000015593,-0.000053352,0.002109786,0.000269760,-0.000005384,-0.000043828,-0.000064736,0.024999994
126,0.550000,-0.000043828,-0.000064736,0.224999994,0.999999940,0.000001351,-0.000000744,0.000012253,0.000026355,-0.000015722,-0.000053229,0.002108619,0.000262674,-0.000005514,-0.000043828,-0.000064736,0.024999994
127,0.554167,-0.000043828,-0.000064735,0.224999994,0.999999940,0.000001256,-0.000000658,0.000012232,0.000026549,-0.000015562,-0.000053289,0.002107199,0.000266432,-0.000005520,-0.000043828,-0.000064735,0.024999994
128,0.558333,-0.000043827,-0.000064735,0.224999994,1.000000000,0.000001301,-0.000000701,0.000012256,0.000026578,-0.000015526,-0.000053247,0.002105238,0.000267207,-0.000005492,-0.000043827,-0.000064735,0.024999994
129,0.562500,-0.000043827,-0.000064737,0.224999994,0.999999940,0.000001488,-0.000000870,0.000012257,0.000026272,-0.000015943,-0.000053225,0.002112953,0.000261892,-0.000005355,-0.000043827,-0.000064737,0.024999994
130,0.566667,-0.000043826,-0.000064736,0.224999994,0.999999940,0.000001366,-0.000000600,0.000012212,0.000026642,-0.000015534,-0.000053380,0.002109251,0.000268240,-0.000005539,-0.000043826,-0.000064736,0.024999994
131,0.570833,-0.000043827,-0.000064736,0.224999994,1.000000000,0.000001483,-0.000000844,0.000012247,0.000026135,-0.000015849,-0.000053208,0.002110390,0.000257943,-0.000005621,-0.000043827,-0.000064736,0.024999994
132,0.575000,-0.000043829,-0.000064736,0.224999994,1.000000000,0.000001359,-0.000000776,0.000012249,0.000025945,-0.000015993,-0.000053235,0.002114273,0.000253548,-0.000005707,-0.000043829,-0.000064736,0.024999994
133,0.579167,-0.000043829,-0.000064736,0.224999994,1.000000000,0.000001266,-0.000000686,0.000012252,0.000026568,-0.000015566,-0.000053308,0.002107932,0.000266738,-0.000005518,-0.000043829,-0.000064736,0.024999994
134,0.583333,-0.000043829,-0.000064736,0.224999994,0.999999940,0.000001335,-0.000000699,0.000012252,0.000026391,-0.000015705,-0.000053213,0.002107876,0.000263525,-0.000005472,-0.000043829,-0.000064736,0.024999994
135,0.587500,-0.000043828,-0.000064734,0.224999994,1.000000000,0.000001364,-0.000000754,0.000012242,0.000026600,-0.000015441,-0.000053292,0.002104840,0.000267038,-0.000005605,-0.000043828,-0.000064734,0.024999994
136,0.591667,-0.000043828,-0.000064736,0.224999994,1.000000000,0.000001405,-0.000000802,0.000012244,0.000026252,-0.000015960,-0.000053241,0.002113668,0.000261406,-0.000005377,-0.000043828,-0.000064736,0.024999994
137,0.595833,-0.000043829,-0.000064736,0.224999994,1.000000000,0.000001447,-0.000000839,0.000012246,0.000026331,-0.000015764,-0.000053276,0.002110881,0.000261989,-0.000005544,-0.000043829,-0.000064736,0.024999994
138,0.600000,-0.000043829,-0.000064736,0.224999994,1.000000000,0.000001492,-0.000000869,0.000012248,0.000026310,-0.000015780,-0.000053288,0.002111536,0.000261488,-0.000005564,-0.000043829,-0.000064736,0.024999994
139,0.604167,-0.000043829,-0.000064736,0.224999994,1.000000000,0.000001392,-0.000000778,0.000012252,0.000026292,-0.000015795,-0.000053308,0.002112380,0.000261036,-0.000005590,-0.000043829,-0.000064736,0.024999994
140,0.608333,-0.000043828,-0.000064737,0.224999994,1.000000000,0.000001303,-0.000000687,0.000012256,0.000026672,-0.000015579,-0.000053346,0.002109180,0.000269448,-0.000005414,-0.000043828,-0.000064737,0.024999994
141,0.612500,-0.000043828,-0.000064737,0.224999994,0.999999940,0.000001354,-0.000000722,0.000012256,0.000026356,-0.000015723,-0.000053230,0.002108581,0.000262769,-0.000005512,-0.000043828,-0.000064737,0.024999994
142,0.616667,-0.000043827,-0.000064735,0.224999994,0.999999940,0.000001235,-0.000000660,0.000012247,0.000026551,-0.000015487,-0.000053294,0.002105825,0.000266062,-0.000005615,-0.000043827,-0.000064735,0.024999994
143,0.620833,-0.000043827,-0.000064735,0.224999994,1.000000000,0.000001302,-0.000000678,0.000012247,0.000026601,-0.000015512,-0.000053238,0.002104710,0.000267707,-0.000005462,-0.000043827,-0.000064735,0.024999994
144,0.625000,-0.000043829,-0.000064736,0.224999994,0.999999940,0.000001487,-0.000000842,0.000012247,0.000025929,-0.000016129,-0.000053151,0.002114568,0.000254378,-0.000005480,-0.000043829,-0.000064736,0.024999994
145,0.629167,-0.000043829,-0.000064735,0.224999994,0.999999940,0.000001510,-0.000000890,0.000012249,0.000026365,-0.000015609,-0.000053317,0.002108988,0.000261728,-0.000005725,-0.000043829,-0.000064735,0.024999994
146,0.633333,-0.000043827,-0.000064736,0.224999994,0.999999940,0.000001392,-0.000000622,0.000012216,0.000026733,-0.000015649,-0.000053416,0.002112620,0.000271149,-0.000005336,-0.000043827,-0.000064736,0.024999994
147,0.637500,-0.000043828,-0.000064735,0.224999994,1.000000000,0.000001488,-0.000000885,0.000012241,0.000026125,-0.000015777,-0.000053226,0.002109321,0.000257321,-0.000005736,-0.000043828,-0.000064735,0.024999994
148,0.641667,-0.000043828,-0.000064736,0.224999994,1.000000000,0.000001388,-0.000000793,0.000012244,0.000026299,-0.000015803,-0.000053307,0.002112610,0.000261212,-0.000005572,-0.000043828,-0.000064736,0.024999994
149,0.645833,-0.000043828,-0.000064736,0.224999994,1.000000000,0.000001430,-0.000000831,0.000012246,0.000026330,-0.000015765,-0.000053271,0.002110804,0.000261987,-0.000005540,-0.000043828,-0.000064736,0.024999994
150,0.650000,-0.000043829,-0.000064736,0.224999994,1.000000000,0.000001475,-0.000000861,0.000012248,0.000026310,-0.000015780,-0.000053289,0.002111570,0.000261530,-0.000005567,-0.000043829,-0.000064736,0.024999994
151,0.654167,-0.000043829,-0.000064737,0.224999994,1.000000000,0.000001375,-0.000000774,0.000012240,0.000026278,-0.000015877,-0.000053299,0.002113856,0.000261186,-0.000005501,-0.000043829,-0.000064737,0.024999994
152,0.658333,-0.000043829,-0.000064737,0.224999994,1.000000000,0.000001283,-0.000000683,0.000012266,0.000026338,-0.000015756,-0.000053264,0.002110413,0.000262143,-0.000005537,-0.000043829,-0.000064737,0.024999994
153,0.662500,-0.000043828,-0.000064737,0.224999994,0.999999940,0.000001333,-0.000000726,0.000012244,0.000026720,-0.000015539,-0.000053301,0.002107131,0.000270659,-0.000005350,-0.000043828,-0.000064737,0.024999994
154,0.666667,-0.000043827,-0.000064735,0.224999994,1.000000000,0.000001381,-0.000000756,0.000012245,0.000026633,-0.000015328,-0.000053277,0.002102052,0.000267310,-0.000005682,-0.000043827,-0.000064735,0.024999994
155,0.670833,-0.000043828,-0.000064738,0.224999994,1.000000000,0.000001425,-0.000000798,0.000012247,0.000026027,-0.000016169,-0.000053208,0.002116963,0.000256942,-0.000005372,-0.000043828,-0.000064738,0.024999994
156,0.675000,-0.000043827,-0.000064737,0.224999994,1.000000000,0.000001335,-0.000000700,0.000012250,0.000026543,-0.000015575,-0.000053328,0.002108745,0.000266024,-0.000005561,-0.000043827,-0.000064737,0.024999994
157,0.679167,-0.000043828,-0.000064737,0.224999994,1.000000000,0.000001351,-0.000000774,0.000012252,0.000026331,-0.000015750,-0.000053247,0.002109651,0.000262172,-0.000005530,-0.000043828,-0.000064737,0.024999994
158,0.683333,-0.000043828,-0.000064737,0.224999994,1.000000000,0.000001279,-0.000000658,0.000012253,0.000026360,-0.000015742,-0.000053253,0.002109872,0.000262688,-0.000005510,-0.000043828,-0.000064737,0.024999994
159,0.687500,-0.000043827,-0.000064736,0.224999994,0.999999940,0.000001325,-0.000000696,0.000012242,0.000026616,-0.000015434,-0.000053263,0.002103907,0.000267510,-0.000005561,-0.000043827,-0.000064736,0.024999994
160,0.691667,-0.000043826,-0.000064736,0.224999994,1.000000000,0.000001376,-0.000000735,0.000012245,0.000026685,-0.000015556,-0.000053297,0.002107235,0.000269965,-0.000005373,-0.000043826,-0.000064736,0.024999994
161,0.695833,-0.000043829,-0.000064737,0.224999994,1.000000000,0.000001394,-0.000000799,0.000012244,0.000025759,-0.000016139,-0.000053143,0.002114407,0.000250175,-0.000005669,-0.000043829,-0.000064737,0.024999994
162,0.700000,-0.000043829,-0.000064737,0.224999994,1.000000000,0.000001435,-0.000000836,0.000012246,0.000026348,-0.000015779,-0.000053282,0.002111522,0.000262334,-0.000005510,-0.000043829,-0.000064737,0.024999994
163,0.704167,-0.000043828,-0.000064737,0.224999994,1.000000000,0.000001458,-0.000000689,0.000012212,0.000026650,-0.000015593,-0.000053362,0.002109987,0.000268873,-0.000005445,-0.000043828,-0.000064737,0.024999994
164,0.708333,-0.000043829,-0.000064736,0.224999994,1.000000000,0.000001410,-0.000000826,0.000012249,0.000026140,-0.000015700,-0.000053252,0.002108591,0.000257090,-0.000005838,-0.000043829,-0.000064736,0.024999994
165,0.712500,-0.000043830,-0.000064735,0.224999994,1.000000000,0.000001318,-0.000000724,0.000012250,0.000026202,-0.000015765,-0.000053244,0.002110023,0.000258753,-0.000005667,-0.000043830,-0.000064735,0.024999994
166,0.716667,-0.000043828,-0.000064736,0.224999994,0.999999940,0.000001374,-0.000000760,0.000012241,0.000026681,-0.000015649,-0.000053321,0.002109929,0.000270199,-0.000005292,-0.000043828,-0.000064736,0.024999994
167,0.720833,-0.000043828,-0.000064735,0.224999994,0.999999940,0.000001280,-0.000000670,0.000012244,0.000026525,-0.000015559,-0.000053294,0.002107148,0.000265861,-0.000005565,-0.000043828,-0.000064735,0.024999994
168,0.725000,-0.000043827,-0.000064736,0.224999994,1.000000000,0.000001332,-0.000000711,0.000012245,0.000026482,-0.000015751,-0.000053253,0.002109912,0.000266024,-0.000005349,-0.000043827,-0.000064736,0.024999994
169,0.729167,-0.000043828,-0.000064737,0.224999994,1.000000000,0.000001369,-0.000000759,0.000012246,0.000026137,-0.000015936,-0.000053205,0.002112247,0.000258347,-0.000005506,-0.000043828,-0.000064737,0.024999994
170,0.733333,-0.000043828,-0.000064735,0.224999994,1.000000000,0.000001272,-0.000000667,0.000012248,0.000026649,-0.000015344,-0.000053309,0.002103425,0.000267608,-0.000005678,-0.000043828,-0.000064735,0.024999994
171,0.737500,-0.000043827,-0.000064736,0.224999994,0.999999940,0.000001323,-0.000000708,0.000012250,0.000026495,-0.000015735,-0.000053250,0.002109471,0.000266330,-0.000005348,-0.000043827,-0.000064736,0.024999994
172,0.741667,-0.000043828,-0.000064735,0.224999994,1.000000000,0.000001373,-0.000000735,0.000012249,0.000026210,-0.000015734,-0.000053204,0.002108201,0.000259043,-0.000005652,-0.000043828,-0.000064735,0.024999994
173,0.745833,-0.000043829,-0.000064737,0.224999994,1.000000000,0.000001394,-0.000000804,0.000012239,0.000026055,-0.000016095,-0.000053218,0.002115781,0.000257126,-0.000005432,-0.000043829,-0.000064737,0.024999994
174,0.750000,-0.000043828,-0.000064737,0.224999994,1.000000000,0.000001304,-0.000000714,0.000012243,0.000026678,-0.000015583,-0.000053354,0.002109563,0.000269496,-0.000005411,-0.000043828,-0.000064737,0.024999994
175,0.754167,-0.000043828,-0.000064735,0.224999994,0.999999940,0.000001351,-0.000000746,0.000012243,0.000026444,-0.000015507,-0.000053234,0.002104370,0.000263726,-0.000005658,-0.000043828,-0.000064735,0.024999994
176,0.758333,-0.000043828,-0.000064735,0.224999994,0.999999940,0.000001255,-0.000000658,0.000012257,0.000026395,-0.000015636,-0.000053250,0.002107508,0.000263077,-0.000005588,-0.000043828,-0.000064735,0.024999994
177,0.762500,-0.000043828,-0.000064736,0.224999994,1.000000000,0.000001304,-0.000000703,0.000012235,0.000026498,-0.000015747,-0.000053248,0.002109736,0.000266353,-0.000005322,-0.000043828,-0.000064736,0.024999994
178,0.766667,-0.000043828,-0.000064736,0.224999994,0.999999940,0.000001355,-0.000000737,0.000012235,0.000026360,-0.000015727,-0.000053235,0.002108898,0.000262771,-0.000005506,-0.000043828,-0.000064736,0.024999994
179,0.770833,-0.000043827,-0.000064735,0.224999994,0.999999940,0.000001260,-0.000000651,0.000012261,0.000026545,-0.000015561,-0.000053288,0.002107110,0.000266354,-0.000005534,-0.000043827,-0.000064735,0.024999994
180,0.775000,-0.000043827,-0.000064736,0.224999994,1.000000000,0.000001309,-0.000000696,0.000012239,0.000026492,-0.000015743,-0.000053245,0.002109548,0.000266275,-0.000005334,-0.000043827,-0.000064736,0.024999994
181,0.779167,-0.000043829,-0.000064736,0.224999994,0.999999940,0.000001359,-0.000000725,0.000012238,0.000026020,-0.000015912,-0.000053161,0.002110465,0.000255425,-0.000005629,-0.000043829,-0.000064736,0.024999994
182,0.783333,-0.000043828,-0.000064735,0.224999994,0.999999940,0.000001240,-0.000000662,0.000012252,0.000026601,-0.000015459,-0.000053307,0.002105770,0.000266996,-0.000005603,-0.000043828,-0.000064735,0.024999994
183,0.787500,-0.000043828,-0.000064736,0.224999994,1.000000000,0.000001311,-0.000000682,0.000012253,0.000026510,-0.000015727,-0.000053233,0.002108918,0.000266641,-0.000005319,-0.000043828,-0.000064736,0.024999994
184,0.791667,-0.000043828,-0.000064736,0.224999994,0.999999940,0.000001362,-0.000000716,0.000012254,0.000026361,-0.000015726,-0.000053234,0.002108864,0.000262824,-0.000005506,-0.000043828,-0.000064736,0.024999994
185,0.795833,-0.000043827,-0.000064735,0.224999994,0.999999940,0.000001377,-0.000000788,0.000012256,0.000026526,-0.000015576,-0.000053294,0.002107672,0.000265892,-0.000005544,-0.000043827,-0.000064735,0.024999994
186,0.800000,-0.000043827,-0.000064736,0.224999994,0.999999940,0.000001419,-0.000000831,0.000012247,0.000026293,-0.000015856,-0.000053257,0.002112076,0.000261785,-0.000005461,-0.000043827,-0.000064736,0.024999994
187,0.804167,-0.000043827,-0.000064735,0.224999994,0.999999940,0.000001329,-0.000000733,0.000012250,0.000026520,-0.000015586,-0.000053317,0.002108515,0.000265652,-0.000005566,-0.000043827,-0.000064735,0.024999994
188,0.808333,-0.000043828,-0.000064735,0.224999994,1.000000000,0.000001379,-0.000000760,0.000012249,0.000026210,-0.000015736,-0.000053202,0.002108084,0.000259151,-0.000005645,-0.000043828,-0.000064735,0.024999994
189,0.812500,-0.000043827,-0.000064738,0.224999994,1.000000000,0.000001425,-0.000000806,0.000012253,0.000026381,-0.000015993,-0.000053294,0.002115966,0.000264638,-0.000005235,-0.000043827,-0.000064738,0.024999994
190,0.816667,-0.000043827,-0.000064736,0.224999994,1.000000000,0.000001333,-0.000000708,0.000012244,0.000026555,-0.000015476,-0.000053322,0.002106376,0.000265957,-0.000005652,-0.000043827,-0.000064736,0.024999994
191,0.820833,-0.000043828,-0.000064737,0.224999994,1.000000000,0.000001371,-0.000000755,0.000012245,0.000026137,-0.000015938,-0.000053197,0.002112062,0.000258476,-0.000005497,-0.000043828,-0.000064737,0.024999994
192,0.825000,-0.000043827,-0.000064736,0.224999994,1.000000000,0.000001277,-0.000000665,0.000012247,0.000026560,-0.000015559,-0.000053306,0.002107638,0.000266588,-0.000005532,-0.000043827,-0.000064736,0.024999994
193,0.829167,-0.000043827,-0.000064736,0.224999994,0.999999940,0.000001324,-0.000000705,0.000012248,0.000026585,-0.000015519,-0.000053259,0.002105456,0.000267269,-0.000005499,-0.000043827,-0.000064736,0.024999994
194,0.833333,-0.000043828,-0.000064735,0.224999994,0.999999940,0.000001226,-0.000000618,0.000012249,0.000026209,-0.000015734,-0.000053199,0.002107977,0.000259151,-0.000005649,-0.000043828,-0.000064735,0.024999994
195,0.837500,-0.000043827,-0.000064736,0.224999994,1.000000000,0.000001273,-0.000000666,0.000012250,0.000026512,-0.000015744,-0.000053242,0.002109565,0.000266750,-0.000005308,-0.000043827,-0.000064736,0.024999994
196,0.841667,-0.000043827,-0.000064735,0.224999994,0.999999940,0.000001321,-0.000000706,0.000012251,0.000026585,-0.000015518,-0.000053265,0.002105593,0.000267232,-0.000005506,-0.000043827,-0.000064735,0.024999994
197,0.845833,-0.000043828,-0.000064736,0.224999994,0.999999940,0.000001358,-0.000000753,0.000012252,0.000026120,-0.000015951,-0.000053197,0.002112257,0.000258054,-0.000005500,-0.000043828,-0.000064736,0.024999994
198,0.850000,-0.000043828,-0.000064736,0.224999994,0.999999940,0.000001264,-0.000000666,0.000012253,0.000026340,-0.000015768,-0.000053256,0.002110462,0.000262290,-0.000005507,-0.000043828,-0.000064736,0.024999994
199,0.854167,-0.000043828,-0.000064736,0.224999994,1.000000000,0.000001312,-0.000000707,0.000012254,0.000026371,-0.000015731,-0.000053216,0.002108457,0.000263163,-0.000005467,-0.000043828,-0.000064736,0.024999994
200,0.858333,-0.000043829,-0.000064737,0.224999994,0.999999940,0.000001362,-0.000000741,0.000012254,0.000026367,-0.000015732,-0.000053236,0.002109024,0.000262979,-0.000005493,-0.000043829,-0.000064737,0.024999994
201,0.862500,-0.000043828,-0.000064737,0.224999994,0.999999940,0.000001269,-0.000000656,0.000012245,0.000026523,-0.000015651,-0.000053290,0.002109002,0.000266253,-0.000005452,-0.000043828,-0.000064737,0.024999994
202,0.866667,-0.000043828,-0.000064737,0.224999994,1.000000000,0.000001316,-0.000000697,0.000012246,0.000026364,-0.000015726,-0.000053211,0.002108210,0.000262991,-0.000005476,-0.000043828,-0.000064737,0.024999994
203,0.870833,-0.000043829,-0.000064737,0.224999994,0.999999940,0.000001367,-0.000000731,0.000012246,0.000026367,-0.000015732,-0.000053235,0.002109041,0.000263011,-0.000005494,-0.000043829,-0.000064737,0.024999994
204,0.875000,-0.000043828,-0.000064736,0.224999994,0.999999940,0.000001382,-0.000000803,0.000012249,0.000026526,-0.000015576,-0.000053297,0.002107639,0.000265914,-0.000005547,-0.000043828,-0.000064736,0.024999994
205,0.879167,-0.000043827,-0.000064736,0.224999994,0.999999940,0.000001311,-0.000000684,0.000012251,0.000026544,-0.000015559,-0.000053292,0.002107274,0.000266253,-0.000005540,-0.000043827,-0.000064736,0.024999994
206,0.883333,-0.000043826,-0.000064736,0.224999994,1.000000000,0.000001363,-0.000000723,0.000012253,0.000026687,-0.000015557,-0.000053300,0.002107419,0.000269954,-0.000005375,-0.000043826,-0.000064736,0.024999994
207,0.887500,-0.000043828,-0.000064735,0.224999994,1.000000000,0.000001377,-0.000000788,0.000012242,0.000026039,-0.000015812,-0.000053187,0.002109094,0.000255313,-0.000005750,-0.000043828,-0.000064735,0.024999994
208,0.891667,-0.000043829,-0.000064737,0.224999994,1.000000000,0.000001420,-0.000000829,0.000012255,0.000026110,-0.000016056,-0.000053227,0.002115405,0.000258168,-0.000005424,-0.000043829,-0.000064737,0.024999994
209,0.895833,-0.000043830,-0.000064737,0.224999994,1.000000000,0.000001463,-0.000000859,0.000012245,0.000026136,-0.000015886,-0.000053247,0.002112528,0.000257782,-0.000005608,-0.000043830,-0.000064737,0.024999994
210,0.900000,-0.000043829,-0.000064736,0.224999994,1.000000000,0.000001355,-0.000000575,0.000012222,0.000026672,-0.000015518,-0.000053372,0.002108763,0.000268935,-0.000005519,-0.000043829,-0.000064736,0.024999994
211,0.904167,-0.000043830,-0.000064737,0.224999994,0.999999940,0.000001452,-0.000000847,0.000012247,0.000026076,-0.000015967,-0.000053205,0.002112608,0.000257240,-0.000005552,-0.000043830,-0.000064737,0.024999994
212,0.908333,-0.000043828,-0.000064736,0.224999994,0.999999940,0.000001362,-0.000000747,0.000012250,0.000026733,-0.000015398,-0.000053368,0.002106306,0.000269718,-0.000005574,-0.000043828,-0.000064736,0.024999994
213,0.912500,-0.000043828,-0.000064736,0.224999994,0.999999940,0.000001268,-0.000000663,0.000012241,0.000026512,-0.000015643,-0.000053281,0.002108431,0.000266132,-0.000005467,-0.000043828,-0.000064736,0.024999994
214,0.916667,-0.000043828,-0.000064736,0.224999994,1.000000000,0.000001315,-0.000000704,0.000012241,0.000026365,-0.000015727,-0.000053211,0.002108272,0.000263002,-0.000005476,-0.000043828,-0.000064736,0.024999994
215,0.920833,-0.000043828,-0.000064736,0.224999994,0.999999940,0.000001366,-0.000000738,0.000012242,0.000026367,-0.000015732,-0.000053234,0.002109068,0.000262942,-0.000005493,-0.000043828,-0.000064736,0.024999994
216,0.925000,-0.000043827,-0.000064737,0.224999994,0.999999940,0.000001273,-0.000000656,0.000012246,0.000026673,-0.000015577,-0.000053323,0.002108468,0.000269543,-0.000005392,-0.000043827,-0.000064737,0.024999994
217,0.929167,-0.000043829,-0.000064737,0.224999994,1.000000000,0.000001319,-0.000000692,0.000012244,0.000026018,-0.000015908,-0.000053136,0.002109612,0.000255499,-0.000005612,-0.000043829,-0.000064737,0.024999994
218,0.933333,-0.000043829,-0.000064737,0.224999994,0.999999940,0.000001370,-0.000000726,0.000012245,0.000026379,-0.000015742,-0.000053240,0.002109511,0.000263206,-0.000005471,-0.000043829,-0.000064737,0.024999994
219,0.937500,-0.000043827,-0.000064736,0.224999994,0.999999940,0.000001231,-0.000000488,0.000012211,0.000026866,-0.000015390,-0.000053370,0.002106064,0.000273307,-0.000005424,-0.000043827,-0.000064736,0.024999994
220,0.941667,-0.000043828,-0.000064735,0.224999994,0.999999940,0.000001486,-0.000000863,0.000012256,0.000026200,-0.000015715,-0.000053158,0.002106204,0.000259132,-0.000005648,-0.000043828,-0.000064735,0.024999994
221,0.945833,-0.000043827,-0.000064738,0.224999994,0.999999940,0.000001364,-0.000000598,0.000012211,0.000026353,-0.000015950,-0.000053323,0.002116020,0.000263441,-0.000005349,-0.000043827,-0.000064738,0.024999994
222,0.950000,-0.000043827,-0.000064736,0.224999994,1.000000000,0.000001479,-0.000000844,0.000012248,0.000026572,-0.000015451,-0.000053295,0.002105037,0.000266454,-0.000005641,-0.000043827,-0.000064736,0.024999994
223,0.954167,-0.000043829,-0.000064736,0.224999994,1.000000000,0.000001355,-0.000000777,0.000012250,0.000025932,-0.000015984,-0.000053224,0.002113665,0.000253310,-0.000005724,-0.000043829,-0.000064736,0.024999994
224,0.958333,-0.000043829,-0.000064736,0.224999994,1.000000000,0.000001283,-0.000000660,0.000012251,0.000026374,-0.000015753,-0.000053260,0.002110417,0.000262937,-0.000005488,-0.000043829,-0.000064736,0.024999994
225,0.962500,-0.000043827,-0.000064736,0.224999994,0.999999940,0.000001334,-0.000000705,0.000012242,0.000026869,-0.000015464,-0.000053333,0.002106533,0.000273944,-0.000005293,-0.000043827,-0.000064736,0.024999994
226,0.966667,-0.000043829,-0.000064735,0.224999994,0.999999940,0.000001212,-0.000000640,0.000012242,0.000026051,-0.000015724,-0.000053170,0.002106811,0.000255159,-0.000005823,-0.000043829,-0.000064735,0.024999994
227,0.970833,-0.000043827,-0.000064736,0.224999994,1.000000000,0.000001281,-0.000000665,0.000012255,0.000026730,-0.000015624,-0.000053274,0.002108102,0.000271453,-0.000005215,-0.000043827,-0.000064736,0.024999994
228,0.975000,-0.000043826,-0.000064736,0.224999994,0.999999940,0.000001331,-0.000000706,0.000012245,0.000026514,-0.000015638,-0.000053255,0.002107636,0.000266263,-0.000005443,-0.000043826,-0.000064736,0.024999994
229,0.979167,-0.000043828,-0.000064735,0.224999994,1.000000000,0.000001381,-0.000000733,0.000012245,0.000026210,-0.000015735,-0.000053203,0.002108161,0.000259108,-0.000005648,-0.000043828,-0.000064735,0.024999994
230,0.983333,-0.000043829,-0.000064738,0.224999994,1.000000000,0.000001403,-0.000000803,0.000012247,0.000026030,-0.000016185,-0.000053220,0.002117711,0.000256964,-0.000005365,-0.000043829,-0.000064738,0.024999994
231,0.987500,-0.000043829,-0.000064736,0.224999994,1.000000000,0.000001309,-0.000000705,0.000012249,0.000026426,-0.000015552,-0.000053285,0.002106953,0.000263076,-0.000005684,-0.000043829,-0.000064736,0.024999994
232,0.991667,-0.000043828,-0.000064736,0.224999994,0.999999940,0.000001361,-0.000000744,0.000012251,0.000026707,-0.000015547,-0.000053305,0.002107294,0.000270431,-0.000005363,-0.000043828,-0.000064736,0.024999994
233,0.995833,-0.000043827,-0.000064737,0.224999994,0.999999940,0.000001267,-0.000000660,0.000012242,0.000026511,-0.000015641,-0.000053284,0.002108556,0.000266018,-0.000005474,-0.000043827,-0.000064737,0.024999994
234,1.000000,-0.000043829,-0.000064737,0.224999994,1.000000000,0.000001313,-0.000000696,0.000012241,0.000026025,-0.000015912,-0.000053138,0.002109855,0.000255640,-0.000005601,-0.000043829,-0.000064737,0.024999994
235,1.004167,-0.000043827,-0.000064737,0.224999994,0.999999940,0.000001365,-0.000000735,0.000012243,0.000026720,-0.000015555,-0.000053313,0.002107891,0.000270588,-0.000005348,-0.000043827,-0.000064737,0.024999994
236,1.008333,-0.000043827,-0.000064736,0.224999994,0.999999940,0.000001249,-0.000000674,0.000012246,0.000026513,-0.000015566,-0.000053291,0.002107087,0.000265711,-0.000005567,-0.000043827,-0.000064736,0.024999994
237,1.012500,-0.000043828,-0.000064735,0.224999994,1.000000000,0.000001314,-0.000000687,0.000012244,0.000026261,-0.000015699,-0.000053166,0.002106407,0.000260330,-0.000005588,-0.000043828,-0.000064735,0.024999994
238,1.016667,-0.000043828,-0.000064735,0.224999994,0.999999940,0.000001365,-0.000000721,0.000012245,0.000026371,-0.000015737,-0.000053235,0.002109146,0.000263112,-0.000005483,-0.000043828,-0.000064735,0.024999994
239,1.020833,-0.000043828,-0.000064735,0.224999994,0.999999940,0.000001380,-0.000000793,0.000012248,0.000026526,-0.000015575,-0.000053296,0.002107629,0.000265878,-0.000005545,-0.000043828,-0.000064735,0.024999994
240,1.025000,-0.000043827,-0.000064735,0.224999994,0.999999940,0.000001290,-0.000000700,0.000012239,0.000026499,-0.000015663,-0.000053303,0.002109575,0.000265708,-0.000005482,-0.000043827,-0.000064735,0.024999994
241,1.029167,-0.000043828,-0.000064735,0.224999994,1.000000000,0.000001341,-0.000000732,0.000012251,0.000026155,-0.000015855,-0.000053189,0.002110095,0.000258502,-0.000005565,-0.000043828,-0.000064735,0.024999994
242,1.033333,-0.000043829,-0.000064737,0.224999994,1.000000000,0.000001383,-0.000000778,0.000012253,0.000026266,-0.000015969,-0.000053253,0.002114429,0.000261586,-0.000005361,-0.000043829,-0.000064737,0.024999994
243,1.037500,-0.000043830,-0.000064738,0.224999994,1.000000000,0.000001424,-0.000000818,0.000012254,0.000026124,-0.000015956,-0.000053229,0.002113349,0.000258013,-0.000005524,-0.000043830,-0.000064738,0.024999994
244,1.041667,-0.000043828,-0.000064737,0.224999994,1.000000000,0.000001332,-0.000000722,0.000012234,0.000026758,-0.000015375,-0.000053363,0.002105614,0.000270316,-0.000005560,-0.000043828,-0.000064737,0.024999994
245,1.045833,-0.000043828,-0.000064737,0.224999994,1.000000000,0.000001236,-0.000000639,0.000012259,0.000026343,-0.000015731,-0.000053233,0.002108839,0.000262491,-0.000005528,-0.000043828,-0.000064737,0.024999994
246,1.050000,-0.000043829,-0.000064737,0.224999994,0.999999940,0.000001281,-0.000000684,0.000012236,0.000026398,-0.000015710,-0.000053209,0.002107908,0.000263706,-0.000005448,-0.000043829,-0.000064737,0.024999994
247,1.054167,-0.000043828,-0.000064736,0.224999994,1.000000000,0.000001329,-0.000000723,0.000012237,0.000026574,-0.000015537,-0.000053262,0.002105862,0.000267091,-0.000005493,-0.000043828,-0.000064736,0.024999994
248,1.058333,-0.000043828,-0.000064736,0.224999994,1.000000000,0.000001233,-0.000000640,0.000012262,0.000026349,-0.000015735,-0.000053237,0.002109141,0.000262539,-0.000005520,-0.000043828,-0.000064736,0.024999994
249,1.062500,-0.000043829,-0.000064736,0.224999994,0.999999940,0.000001278,-0.000000685,0.000012238,0.000026398,-0.000015709,-0.000053210,0.002107910,0.000263730,-0.000005449,-0.000043829,-0.000064736,0.024999994
250,1.066667,-0.000043828,-0.000064735,0.224999994,1.000000000,0.000001325,-0.000000724,0.000012239,0.000026574,-0.000015537,-0.000053261,0.002105908,0.000267062,-0.000005493,-0.000043828,-0.000064735,0.024999994
251,1.070833,-0.000043828,-0.000064736,0.224999994,1.000000000,0.000001229,-0.000000641,0.000012264,0.000026349,-0.000015735,-0.000053237,0.002109106,0.000262552,-0.000005519,-0.000043828,-0.000064736,0.024999994
252,1.075000,-0.000043828,-0.000064736,0.224999994,0.999999940,0.000001274,-0.000000686,0.000012241,0.000026397,-0.000015709,-0.000053209,0.002107857,0.000263731,-0.000005447,-0.000043828,-0.000064736,0.024999994
253,1.079167,-0.000043828,-0.000064735,0.224999994,1.000000000,0.000001322,-0.000000725,0.000012242,0.000026575,-0.000015538,-0.000053262,0.002105906,0.000267121,-0.000005494,-0.000043828,-0.000064735,0.024999994
254,1.083333,-0.000043828,-0.000064736,0.224999994,1.000000000,0.000001228,-0.000000642,0.000012256,0.000026285,-0.000015862,-0.000053232,0.002111520,0.000261676,-0.000005442,-0.000043828,-0.000064736,0.024999994
255,1.087500,-0.000043829,-0.000064736,0.224999994,0.999999940,0.000001273,-0.000000685,0.000012243,0.000026208,-0.000015821,-0.000053172,0.002109055,0.000259618,-0.000005514,-0.000043829,-0.000064736,0.024999994
256,1.091667,-0.000043827,-0.000064736,0.224999994,1.000000000,0.000001322,-0.000000729,0.000012246,0.000026922,-0.000015357,-0.000053338,0.002104552,0.000274607,-0.000005357,-0.000043827,-0.000064736,0.024999994
257,1.095833,-0.000043830,-0.000064735,0.224999994,1.000000000,0.000001221,-0.000000638,0.000012245,0.000025871,-0.000015896,-0.000053124,0.002108975,0.000251702,-0.000005794,-0.000043830,-0.000064735,0.024999994
258,1.100000,-0.000043829,-0.000064736,0.224999994,0.999999940,0.000001269,-0.000000686,0.000012246,0.000026540,-0.000015739,-0.000053250,0.002109830,0.000267265,-0.000005285,-0.000043829,-0.000064736,0.024999994
259,1.104167,-0.000043827,-0.000064735,0.224999994,1.000000000,0.000001318,-0.000000730,0.000012249,0.000026910,-0.000015346,-0.000053334,0.002104161,0.000274315,-0.000005382,-0.000043827,-0.000064735,0.024999994
260,1.108333,-0.000043830,-0.000064736,0.224999994,1.000000000,0.000001354,-0.000000773,0.000012248,0.000025783,-0.000016112,-0.000053120,0.002113207,0.000250725,-0.000005646,-0.000043830,-0.000064736,0.024999994
261,1.112500,-0.000043828,-0.000064736,0.224999994,1.000000000,0.000001284,-0.000000661,0.000012251,0.000026719,-0.000015570,-0.000053339,0.002108955,0.000270512,-0.000005356,-0.000043828,-0.000064736,0.024999994
262,1.116667,-0.000043828,-0.000064736,0.224999994,0.999999940,0.000001334,-0.000000701,0.000012241,0.000026515,-0.000015640,-0.000053254,0.002107674,0.000266255,-0.000005437,-0.000043828,-0.000064736,0.024999994
263,1.120833,-0.000043827,-0.000064735,0.224999994,1.000000000,0.000001362,-0.000000757,0.000012254,0.000026554,-0.000015475,-0.000053282,0.002105193,0.000266122,-0.000005618,-0.000043827,-0.000064735,0.024999994
264,1.125000,-0.000043826,-0.000064736,0.224999994,1.000000000,0.000001404,-0.000000802,0.000012257,0.000026459,-0.000015768,-0.000053287,0.002111311,0.000265348,-0.000005397,-0.000043826,-0.000064736,0.024999994
265,1.129167,-0.000043829,-0.000064736,0.224999994,1.000000000,0.000001445,-0.000000835,0.000012257,0.000025983,-0.000015945,-0.000053196,0.002112120,0.000254478,-0.000005676,-0.000043829,-0.000064736,0.024999994
266,1.133333,-0.000043829,-0.000064736,0.224999994,1.000000000,0.000001490,-0.000000864,0.000012259,0.000026323,-0.000015789,-0.000053294,0.002112035,0.000261734,-0.000005543,-0.000043829,-0.000064736,0.024999994
267,1.137500,-0.000043828,-0.000064736,0.224999994,1.000000000,0.000001368,-0.000000594,0.000012214,0.000026482,-0.000015684,-0.000053348,0.002111288,0.000265168,-0.000005526,-0.000043828,-0.000064736,0.024999994
268,1.141667,-0.000043828,-0.000064736,0.224999994,0.999999940,0.000001465,-0.000000864,0.000012239,0.000026287,-0.000015779,-0.000053257,0.002110396,0.000261254,-0.000005566,-0.000043828,-0.000064736,0.024999994
269,1.145833,-0.000043828,-0.000064736,0.224999994,0.999999940,0.000001511,-0.000000892,0.000012242,0.000026501,-0.000015603,-0.000053334,0.002109289,0.000265175,-0.000005584,-0.000043828,-0.000064736,0.024999994
270,1.150000,-0.000043827,-0.000064735,0.224999994,0.999999940,0.000001390,-0.000000616,0.000012208,0.000026475,-0.000015613,-0.000053345,0.002109842,0.000264561,-0.000005618,-0.000043827,-0.000064735,0.024999994
271,1.154167,-0.000043827,-0.000064735,0.224999994,1.000000000,0.000001489,-0.000000883,0.000012257,0.000026261,-0.000015802,-0.000053259,0.002110950,0.000260709,-0.000005581,-0.000043827,-0.000064735,0.024999994
272,1.158333,-0.000043828,-0.000064736,0.224999994,1.000000000,0.000001389,-0.000000791,0.000012260,0.000026294,-0.000015797,-0.000053307,0.002112442,0.000261059,-0.000005585,-0.000043828,-0.000064736,0.024999994
273,1.162500,-0.000043828,-0.000064736,0.224999994,1.000000000,0.000001430,-0.000000829,0.000012262,0.000026331,-0.000015764,-0.000053272,0.002110762,0.000262023,-0.000005539,-0.000043828,-0.000064736,0.024999994
274,1.166667,-0.000043827,-0.000064735,0.224999994,1.000000000,0.000001342,-0.000000728,0.000012242,0.000026527,-0.000015579,-0.000053327,0.002108688,0.000265733,-0.000005569,-0.000043827,-0.000064735,0.024999994
275,1.170833,-0.000043828,-0.000064738,0.224999994,1.000000000,0.000001383,-0.000000777,0.000012243,0.000026048,-0.000016153,-0.000053197,0.002116358,0.000257447,-0.000005355,-0.000043828,-0.000064738,0.024999994
276,1.175000,-0.000043830,-0.000064737,0.224999994,1.000000000,0.000001289,-0.000000682,0.000012244,0.000026220,-0.000015745,-0.000053237,0.002109491,0.000259064,-0.000005661,-0.000043830,-0.000064737,0.024999994
277,1.179167,-0.000043829,-0.000064738,0.224999994,0.999999940,0.000001340,-0.000000723,0.000012246,0.000026508,-0.000015745,-0.000053263,0.002110155,0.000266521,-0.000005333,-0.000043829,-0.000064738,0.024999994
278,1.183333,-0.000043827,-0.000064736,0.224999994,1.000000000,0.000001389,-0.000000757,0.000012248,0.000026980,-0.000015147,-0.000053356,0.002100794,0.000274820,-0.000005551,-0.000043827,-0.000064736,0.024999994
279,1.187500,-0.000043829,-0.000064736,0.224999994,1.000000000,0.000001406,-0.000000820,0.000012249,0.000025957,-0.000015942,-0.000053179,0.002111386,0.000254076,-0.000005693,-0.000043829,-0.000064736,0.024999994
280,1.191667,-0.000043830,-0.000064735,0.224999994,1.000000000,0.000001315,-0.000000717,0.000012250,0.000026207,-0.000015768,-0.000053250,0.002110343,0.000258829,-0.000005665,-0.000043830,-0.000064735,0.024999994
281,1.195833,-0.000043827,-0.000064736,0.224999994,0.999999940,0.000001345,-0.000000574,0.000012215,0.000026830,-0.000015574,-0.000053353,0.002109392,0.000273436,-0.000005234,-0.000043827,-0.000064736,0.024999994
282,1.200000,-0.000043827,-0.000064735,0.224999994,1.000000000,0.000001439,-0.000000850,0.000012241,0.000026482,-0.000015574,-0.000053279,0.002106847,0.000265122,-0.000005591,-0.000043827,-0.000064735,0.024999994
283,1.204167,-0.000043829,-0.000064735,0.224999994,1.000000000,0.000001483,-0.000000875,0.000012241,0.000025965,-0.000015963,-0.000053210,0.002112862,0.000254102,-0.000005693,-0.000043829,-0.000064735,0.024999994
284,1.208333,-0.000043829,-0.000064736,0.224999994,1.000000000,0.000001383,-0.000000783,0.000012245,0.000026304,-0.000015806,-0.000053313,0.002112876,0.000261293,-0.000005569,-0.000043829,-0.000064736,0.024999994
285,1.212500,-0.000043828,-0.000064736,0.224999994,1.000000000,0.000001293,-0.000000693,0.000012249,0.000026671,-0.000015579,-0.000053346,0.002109156,0.000269425,-0.000005416,-0.000043828,-0.000064736,0.024999994
286,1.216667,-0.000043828,-0.000064736,0.224999994,0.999999940,0.000001344,-0.000000727,0.000012249,0.000026355,-0.000015723,-0.000053230,0.002108646,0.000262721,-0.000005512,-0.000043828,-0.000064736,0.024999994
287,1.220833,-0.000043827,-0.000064735,0.224999994,1.000000000,0.000001395,-0.000000759,0.000012251,0.000026557,-0.000015554,-0.000053278,0.002106747,0.000266602,-0.000005513,-0.000043827,-0.000064735,0.024999994
288,1.225000,-0.000043827,-0.000064735,0.224999994,1.000000000,0.000001414,-0.000000825,0.000012253,0.000026311,-0.000015766,-0.000053265,0.002110452,0.000261684,-0.000005556,-0.000043827,-0.000064735,0.024999994
289,1.229167,-0.000043829,-0.000064735,0.224999994,1.000000000,0.000001323,-0.000000723,0.000012254,0.000026194,-0.000015758,-0.000053245,0.002109860,0.000258533,-0.000005686,-0.000043829,-0.000064735,0.024999994
290,1.233333,-0.000043829,-0.000064737,0.224999994,1.000000000,0.000001363,-0.000000774,0.000012233,0.000026277,-0.000015962,-0.000053243,0.002113907,0.000261911,-0.000005340,-0.000043829,-0.000064737,0.024999994
291,1.237500,-0.000043829,-0.000064737,0.224999994,1.000000000,0.000001271,-0.000000682,0.000012258,0.000026337,-0.000015754,-0.000053266,0.002110414,0.000262128,-0.000005541,-0.000043829,-0.000064737,0.024999994
292,1.241667,-0.000043828,-0.000064737,0.224999994,0.999999940,0.000001321,-0.000000725,0.000012237,0.000026720,-0.000015540,-0.000053300,0.002107115,0.000270647,-0.000005348,-0.000043828,-0.000064737,0.024999994
293,1.245833,-0.000043827,-0.000064736,0.224999994,1.000000000,0.000001372,-0.000000757,0.000012238,0.000026544,-0.000015543,-0.000053273,0.002106210,0.000266382,-0.000005537,-0.000043827,-0.000064736,0.024999994
294,1.250000,-0.000043828,-0.000064736,0.224999994,1.000000000,0.000001279,-0.000000663,0.000012251,0.000026181,-0.000015826,-0.000053222,0.002110483,0.000258824,-0.000005601,-0.000043828,-0.000064736,0.024999994
295,1.254167,-0.000043827,-0.000064737,0.224999994,0.999999940,0.000001328,-0.000000703,0.000012241,0.000026535,-0.000015656,-0.000053263,0.002108374,0.000266689,-0.000005403,-0.000043827,-0.000064737,0.024999994
296,1.258333,-0.000043827,-0.000064736,0.224999994,1.000000000,0.000001380,-0.000000735,0.000012242,0.000026550,-0.000015548,-0.000053276,0.002106511,0.000266501,-0.000005527,-0.000043827,-0.000064736,0.024999994
297,1.262500,-0.000043830,-0.000064737,0.224999994,1.000000000,0.000001397,-0.000000799,0.000012242,0.000025765,-0.000016145,-0.000053144,0.002114593,0.000250272,-0.000005655,-0.000043830,-0.000064737,0.024999994
298,1.266667,-0.000043828,-0.000064737,0.224999994,1.000000000,0.000001308,-0.000000708,0.000012246,0.000026689,-0.000015593,-0.000053355,0.002109916,0.000269741,-0.000005387,-0.000043828,-0.000064737,0.024999994
299,1.270833,-0.000043828,-0.000064737,0.224999994,0.999999940,0.000001359,-0.000000742,0.000012247,0.000026355,-0.000015722,-0.000053230,0.002108591,0.000262747,-0.000005514,-0.000043828,-0.000064737,0.024999994
300,1.275000,-0.000043827,-0.000064737,0.224999994,0.999999940,0.000001266,-0.000000659,0.000012250,0.000026673,-0.000015577,-0.000053323,0.002108505,0.000269556,-0.000005392,-0.000043827,-0.000064737,0.024999994
301,1.279167,-0.000043829,-0.000064736,0.224999994,1.000000000,0.000001308,-0.000000694,0.000012248,0.000026107,-0.000015691,-0.000053139,0.002105374,0.000256501,-0.000005757,-0.000043829,-0.000064736,0.024999994
302,1.283333,-0.000043828,-0.000064736,0.224999994,0.999999940,0.000001359,-0.000000733,0.000012251,0.000026719,-0.000015556,-0.000053309,0.002107739,0.000270639,-0.000005342,-0.000043828,-0.000064736,0.024999994
303,1.287500,-0.000043826,-0.000064736,0.224999994,0.999999940,0.000001266,-0.000000651,0.000012254,0.000026660,-0.000015566,-0.000053317,0.002107927,0.000269313,-0.000005415,-0.000043826,-0.000064736,0.024999994
304,1.291667,-0.000043827,-0.000064736,0.224999994,1.000000000,0.000001313,-0.000000690,0.000012242,0.000026210,-0.000015797,-0.000053177,0.002108585,0.000259618,-0.000005544,-0.000043827,-0.000064736,0.024999994
305,1.295833,-0.000043829,-0.000064736,0.224999994,0.999999940,0.000001362,-0.000000719,0.000012241,0.000026031,-0.000015923,-0.000053164,0.002110827,0.000255681,-0.000005607,-0.000043829,-0.000064736,0.024999994
306,1.300000,-0.000043827,-0.000064735,0.224999994,0.999999940,0.000001223,-0.000000481,0.000012207,0.000026878,-0.000015400,-0.000053375,0.002106518,0.000273526,-0.000005402,-0.000043827,-0.000064735,0.024999994
307,1.304167,-0.000043828,-0.000064735,0.224999994,0.999999940,0.000001478,-0.000000856,0.000012253,0.000026199,-0.000015714,-0.000053157,0.002106144,0.000259177,-0.000005649,-0.000043828,-0.000064735,0.024999994
308,1.308333,-0.000043827,-0.000064736,0.224999994,0.999999940,0.000001504,-0.000000703,0.000012218,0.000026417,-0.000015823,-0.000053328,0.002113605,0.000264307,-0.000005426,-0.000043827,-0.000064736,0.024999994
309,1.312500,-0.000043827,-0.000064735,0.224999994,0.999999940,0.000001440,-0.000000660,0.000012206,0.000026439,-0.000015632,-0.000053340,0.002109788,0.000264019,-0.000005642,-0.000043827,-0.000064735,0.024999994
310,1.316667,-0.000043828,-0.000064735,0.224999994,0.999999940,0.000001394,-0.000000802,0.000012244,0.000026093,-0.000015893,-0.000053246,0.002112340,0.000257003,-0.000005663,-0.000043828,-0.000064735,0.024999994
311,1.320833,-0.000043828,-0.000064735,0.224999994,0.999999940,0.000001301,-0.000000706,0.000012257,0.000026385,-0.000015659,-0.000053278,0.002108905,0.000262705,-0.000005603,-0.000043828,-0.000064735,0.024999994
312,1.325000,-0.000043828,-0.000064736,0.224999994,1.000000000,0.000001355,-0.000000743,0.000012236,0.000026479,-0.000015762,-0.000053266,0.002110547,0.000265886,-0.000005348,-0.000043828,-0.000064736,0.024999994
313,1.329167,-0.000043828,-0.000064736,0.224999994,1.000000000,0.000001261,-0.000000656,0.000012238,0.000026342,-0.000015743,-0.000053252,0.002109728,0.000262339,-0.000005529,-0.000043828,-0.000064736,0.024999994
314,1.333333,-0.000043828,-0.000064736,0.224999994,0.999999940,0.000001308,-0.000000697,0.000012238,0.000026387,-0.000015717,-0.000053217,0.002108272,0.000263421,-0.000005466,-0.000043828,-0.000064736,0.024999994
315,1.337500,-0.000043827,-0.000064735,0.224999994,1.000000000,0.000001357,-0.000000733,0.000012263,0.000026564,-0.000015545,-0.000053269,0.002106304,0.000266751,-0.000005511,-0.000043827,-0.000064735,0.024999994
316,1.341667,-0.000043827,-0.000064737,0.224999994,1.000000000,0.000001399,-0.000000783,0.000012254,0.000026444,-0.000015848,-0.000053285,0.002112712,0.000265516,-0.000005314,-0.000043827,-0.000064737,0.024999994
317,1.345833,-0.000043829,-0.000064737,0.224999994,1.000000000,0.000001440,-0.000000815,0.000012254,0.000025983,-0.000015944,-0.000053199,0.002112206,0.000254396,-0.000005679,-0.000043829,-0.000064737,0.024999994
318,1.350000,-0.000043829,-0.000064738,0.224999994,1.000000000,0.000001485,-0.000000850,0.000012245,0.000026308,-0.000015872,-0.000053287,0.002113523,0.000261893,-0.000005458,-0.000043829,-0.000064738,0.024999994
319,1.354167,-0.000043829,-0.000064737,0.224999994,1.000000000,0.000001508,-0.000000899,0.000012248,0.000026368,-0.000015585,-0.000053310,0.002108308,0.000261754,-0.000005745,-0.000043829,-0.000064737,0.024999994
320,1.358333,-0.000043827,-0.000064736,0.224999994,1.000000000,0.000001387,-0.000000628,0.000012214,0.000026838,-0.000015418,-0.000053423,0.002108143,0.000272456,-0.000005480,-0.000043827,-0.000064736,0.024999994
321,1.362500,-0.000043829,-0.000064736,0.224999994,0.999999940,0.000001506,-0.000000866,0.000012238,0.000025945,-0.000015949,-0.000053176,0.002111420,0.000253838,-0.000005703,-0.000043829,-0.000064736,0.024999994
322,1.366667,-0.000043828,-0.000064735,0.224999994,0.999999940,0.000001363,-0.000000618,0.000012204,0.000026483,-0.000015635,-0.000053355,0.002110683,0.000264759,-0.000005594,-0.000043828,-0.000064735,0.024999994
323,1.370833,-0.000043828,-0.000064735,0.224999994,1.000000000,0.000001481,-0.000000861,0.000012253,0.000026496,-0.000015586,-0.000053291,0.002107577,0.000265345,-0.000005577,-0.000043828,-0.000064735,0.024999994
324,1.375000,-0.000043828,-0.000064738,0.224999994,1.000000000,0.000001385,-0.000000777,0.000012245,0.000026183,-0.000016090,-0.000053290,0.002117767,0.000260104,-0.000005361,-0.000043828,-0.000064738,0.024999994
325,1.379167,-0.000043829,-0.000064737,0.224999994,1.000000000,0.000001291,-0.000000682,0.000012246,0.000026215,-0.000015741,-0.000053236,0.002109258,0.000259020,-0.000005669,-0.000043829,-0.000064737,0.024999994
326,1.383333,-0.000043828,-0.000064738,0.224999994,0.999999940,0.000001342,-0.000000723,0.000012248,0.000026508,-0.000015745,-0.000053262,0.002110136,0.000266533,-0.000005332,-0.000043828,-0.000064738,0.024999994
327,1.387500,-0.000043828,-0.000064735,0.224999994,1.000000000,0.000001390,-0.000000752,0.000012248,0.000026639,-0.000015332,-0.000053281,0.002102328,0.000267489,-0.000005676,-0.000043828,-0.000064735,0.024999994
328,1.391667,-0.000043828,-0.000064735,0.224999994,1.000000000,0.000001408,-0.000000819,0.000012251,0.000026310,-0.000015767,-0.000053260,0.002110318,0.000261695,-0.000005549,-0.000043828,-0.000064735,0.024999994
329,1.395833,-0.000043829,-0.000064735,0.224999994,1.000000000,0.000001317,-0.000000717,0.000012252,0.000026194,-0.000015757,-0.000053244,0.002109818,0.000258564,-0.000005686,-0.000043829,-0.000064735,0.024999994
330,1.400000,-0.000043827,-0.000064736,0.224999994,0.999999940,0.000001373,-0.000000753,0.000012243,0.000026681,-0.000015650,-0.000053321,0.002109919,0.000270244,-0.000005293,-0.000043827,-0.000064736,0.024999994
331,1.404167,-0.000043827,-0.000064735,0.224999994,0.999999940,0.000001279,-0.000000663,0.000012246,0.000026525,-0.000015559,-0.000053294,0.002107084,0.000265883,-0.000005562,-0.000043827,-0.000064735,0.024999994
332,1.408333,-0.000043828,-0.000064736,0.224999994,1.000000000,0.000001329,-0.000000700,0.000012246,0.000026141,-0.000015937,-0.000053180,0.002111548,0.000258608,-0.000005473,-0.000043828,-0.000064736,0.024999994
333,1.412500,-0.000043828,-0.000064736,0.224999994,1.000000000,0.000001344,-0.000000773,0.000012247,0.000026343,-0.000015759,-0.000053257,0.002110213,0.000262375,-0.000005514,-0.000043828,-0.000064736,0.024999994
334,1.416667,-0.000043830,-0.000064737,0.224999994,1.000000000,0.000001272,-0.000000659,0.000012248,0.000026154,-0.000015934,-0.000053206,0.002112310,0.000258716,-0.000005489,-0.000043830,-0.000064737,0.024999994
335,1.420833,-0.000043828,-0.000064737,0.224999994,0.999999940,0.000001321,-0.000000705,0.000012250,0.000026733,-0.000015535,-0.000053297,0.002106982,0.000270903,-0.000005337,-0.000043828,-0.000064737,0.024999994
336,1.425000,-0.000043827,-0.000064735,0.224999994,1.000000000,0.000001368,-0.000000735,0.000012251,0.000026632,-0.000015327,-0.000053277,0.002101986,0.000267357,-0.000005685,-0.000043827,-0.000064735,0.024999994
337,1.429167,-0.000043828,-0.000064736,0.224999994,1.000000000,0.000001386,-0.000000804,0.000012252,0.000026105,-0.000015960,-0.000053210,0.002112812,0.000257756,-0.000005526,-0.000043828,-0.000064736,0.024999994
338,1.433333,-0.000043828,-0.000064737,0.224999994,1.000000000,0.000001319,-0.000000687,0.000012255,0.000026484,-0.000015769,-0.000053303,0.002111903,0.000265816,-0.000005380,-0.000043828,-0.000064737,0.024999994
339,1.437500,-0.000043829,-0.000064737,0.224999994,0.999999940,0.000001481,-0.000000876,0.000012244,0.000026151,-0.000015854,-0.000053203,0.002110478,0.000258326,-0.000005582,-0.000043829,-0.000064737,0.024999994
340,1.441667,-0.000043826,-0.000064736,0.224999994,0.999999940,0.000001375,-0.000000592,0.000012210,0.000027053,-0.000015228,-0.000053456,0.002105407,0.000276644,-0.000005475,-0.000043826,-0.000064736,0.024999994
341,1.445833,-0.000043827,-0.000064735,0.224999994,1.000000000,0.000001469,-0.000000859,0.000012258,0.000026125,-0.000015764,-0.000053205,0.002108419,0.000257451,-0.000005735,-0.000043827,-0.000064735,0.024999994
342,1.450000,-0.000043829,-0.000064737,0.224999994,1.000000000,0.000001370,-0.000000769,0.000012237,0.000025881,-0.000016197,-0.000053223,0.002118039,0.000253154,-0.000005532,-0.000043829,-0.000064737,0.024999994
343,1.454167,-0.000043827,-0.000064737,0.224999994,1.000000000,0.000001279,-0.000000682,0.000012264,0.000026692,-0.000015579,-0.000053347,0.002109393,0.000269838,-0.000005396,-0.000043827,-0.000064737,0.024999994
344,1.458333,-0.000043828,-0.000064737,0.224999994,0.999999940,0.000001328,-0.000000720,0.000012241,0.000026367,-0.000015714,-0.000053222,0.002108199,0.000263065,-0.000005498,-0.000043828,-0.000064737,0.024999994
345,1.462500,-0.000043827,-0.000064735,0.224999994,1.000000000,0.000001375,-0.000000749,0.000012242,0.000026646,-0.000015337,-0.000053282,0.002102511,0.000267614,-0.000005661,-0.000043827,-0.000064735,0.024999994
346,1.466667,-0.000043826,-0.000064737,0.224999994,1.000000000,0.000001419,-0.000000796,0.000012257,0.000026432,-0.000015856,-0.000053287,0.002112926,0.000265276,-0.000005329,-0.000043826,-0.000064737,0.024999994
347,1.470833,-0.000043828,-0.000064737,0.224999994,1.000000000,0.000001462,-0.000000827,0.000012246,0.000026125,-0.000015878,-0.000053241,0.002112126,0.000257532,-0.000005625,-0.000043828,-0.000064737,0.024999994
348,1.475000,-0.000043829,-0.000064736,0.224999994,1.000000000,0.000001484,-0.000000878,0.000012248,0.000026171,-0.000015784,-0.000053265,0.002111009,0.000257985,-0.000005707,-0.000043829,-0.000064736,0.024999994
349,1.479167,-0.000043829,-0.000064736,0.224999994,1.000000000,0.000001384,-0.000000787,0.000012251,0.000026297,-0.000015801,-0.000053307,0.002112564,0.000261149,-0.000005577,-0.000043829,-0.000064736,0.024999994
350,1.483333,-0.000043828,-0.000064736,0.224999994,1.000000000,0.000001295,-0.000000696,0.000012255,0.000026671,-0.000015579,-0.000053346,0.002109127,0.000269484,-0.000005417,-0.000043828,-0.000064736,0.024999994
351,1.487500,-0.000043828,-0.000064737,0.224999994,0.999999940,0.000001346,-0.000000731,0.000012256,0.000026356,-0.000015723,-0.000053230,0.002108622,0.000262730,-0.000005512,-0.000043828,-0.000064737,0.024999994
352,1.491667,-0.000043826,-0.000064736,0.224999994,0.999999940,0.000001251,-0.000000647,0.000012247,0.000026698,-0.000015488,-0.000053321,0.002106654,0.000269684,-0.000005460,-0.000043826,-0.000064736,0.024999994
353,1.495833,-0.000043827,-0.000064734,0.224999994,1.000000000,0.000001294,-0.000000687,0.000012247,0.000026448,-0.000015507,-0.000053211,0.002103753,0.000263960,-0.000005631,-0.000043827,-0.000064734,0.024999994
354,1.500000,-0.000043829,-0.000064736,0.224999994,0.999999940,0.000001479,-0.000000851,0.000012246,0.000025935,-0.000016135,-0.000053153,0.002114719,0.000254571,-0.000005467,-0.000043829,-0.000064736,0.024999994
355,1.504167,-0.000043828,-0.000064736,0.224999994,0.999999940,0.000001525,-0.000000877,0.000012249,0.000026512,-0.000015610,-0.000053343,0.002109804,0.000265407,-0.000005573,-0.000043828,-0.000064736,0.024999994
356,1.508333,-0.000043827,-0.000064734,0.224999994,0.999999940,0.000001383,-0.000000628,0.000012215,0.000026669,-0.000015426,-0.000053394,0.002107318,0.000268383,-0.000005648,-0.000043827,-0.000064734,0.024999994
357,1.512500,-0.000043828,-0.000064735,0.224999994,0.999999940,0.000001356,-0.000000754,0.000012264,0.000026061,-0.000015984,-0.000053208,0.002113145,0.000256823,-0.000005558,-0.000043828,-0.000064735,0.024999994
358,1.516667,-0.000043827,-0.000064736,0.224999994,0.999999940,0.000001397,-0.000000802,0.000012243,0.000026469,-0.000015785,-0.000053292,0.002111923,0.000265538,-0.000005363,-0.000043827,-0.000064736,0.024999994
359,1.520833,-0.000043828,-0.000064736,0.224999994,0.999999940,0.000001304,-0.000000707,0.000012257,0.000026371,-0.000015646,-0.000053272,0.002108375,0.000262410,-0.000005630,-0.000043828,-0.000064736,0.024999994
360,1.525000,-0.000043827,-0.000064735,0.224999994,1.000000000,0.000001354,-0.000000742,0.000012235,0.000026568,-0.000015547,-0.000053269,0.002106324,0.000266935,-0.000005492,-0.000043827,-0.000064735,0.024999994
361,1.529167,-0.000043829,-0.000064737,0.224999994,1.000000000,0.000001394,-0.000000784,0.000012235,0.000025911,-0.000016145,-0.000053171,0.002115373,0.000253955,-0.000005503,-0.000043829,-0.000064737,0.024999994
362,1.533333,-0.000043827,-0.000064737,0.224999994,1.000000000,0.000001305,-0.000000694,0.000012239,0.000026683,-0.000015588,-0.000053356,0.002109713,0.000269665,-0.000005402,-0.000043827,-0.000064737,0.024999994
363,1.537500,-0.000043828,-0.000064737,0.224999994,0.999999940,0.000001356,-0.000000728,0.000012240,0.000026355,-0.000015723,-0.000053230,0.002108600,0.000262744,-0.000005514,-0.000043828,-0.000064737,0.024999994
364,1.541667,-0.000043826,-0.000064736,0.224999994,0.999999940,0.000001261,-0.000000644,0.000012255,0.000026737,-0.000015450,-0.000053328,0.002106035,0.000270505,-0.000005469,-0.000043826,-0.000064736,0.024999994
365,1.545833,-0.000043827,-0.000064735,0.224999994,1.000000000,0.000001305,-0.000000683,0.000012231,0.000026234,-0.000015707,-0.000053172,0.002106594,0.000259749,-0.000005614,-0.000043827,-0.000064735,0.024999994
366,1.550000,-0.000043827,-0.000064736,0.224999994,0.999999940,0.000001357,-0.000000719,0.000012244,0.000026522,-0.000015663,-0.000053268,0.002108634,0.000266447,-0.000005420,-0.000043827,-0.000064736,0.024999994
367,1.554167,-0.000043828,-0.000064735,0.224999994,0.999999940,0.000001371,-0.000000786,0.000012245,0.000026179,-0.000015757,-0.000053220,0.002109011,0.000258407,-0.000005682,-0.000043828,-0.000064735,0.024999994
368,1.558333,-0.000043827,-0.000064736,0.224999994,0.999999940,0.000001414,-0.000000830,0.000012247,0.000026456,-0.000015792,-0.000053295,0.002112051,0.000265283,-0.000005378,-0.000043827,-0.000064736,0.024999994
369,1.562500,-0.000043827,-0.000064736,0.224999994,0.999999940,0.000001324,-0.000000733,0.000012250,0.000026514,-0.000015580,-0.000053316,0.002108245,0.000265559,-0.000005576,-0.000043827,-0.000064736,0.024999994
370,1.566667,-0.000043828,-0.000064735,0.224999994,1.000000000,0.000001374,-0.000000760,0.000012250,0.000026211,-0.000015736,-0.000053201,0.002108176,0.000259108,-0.000005645,-0.000043828,-0.000064735,0.024999994
371,1.570833,-0.000043827,-0.000064737,0.224999994,1.000000000,0.000001418,-0.000000805,0.000012242,0.000026407,-0.000015903,-0.000053292,0.002114135,0.000264726,-0.000005304,-0.000043827,-0.000064737,0.024999994
372,1.575000,-0.000043827,-0.000064737,0.224999994,1.000000000,0.000001462,-0.000000841,0.000012256,0.000026504,-0.000015655,-0.000053321,0.002110022,0.000265633,-0.000005509,-0.000043827,-0.000064737,0.024999994
373,1.579167,-0.000043829,-0.000064738,0.224999994,1.000000000,0.000001508,-0.000000867,0.000012246,0.000025900,-0.000016088,-0.000053207,0.002115311,0.000253156,-0.000005623,-0.000043829,-0.000064738,0.024999994
374,1.583333,-0.000043830,-0.000064735,0.224999994,1.000000000,0.000001381,-0.000000795,0.000012248,0.000026247,-0.000015589,-0.000053292,0.002107917,0.000258586,-0.000005867,-0.000043830,-0.000064735,0.024999994
375,1.587500,-0.000043829,-0.000064736,0.224999994,1.000000000,0.000001292,-0.000000705,0.000012251,0.000026676,-0.000015584,-0.000053340,0.002109163,0.000269578,-0.000005398,-0.000043829,-0.000064736,0.024999994
376,1.591667,-0.000043829,-0.000064736,0.224999994,0.999999940,0.000001342,-0.000000739,0.000012252,0.000026356,-0.000015723,-0.000053230,0.002108619,0.000262740,-0.000005512,-0.000043829,-0.000064736,0.024999994
377,1.595833,-0.000043828,-0.000064734,0.224999994,0.999999940,0.000001245,-0.000000652,0.000012243,0.000026612,-0.000015436,-0.000053294,0.002104792,0.000267268,-0.000005597,-0.000043828,-0.000064734,0.024999994
378,1.600000,-0.000043828,-0.000064734,0.224999994,1.000000000,0.000001292,-0.000000696,0.000012255,0.000026513,-0.000015652,-0.000053239,0.002107522,0.000266334,-0.000005413,-0.000043828,-0.000064734,0.024999994
379,1.604167,-0.000043828,-0.000064736,0.224999994,0.999999940,0.000001479,-0.000000865,0.000012256,0.000026273,-0.000015944,-0.000053229,0.002113070,0.000261894,-0.000005357,-0.000043828,-0.000064736,0.024999994
380,1.608333,-0.000043827,-0.000064736,0.224999994,0.999999940,0.000001525,-0.000000892,0.000012259,0.000026500,-0.000015601,-0.000053337,0.002109408,0.000265135,-0.000005595,-0.000043827,-0.000064736,0.024999994
381,1.612500,-0.000043827,-0.000064734,0.224999994,0.999999940,0.000001383,-0.000000641,0.000012213,0.000026520,-0.000015502,-0.000053360,0.002107899,0.000265058,-0.000005706,-0.000043827,-0.000064734,0.024999994
382,1.616667,-0.000043829,-0.000064735,0.224999994,0.999999940,0.000001355,-0.000000764,0.000012250,0.000025917,-0.000016063,-0.000053179,0.002113813,0.000253740,-0.000005610,-0.000043829,-0.000064735,0.024999994
383,1.620833,-0.000043828,-0.000064736,0.224999994,0.999999940,0.000001398,-0.000000808,0.000012252,0.000026463,-0.000015797,-0.000053303,0.002112450,0.000265393,-0.000005372,-0.000043828,-0.000064736,0.024999994
384,1.625000,-0.000043828,-0.000064736,0.224999994,0.999999940,0.000001305,-0.000000712,0.000012243,0.000026333,-0.000015684,-0.000053267,0.002108936,0.000261686,-0.000005622,-0.000043828,-0.000064736,0.024999994
385,1.629167,-0.000043829,-0.000064735,0.224999994,1.000000000,0.000001354,-0.000000745,0.000012255,0.000026416,-0.000015622,-0.000053236,0.002106908,0.000263587,-0.000005564,-0.000043829,-0.000064735,0.024999994
386,1.633333,-0.000043829,-0.000064737,0.224999994,1.000000000,0.000001396,-0.000000792,0.000012257,0.000026257,-0.000015964,-0.000053246,0.002113979,0.000261491,-0.000005370,-0.000043829,-0.000064737,0.024999994
387,1.637500,-0.000043829,-0.000064737,0.224999994,1.000000000,0.000001438,-0.000000830,0.000012259,0.000026330,-0.000015763,-0.000053275,0.002110915,0.000261947,-0.000005547,-0.000043829,-0.000064737,0.024999994
388,1.641667,-0.000043828,-0.000064737,0.224999994,1.000000000,0.000001460,-0.000000683,0.000012224,0.000026651,-0.000015594,-0.000053362,0.002109942,0.000268940,-0.000005441,-0.000043828,-0.000064737,0.024999994
389,1.645833,-0.000043828,-0.000064736,0.224999994,1.000000000,0.000001412,-0.000000822,0.000012250,0.000026331,-0.000015589,-0.000053293,0.002107533,0.000261207,-0.000005773,-0.000043828,-0.000064736,0.024999994
390,1.650000,-0.000043829,-0.000064735,0.224999994,1.000000000,0.000001321,-0.000000720,0.000012252,0.000026196,-0.000015760,-0.000053241,0.002109766,0.000258664,-0.000005679,-0.000043829,-0.000064735,0.024999994
391,1.654167,-0.000043827,-0.000064736,0.224999994,0.999999940,0.000001376,-0.000000756,0.000012243,0.000026681,-0.000015650,-0.000053320,0.002109911,0.000270169,-0.000005291,-0.000043827,-0.000064736,0.024999994
392,1.658333,-0.000043827,-0.000064735,0.224999994,0.999999940,0.000001283,-0.000000667,0.000012245,0.000026525,-0.000015558,-0.000053293,0.002107085,0.000265918,-0.000005563,-0.000043827,-0.000064735,0.024999994
393,1.662500,-0.000043828,-0.000064736,0.224999994,1.000000000,0.000001333,-0.000000703,0.000012245,0.000026141,-0.000015937,-0.000053180,0.002111532,0.000258653,-0.000005475,-0.000043828,-0.000064736,0.024999994
394,1.666667,-0.000043828,-0.000064736,0.224999994,1.000000000,0.000001348,-0.000000776,0.000012247,0.000026343,-0.000015759,-0.000053258,0.002110246,0.000262403,-0.000005514,-0.000043828,-0.000064736,0.024999994
395,1.670833,-0.000043828,-0.000064736,0.224999994,1.000000000,0.000001277,-0.000000660,0.000012249,0.000026359,-0.000015741,-0.000053253,0.002109783,0.000262706,-0.000005510,-0.000043828,-0.000064736,0.024999994
396,1.675000,-0.000043828,-0.000064736,0.224999994,0.999999940,0.000001324,-0.000000699,0.000012250,0.000026592,-0.000015523,-0.000053264,0.002105696,0.000267425,-0.000005491,-0.000043828,-0.000064736,0.024999994
397,1.679167,-0.000043827,-0.000064736,0.224999994,1.000000000,0.000001375,-0.000000736,0.000012239,0.000026535,-0.000015630,-0.000053266,0.002107838,0.000266645,-0.000005435,-0.000043827,-0.000064736,0.024999994
398,1.683333,-0.000043828,-0.000064736,0.224999994,1.000000000,0.000001392,-0.000000804,0.000012252,0.000026169,-0.000015832,-0.000053224,0.002110608,0.000258600,-0.000005612,-0.000043828,-0.000064736,0.024999994
399,1.687500,-0.000043828,-0.000064736,0.224999994,1.000000000,0.000001433,-0.000000842,0.000012254,0.000026335,-0.000015769,-0.000053274,0.002110888,0.000262156,-0.000005528,-0.000043828,-0.000064736,0.024999994
400,1.691667,-0.000043829,-0.000064736,0.224999994,1.000000000,0.000001478,-0.000000871,0.000012257,0.000026310,-0.000015779,-0.000053289,0.002111493,0.000261517,-0.000005564,-0.000043829,-0.000064736,0.024999994
401,1.695833,-0.000043830,-0.000064737,0.224999994,1.000000000,0.000001378,-0.000000782,0.000012259,0.000026086,-0.000015989,-0.000053260,0.002114877,0.000257075,-0.000005565,-0.000043830,-0.000064737,0.024999994
402,1.700000,-0.000043829,-0.000064737,0.224999994,1.000000000,0.000001287,-0.000000693,0.000012250,0.000026498,-0.000015688,-0.000053301,0.002110167,0.000265709,-0.000005454,-0.000043829,-0.000064737,0.024999994
403,1.704167,-0.000043828,-0.000064736,0.224999994,0.999999940,0.000001335,-0.000000730,0.000012252,0.000026791,-0.000015326,-0.000053310,0.002103057,0.000271223,-0.000005526,-0.000043828,-0.000064736,0.024999994
404,1.708333,-0.000043827,-0.000064735,0.224999994,1.000000000,0.000001386,-0.000000762,0.000012253,0.000026543,-0.000015544,-0.000053268,0.002106080,0.000266389,-0.000005530,-0.000043827,-0.000064735,0.024999994
405,1.712500,-0.000043827,-0.000064738,0.224999994,1.000000000,0.000001431,-0.000000807,0.000012245,0.000026220,-0.000016057,-0.000053255,0.002116035,0.000261081,-0.000005313,-0.000043827,-0.000064738,0.024999994
406,1.716667,-0.000043827,-0.000064737,0.224999994,1.000000000,0.000001341,-0.000000709,0.000012247,0.000026536,-0.000015570,-0.000053325,0.002108445,0.000265961,-0.000005572,-0.000043827,-0.000064737,0.024999994
407,1.720833,-0.000043829,-0.000064735,0.224999994,1.000000000,0.000001219,-0.000000644,0.000012247,0.000026079,-0.000015721,-0.000053177,0.002107088,0.000255697,-0.000005799,-0.000043829,-0.000064735,0.024999994
408,1.725000,-0.000043829,-0.000064735,0.224999994,0.999999940,0.000001285,-0.000000664,0.000012247,0.000026429,-0.000015705,-0.000053202,0.002107682,0.000264411,-0.000005411,-0.000043829,-0.000064735,0.024999994
409,1.729167,-0.000043827,-0.000064735,0.224999994,1.000000000,0.000001334,-0.000000708,0.000012250,0.000026914,-0.000015350,-0.000053334,0.002104288,0.000274438,-0.000005373,-0.000043827,-0.000064735,0.024999994
410,1.733333,-0.000043828,-0.000064738,0.224999994,1.000000000,0.000001375,-0.000000758,0.000012251,0.000026035,-0.000016142,-0.000053189,0.002115788,0.000257184,-0.000005376,-0.000043828,-0.000064738,0.024999994
411,1.737500,-0.000043827,-0.000064736,0.224999994,1.000000000,0.000001280,-0.000000667,0.000012242,0.000026587,-0.000015470,-0.000053310,0.002106023,0.000266669,-0.000005604,-0.000043827,-0.000064736,0.024999994
412,1.741667,-0.000043826,-0.000064736,0.224999994,0.999999940,0.000001329,-0.000000707,0.000012255,0.000026560,-0.000015609,-0.000053259,0.002107189,0.000267213,-0.000005426,-0.000043826,-0.000064736,0.024999994
413,1.745833,-0.000043827,-0.000064735,0.224999994,1.000000000,0.000001379,-0.000000737,0.000012244,0.000026400,-0.000015623,-0.000053242,0.002107052,0.000263145,-0.000005585,-0.000043827,-0.000064735,0.024999994
414,1.750000,-0.000043830,-0.000064738,0.224999994,1.000000000,0.000001400,-0.000000802,0.000012244,0.000025682,-0.000016365,-0.000053142,0.002119016,0.000249447,-0.000005500,-0.000043830,-0.000064738,0.024999994
415,1.754167,-0.000043828,-0.000064736,0.224999994,1.000000000,0.000001307,-0.000000710,0.000012247,0.000026779,-0.000015377,-0.000053365,0.002105901,0.000270710,-0.000005538,-0.000043828,-0.000064736,0.024999994
416,1.758333,-0.000043828,-0.000064737,0.224999994,0.999999940,0.000001358,-0.000000744,0.000012248,0.000026354,-0.000015722,-0.000053225,0.002108388,0.000262766,-0.000005510,-0.000043828,-0.000064737,0.024999994
417,1.762500,-0.000043828,-0.000064737,0.224999994,0.999999940,0.000001264,-0.000000659,0.000012239,0.000026524,-0.000015651,-0.000053290,0.002109022,0.000266279,-0.000005450,-0.000043828,-0.000064737,0.024999994
418,1.766667,-0.000043828,-0.000064736,0.224999994,1.000000000,0.000001309,-0.000000700,0.000012251,0.000026428,-0.000015600,-0.000053217,0.002105867,0.000263872,-0.000005555,-0.000043828,-0.000064736,0.024999994
419,1.770833,-0.000043828,-0.000064736,0.224999994,0.999999940,0.000001360,-0.000000734,0.000012251,0.000026366,-0.000015732,-0.000053232,0.002108943,0.000262935,-0.000005491,-0.000043828,-0.000064736,0.024999994
420,1.775000,-0.000043826,-0.000064736,0.224999994,0.999999940,0.000001267,-0.000000651,0.000012255,0.000026673,-0.000015576,-0.000053323,0.002108446,0.000269553,-0.000005391,-0.000043826,-0.000064736,0.024999994
421,1.779167,-0.000043828,-0.000064736,0.224999994,1.000000000,0.000001313,-0.000000691,0.000012243,0.000026209,-0.000015797,-0.000053177,0.002108592,0.000259635,-0.000005548,-0.000043828,-0.000064736,0.024999994
422,1.783333,-0.000043828,-0.000064736,0.224999994,0.999999940,0.000001364,-0.000000724,0.000012243,0.000026372,-0.000015737,-0.000053236,0.002109215,0.000263071,-0.000005482,-0.000043828,-0.000064736,0.024999994
423,1.787500,-0.000043827,-0.000064736,0.224999994,0.999999940,0.000001380,-0.000000796,0.000012246,0.000026526,-0.000015575,-0.000053297,0.002107608,0.000265961,-0.000005546,-0.000043827,-0.000064736,0.024999994
424,1.791667,-0.000043828,-0.000064734,0.224999994,0.999999940,0.000001285,-0.000000699,0.000012247,0.000026396,-0.000015558,-0.000053266,0.002106408,0.000262591,-0.000005693,-0.000043828,-0.000064734,0.024999994
425,1.795833,-0.000043827,-0.000064734,0.224999994,1.000000000,0.000001336,-0.000000736,0.000012237,0.000026542,-0.000015637,-0.000053269,0.002108139,0.000266810,-0.000005422,-0.000043827,-0.000064734,0.024999994
426,1.800000,-0.000043830,-0.000064736,0.224999994,1.000000000,0.000001374,-0.000000779,0.000012248,0.000025769,-0.000016210,-0.000053130,0.002115514,0.000250853,-0.000005560,-0.000043830,-0.000064736,0.024999994
427,1.804167,-0.000043829,-0.000064736,0.224999994,1.000000000,0.000001283,-0.000000690,0.000012240,0.000026509,-0.000015696,-0.000053308,0.002110655,0.000265871,-0.000005438,-0.000043829,-0.000064736,0.024999994
428,1.808333,-0.000043829,-0.000064736,0.224999994,0.999999940,0.000001332,-0.000000730,0.000012253,0.000026560,-0.000015608,-0.000053264,0.002107408,0.000267098,-0.000005433,-0.000043829,-0.000064736,0.024999994
429,1.812500,-0.000043828,-0.000064736,0.224999994,1.000000000,0.000001383,-0.000000762,0.000012254,0.000026550,-0.000015548,-0.000053276,0.002106502,0.000266491,-0.000005526,-0.000043828,-0.000064736,0.024999994
430,1.816667,-0.000043828,-0.000064736,0.224999994,1.000000000,0.000001425,-0.000000805,0.000012244,0.000026309,-0.000015841,-0.000053258,0.002111810,0.000262122,-0.000005460,-0.000043828,-0.000064736,0.024999994
431,1.820833,-0.000043827,-0.000064738,0.224999994,1.000000000,0.000001471,-0.000000842,0.000012248,0.000026446,-0.000015786,-0.000053317,0.002112472,0.000264985,-0.000005420,-0.000043827,-0.000064738,0.024999994
432,1.825000,-0.000043828,-0.000064736,0.224999994,1.000000000,0.000001493,-0.000000891,0.000012250,0.000026364,-0.000015581,-0.000053308,0.002108026,0.000261736,-0.000005755,-0.000043828,-0.000064736,0.024999994
433,1.829167,-0.000043828,-0.000064736,0.224999994,1.000000000,0.000001393,-0.000000800,0.000012253,0.000026292,-0.000015797,-0.000053301,0.002112229,0.000261105,-0.000005581,-0.000043828,-0.000064736,0.024999994
434,1.833333,-0.000043828,-0.000064736,0.224999994,1.000000000,0.000001435,-0.000000837,0.000012255,0.000026330,-0.000015765,-0.000053271,0.002110824,0.000261974,-0.000005539,-0.000043828,-0.000064736,0.024999994
435,1.837500,-0.000043829,-0.000064737,0.224999994,1.000000000,0.000001480,-0.000000867,0.000012258,0.000026310,-0.000015779,-0.000053288,0.002111502,0.000261558,-0.000005566,-0.000043829,-0.000064737,0.024999994
436,1.841667,-0.000043829,-0.000064738,0.224999994,1.000000000,0.000001380,-0.000000781,0.000012250,0.000026278,-0.000015877,-0.000053299,0.002113864,0.000261182,-0.000005502,-0.000043829,-0.000064738,0.024999994
437,1.845833,-0.000043830,-0.000064737,0.224999994,1.000000000,0.000001285,-0.000000686,0.000012251,0.000026214,-0.000015741,-0.000053230,0.002109097,0.000259034,-0.000005665,-0.000043830,-0.000064737,0.024999994
438,1.850000,-0.000043829,-0.000064738,0.224999994,0.999999940,0.000001337,-0.000000727,0.000012252,0.000026509,-0.000015745,-0.000053262,0.002110165,0.000266547,-0.000005332,-0.000043829,-0.000064738,0.024999994
439,1.854167,-0.000043827,-0.000064735,0.224999994,1.000000000,0.000001385,-0.000000762,0.000012255,0.000026980,-0.000015146,-0.000053356,0.002100727,0.000274860,-0.000005550,-0.000043827,-0.000064735,0.024999994
440,1.858333,-0.000043829,-0.000064736,0.224999994,1.000000000,0.000001425,-0.000000800,0.000012243,0.000025954,-0.000016018,-0.000053173,0.002112755,0.000254479,-0.000005601,-0.000043829,-0.000064736,0.024999994
441,1.862500,-0.000043828,-0.000064737,0.224999994,1.000000000,0.000001471,-0.000000837,0.000012247,0.000026458,-0.000015797,-0.000053322,0.002112997,0.000265170,-0.000005398,-0.000043828,-0.000064737,0.024999994
442,1.866667,-0.000043828,-0.000064736,0.224999994,1.000000000,0.000001493,-0.000000886,0.000012249,0.000026362,-0.000015581,-0.000053309,0.002108058,0.000261639,-0.000005755,-0.000043828,-0.000064736,0.024999994
443,1.870833,-0.000043829,-0.000064736,0.224999994,1.000000000,0.000001393,-0.000000795,0.000012253,0.000026291,-0.000015798,-0.000053301,0.002112262,0.000261098,-0.000005581,-0.000043829,-0.000064736,0.024999994
444,1.875000,-0.000043829,-0.000064736,0.224999994,1.000000000,0.000001435,-0.000000832,0.000012254,0.000026331,-0.000015765,-0.000053271,0.002110766,0.000262035,-0.000005538,-0.000043829,-0.000064736,0.024999994
445,1.879167,-0.000043829,-0.000064736,0.224999994,1.000000000,0.000001480,-0.000000862,0.000012257,0.000026310,-0.000015780,-0.000053289,0.002111509,0.000261557,-0.000005566,-0.000043829,-0.000064736,0.024999994
446,1.883333,-0.000043828,-0.000064737,0.224999994,1.000000000,0.000001506,-0.000000713,0.000012211,0.000026619,-0.000015692,-0.000053374,0.002112223,0.000268599,-0.000005375,-0.000043828,-0.000064737,0.024999994
447,1.887500,-0.000043828,-0.000064736,0.224999994,1.000000000,0.000001462,-0.000000845,0.000012238,0.000026312,-0.000015605,-0.000053312,0.002108427,0.000260678,-0.000005798,-0.000043828,-0.000064736,0.024999994
448,1.891667,-0.000043827,-0.000064736,0.224999994,1.000000000,0.000001509,-0.000000873,0.000012253,0.000026492,-0.000015680,-0.000053334,0.002110880,0.000265415,-0.000005509,-0.000043827,-0.000064736,0.024999994
449,1.895833,-0.000043830,-0.000064736,0.224999994,1.000000000,0.000001387,-0.000000800,0.000012242,0.000025734,-0.000016102,-0.000053198,0.002115225,0.000249041,-0.000005801,-0.000043830,-0.000064736,0.024999994
450,1.900000,-0.000043829,-0.000064736,0.224999994,1.000000000,0.000001297,-0.000000709,0.000012246,0.000026691,-0.000015594,-0.000053355,0.002109932,0.000269820,-0.000005382,-0.000043829,-0.000064736,0.024999994
451,1.904167,-0.000043829,-0.000064736,0.224999994,0.999999940,0.000001348,-0.000000743,0.000012247,0.000026355,-0.000015722,-0.000053230,0.002108577,0.000262726,-0.000005514,-0.000043829,-0.000064736,0.024999994
452,1.908333,-0.000043828,-0.000064736,0.224999994,0.999999940,0.000001252,-0.000000657,0.000012249,0.000026587,-0.000015525,-0.000053295,0.002106652,0.000267116,-0.000005529,-0.000043828,-0.000064736,0.024999994
453,1.912500,-0.000043828,-0.000064734,0.224999994,1.000000000,0.000001295,-0.000000697,0.000012249,0.000026452,-0.000015510,-0.000053211,0.002103885,0.000264002,-0.000005620,-0.000043828,-0.000064734,0.024999994
454,1.916667,-0.000043829,-0.000064736,0.224999994,0.999999940,0.000001482,-0.000000866,0.000012250,0.000026277,-0.000015949,-0.000053226,0.002113128,0.000261976,-0.000005343,-0.000043829,-0.000064736,0.024999994
455,1.920833,-0.000043828,-0.000064735,0.224999994,0.999999940,0.000001528,-0.000000893,0.000012253,0.000026500,-0.000015600,-0.000053338,0.002109316,0.000265161,-0.000005594,-0.000043828,-0.000064735,0.024999994
456,1.925000,-0.000043827,-0.000064735,0.224999994,0.999999940,0.000001388,-0.000000644,0.000012208,0.000026431,-0.000015718,-0.000053356,0.002112111,0.000264062,-0.000005560,-0.000043827,-0.000064735,0.024999994
457,1.929167,-0.000043827,-0.000064734,0.224999994,0.999999940,0.000001358,-0.000000768,0.000012245,0.000026553,-0.000015468,-0.000053307,0.002105707,0.000265987,-0.000005658,-0.000043827,-0.000064734,0.024999994
458,1.933333,-0.000043828,-0.000064735,0.224999994,0.999999940,0.000001399,-0.000000808,0.000012247,0.000026102,-0.000015968,-0.000053213,0.002113058,0.000257692,-0.000005520,-0.000043828,-0.000064735,0.024999994
459,1.937500,-0.000043828,-0.000064736,0.224999994,0.999999940,0.000001442,-0.000000846,0.000012261,0.000026295,-0.000015873,-0.000053275,0.002113141,0.000261678,-0.000005464,-0.000043828,-0.000064736,0.024999994
460,1.941667,-0.000043828,-0.000064735,0.224999994,0.999999940,0.000001354,-0.000000745,0.000012240,0.000026511,-0.000015593,-0.000053327,0.002108915,0.000265399,-0.000005570,-0.000043828,-0.000064735,0.024999994
461,1.945833,-0.000043827,-0.000064735,0.224999994,0.999999940,0.000001258,-0.000000659,0.000012266,0.000026540,-0.000015558,-0.000053284,0.002106918,0.000266263,-0.000005540,-0.000043827,-0.000064735,0.024999994
462,1.950000,-0.000043828,-0.000064736,0.224999994,1.000000000,0.000001307,-0.000000699,0.000012242,0.000026151,-0.000015929,-0.000053172,0.002111102,0.000258886,-0.000005456,-0.000043828,-0.000064736,0.024999994
463,1.954167,-0.000043828,-0.000064736,0.224999994,0.999999940,0.000001358,-0.000000733,0.000012243,0.000026374,-0.000015737,-0.000053240,0.002109411,0.000263072,-0.000005485,-0.000043828,-0.000064736,0.024999994
464,1.958333,-0.000043827,-0.000064736,0.224999994,0.999999940,0.000001265,-0.000000650,0.000012246,0.000026672,-0.000015576,-0.000053323,0.002108457,0.000269556,-0.000005394,-0.000043827,-0.000064736,0.024999994
465,1.962500,-0.000043828,-0.000064736,0.224999994,1.000000000,0.000001311,-0.000000689,0.000012234,0.000026210,-0.000015796,-0.000053177,0.002108534,0.000259631,-0.000005546,-0.000043828,-0.000064736,0.024999994
466,1.966667,-0.000043828,-0.000064736,0.224999994,0.999999940,0.000001362,-0.000000723,0.000012235,0.000026372,-0.000015736,-0.000053236,0.002109222,0.000263080,-0.000005482,-0.000043828,-0.000064736,0.024999994
467,1.970833,-0.000043828,-0.000064734,0.224999994,0.999999940,0.000001243,-0.000000661,0.000012249,0.000026589,-0.000015450,-0.000053301,0.002105222,0.000266804,-0.000005624,-0.000043828,-0.000064734,0.024999994
468,1.975000,-0.000043828,-0.000064735,0.224999994,1.000000000,0.000001290,-0.000000703,0.000012249,0.000026364,-0.000015727,-0.000053207,0.002108060,0.000263061,-0.000005472,-0.000043828,-0.000064735,0.024999994
469,1.979167,-0.000043828,-0.000064737,0.224999994,0.999999940,0.000001477,-0.000000871,0.000012250,0.000026278,-0.000015948,-0.000053230,0.002113285,0.000261983,-0.000005347,-0.000043828,-0.000064737,0.024999994
470,1.983333,-0.000043828,-0.000064736,0.224999994,0.999999940,0.000001523,-0.000000898,0.000012253,0.000026499,-0.000015600,-0.000053337,0.002109364,0.000265108,-0.000005593,-0.000043828,-0.000064736,0.024999994
471,1.987500,-0.000043827,-0.000064735,0.224999994,0.999999940,0.000001402,-0.000000623,0.000012219,0.000026475,-0.000015614,-0.000053346,0.002109796,0.000264615,-0.000005619,-0.000043827,-0.000064735,0.024999994
472,1.991667,-0.000043828,-0.000064735,0.224999994,1.000000000,0.000001499,-0.000000886,0.000012244,0.000026137,-0.000015787,-0.000053227,0.002109655,0.000257583,-0.000005710,-0.000043828,-0.000064735,0.024999994
473,1.995833,-0.000043829,-0.000064737,0.224999994,1.000000000,0.000001403,-0.000000796,0.000012248,0.000026210,-0.000016018,-0.000053304,0.002116810,0.000260198,-0.000005427,-0.000043829,-0.000064737,0.024999994
474,2.000000,-0.000043829,-0.000064737,0.224999994,1.000000000,0.000001444,-0.000000834,0.000012250,0.000026331,-0.000015764,-0.000053277,0.002110997,0.000261955,-0.000005545,-0.000043829,-0.000064737,0.024999994
475,2.004167,-0.000043829,-0.000064737,0.224999994,1.000000000,0.000001490,-0.000000864,0.000012252,0.000026310,-0.000015779,-0.000053288,0.002111547,0.000261516,-0.000005566,-0.000043829,-0.000064737,0.024999994
476,2.008333,-0.000043827,-0.000064737,0.224999994,1.000000000,0.000001368,-0.000000598,0.000012207,0.000026824,-0.000015499,-0.000053420,0.002109748,0.000272559,-0.000005400,-0.000043827,-0.000064737,0.024999994
477,2.012500,-0.000043830,-0.000064735,0.224999994,0.999999940,0.000001460,-0.000000859,0.000012241,0.000025831,-0.000015850,-0.000053140,0.002108319,0.000250538,-0.000005924,-0.000043830,-0.000064735,0.024999994
478,2.016667,-0.000043827,-0.000064735,0.224999994,0.999999940,0.000001352,-0.000000577,0.000012207,0.000026860,-0.000015433,-0.000053412,0.002108266,0.000273026,-0.000005423,-0.000043827,-0.000064735,0.024999994
479,2.020833,-0.000043828,-0.000064736,0.224999994,1.000000000,0.000001450,-0.000000852,0.000012244,0.000026202,-0.000015902,-0.000053231,0.002112035,0.000260032,-0.000005504,-0.000043828,-0.000064736,0.024999994
480,2.025000,-0.000043828,-0.000064736,0.224999994,1.000000000,0.000001495,-0.000000882,0.000012247,0.000026314,-0.000015782,-0.000053293,0.002111713,0.000261592,-0.000005563,-0.000043828,-0.000064736,0.024999994
481,2.029167,-0.000043828,-0.000064736,0.224999994,1.000000000,0.000001395,-0.000000790,0.000012250,0.000026292,-0.000015796,-0.000053307,0.002112386,0.000261041,-0.000005589,-0.000043828,-0.000064736,0.024999994
482,2.033333,-0.000043828,-0.000064737,0.224999994,1.000000000,0.000001437,-0.000000828,0.000012252,0.000026331,-0.000015765,-0.000053272,0.002110767,0.000262042,-0.000005538,-0.000043828,-0.000064737,0.024999994
483,2.037500,-0.000043829,-0.000064737,0.224999994,1.000000000,0.000001482,-0.000000858,0.000012254,0.000026310,-0.000015779,-0.000053289,0.002111498,0.000261524,-0.000005565,-0.000043829,-0.000064737,0.024999994
484,2.041667,-0.000043829,-0.000064738,0.224999994,1.000000000,0.000001382,-0.000000771,0.000012246,0.000026278,-0.000015877,-0.000053300,0.002113862,0.000261200,-0.000005502,-0.000043829,-0.000064738,0.024999994
485,2.045833,-0.000043830,-0.000064737,0.224999994,1.000000000,0.000001287,-0.000000677,0.000012247,0.000026214,-0.000015741,-0.000053230,0.002109059,0.000259046,-0.000005663,-0.000043830,-0.000064737,0.024999994
486,2.050000,-0.000043829,-0.000064738,0.224999994,0.999999940,0.000001339,-0.000000717,0.000012249,0.000026509,-0.000015745,-0.000053262,0.002110105,0.000266583,-0.000005333,-0.000043829,-0.000064738,0.024999994
487,2.054167,-0.000043827,-0.000064736,0.224999994,1.000000000,0.000001387,-0.000000752,0.000012251,0.000026980,-0.000015146,-0.000053356,0.002100745,0.000274935,-0.000005553,-0.000043827,-0.000064736,0.024999994
488,2.058333,-0.000043829,-0.000064736,0.224999994,1.000000000,0.000001405,-0.000000815,0.000012252,0.000025957,-0.000015942,-0.000053180,0.002111406,0.000254093,-0.000005695,-0.000043829,-0.000064736,0.024999994
489,2.062500,-0.000043827,-0.000064735,0.224999994,1.000000000,0.000001315,-0.000000719,0.000012244,0.000026740,-0.000015470,-0.000053364,0.002107661,0.000270385,-0.000005476,-0.000043827,-0.000064735,0.024999994
490,2.066667,-0.000043828,-0.000064736,0.224999994,1.000000000,0.000001221,-0.000000637,0.000012257,0.000026279,-0.000015857,-0.000053230,0.002111254,0.000261615,-0.000005455,-0.000043828,-0.000064736,0.024999994
491,2.070833,-0.000043828,-0.000064735,0.224999994,0.999999940,0.000001264,-0.000000681,0.000012246,0.000026463,-0.000015583,-0.000053217,0.002105620,0.000264568,-0.000005526,-0.000043828,-0.000064735,0.024999994
492,2.075000,-0.000043827,-0.000064736,0.224999994,1.000000000,0.000001315,-0.000000722,0.000012247,0.000026484,-0.000015752,-0.000053254,0.002109981,0.000266100,-0.000005347,-0.000043827,-0.000064736,0.024999994
493,2.079167,-0.000043828,-0.000064735,0.224999994,0.999999940,0.000001366,-0.000000749,0.000012247,0.000026226,-0.000015720,-0.000053208,0.002108019,0.000259371,-0.000005653,-0.000043828,-0.000064735,0.024999994
494,2.083333,-0.000043829,-0.000064736,0.224999994,0.999999940,0.000001271,-0.000000662,0.000012249,0.000026338,-0.000015767,-0.000053250,0.002110235,0.000262349,-0.000005505,-0.000043829,-0.000064736,0.024999994
495,2.087500,-0.000043828,-0.000064735,0.224999994,1.000000000,0.000001319,-0.000000701,0.000012250,0.000026576,-0.000015539,-0.000053262,0.002106016,0.000267061,-0.000005491,-0.000043828,-0.000064735,0.024999994
496,2.091667,-0.000043828,-0.000064737,0.224999994,0.999999940,0.000001506,-0.000000869,0.000012251,0.000026271,-0.000015943,-0.000053226,0.002112948,0.000261850,-0.000005355,-0.000043828,-0.000064737,0.024999994
497,2.095833,-0.000043828,-0.000064736,0.224999994,0.999999940,0.000001363,-0.000000622,0.000012217,0.000026470,-0.000015623,-0.000053354,0.002110214,0.000264508,-0.000005624,-0.000043828,-0.000064736,0.024999994
498,2.100000,-0.000043826,-0.000064735,0.224999994,1.000000000,0.000001480,-0.000000867,0.000012243,0.000026713,-0.000015386,-0.000053330,0.002104678,0.000269606,-0.000005578,-0.000043826,-0.000064735,0.024999994
499,2.104167,-0.000043829,-0.000064737,0.224999994,1.000000000,0.000001382,-0.000000775,0.000012245,0.000025644,-0.000016382,-0.000053171,0.002120130,0.000248425,-0.000005558,-0.000043829,-0.000064737,0.024999994
500,2.108333,-0.000043829,-0.000064737,0.224999994,1.000000000,0.000001289,-0.000000684,0.000012247,0.000026575,-0.000015571,-0.000053318,0.002108461,0.000266817,-0.000005513,-0.000043829,-0.000064737,0.024999994
501,2.112500,-0.000043830,-0.000064738,0.224999994,0.999999940,0.000001339,-0.000000721,0.000012247,0.000026154,-0.000015920,-0.000053183,0.002111201,0.000258891,-0.000005479,-0.000043830,-0.000064738,0.024999994
502,2.116667,-0.000043827,-0.000064735,0.224999994,1.000000000,0.000001387,-0.000000755,0.000012249,0.000026992,-0.000015157,-0.000053361,0.002101261,0.000275111,-0.000005529,-0.000043827,-0.000064735,0.024999994
503,2.120833,-0.000043827,-0.000064736,0.224999994,1.000000000,0.000001408,-0.000000823,0.000012264,0.000026272,-0.000015846,-0.000053255,0.002111631,0.000261350,-0.000005503,-0.000043827,-0.000064736,0.024999994
504,2.125000,-0.000043828,-0.000064736,0.224999994,1.000000000,0.000001451,-0.000000857,0.000012243,0.000026322,-0.000015773,-0.000053283,0.002111265,0.000261795,-0.000005546,-0.000043828,-0.000064736,0.024999994
505,2.129167,-0.000043828,-0.000064736,0.224999994,1.000000000,0.000001496,-0.000000882,0.000012256,0.000026324,-0.000015698,-0.000053294,0.002110113,0.000261346,-0.000005653,-0.000043828,-0.000064736,0.024999994
506,2.133333,-0.000043828,-0.000064736,0.224999994,1.000000000,0.000001396,-0.000000791,0.000012260,0.000026292,-0.000015797,-0.000053304,0.002112377,0.000261038,-0.000005585,-0.000043828,-0.000064736,0.024999994
507,2.137500,-0.000043829,-0.000064736,0.224999994,1.000000000,0.000001438,-0.000000828,0.000012262,0.000026331,-0.000015765,-0.000053271,0.002110799,0.000262024,-0.000005538,-0.000043829,-0.000064736,0.024999994
508,2.141667,-0.000043828,-0.000064736,0.224999994,1.000000000,0.000001484,-0.000000861,0.000012253,0.000026501,-0.000015669,-0.000053329,0.002110488,0.000265595,-0.000005500,-0.000043828,-0.000064736,0.024999994
509,2.145833,-0.000043828,-0.000064737,0.224999994,1.000000000,0.000001384,-0.000000775,0.000012245,0.000026271,-0.000015873,-0.000053296,0.002113606,0.000261054,-0.000005512,-0.000043828,-0.000064737,0.024999994
510,2.150000,-0.000043829,-0.000064736,0.224999994,1.000000000,0.000001289,-0.000000680,0.000012246,0.000026214,-0.000015741,-0.000053230,0.002109105,0.000259082,-0.000005664,-0.000043829,-0.000064736,0.024999994
511,2.154167,-0.000043829,-0.000064738,0.224999994,0.999999940,0.000001340,-0.000000721,0.000012248,0.000026508,-0.000015745,-0.000053262,0.002110173,0.000266532,-0.000005333,-0.000043829,-0.000064738,0.024999994
512,2.158333,-0.000043828,-0.000064735,0.224999994,1.000000000,0.000001388,-0.000000751,0.000012248,0.000026639,-0.000015332,-0.000053283,0.002102340,0.000267502,-0.000005676,-0.000043828,-0.000064735,0.024999994
513,2.162500,-0.000043828,-0.000064737,0.224999994,1.000000000,0.000001410,-0.000000819,0.000012251,0.000026222,-0.000015983,-0.000053255,0.002114498,0.000260783,-0.000005403,-0.000043828,-0.000064737,0.024999994
514,2.166667,-0.000043828,-0.000064736,0.224999994,1.000000000,0.000001319,-0.000000719,0.000012242,0.000026387,-0.000015646,-0.000053291,0.002108954,0.000262666,-0.000005627,-0.000043828,-0.000064736,0.024999994
515,2.170833,-0.000043829,-0.000064735,0.224999994,0.999999940,0.000001370,-0.000000748,0.000012254,0.000026381,-0.000015651,-0.000053238,0.002107568,0.000262784,-0.000005578,-0.000043829,-0.000064735,0.024999994
516,2.175000,-0.000043828,-0.000064736,0.224999994,0.999999940,0.000001276,-0.000000664,0.000012245,0.000026523,-0.000015652,-0.000053288,0.002109007,0.000266235,-0.000005449,-0.000043828,-0.000064736,0.024999994
517,2.179167,-0.000043827,-0.000064735,0.224999994,1.000000000,0.000001324,-0.000000703,0.000012246,0.000026570,-0.000015533,-0.000053259,0.002105692,0.000267007,-0.000005501,-0.000043827,-0.000064735,0.024999994
518,2.183333,-0.000043827,-0.000064736,0.224999994,1.000000000,0.000001230,-0.000000623,0.000012249,0.000026477,-0.000015751,-0.000053273,0.002110435,0.000265830,-0.000005378,-0.000043827,-0.000064736,0.024999994
519,2.187500,-0.000043828,-0.000064735,0.224999994,0.999999940,0.000001273,-0.000000665,0.000012248,0.000026264,-0.000015688,-0.000053173,0.002106376,0.000260328,-0.000005604,-0.000043828,-0.000064735,0.024999994
520,2.191667,-0.000043827,-0.000064736,0.224999994,1.000000000,0.000001325,-0.000000706,0.000012249,0.000026491,-0.000015758,-0.000053258,0.002110282,0.000266175,-0.000005332,-0.000043827,-0.000064736,0.024999994
521,2.195833,-0.000043827,-0.000064735,0.224999994,0.999999940,0.000001376,-0.000000737,0.000012251,0.000026567,-0.000015534,-0.000053282,0.002106384,0.000266759,-0.000005529,-0.000043827,-0.000064735,0.024999994
522,2.200000,-0.000043828,-0.000064735,0.224999994,0.999999940,0.000001390,-0.000000804,0.000012252,0.000026179,-0.000015757,-0.000053216,0.002108922,0.000258424,-0.000005678,-0.000043828,-0.000064735,0.024999994
523,2.204167,-0.000043828,-0.000064735,0.224999994,0.999999940,0.000001432,-0.000000842,0.000012253,0.000026320,-0.000015784,-0.000053269,0.002111134,0.000261841,-0.000005527,-0.000043828,-0.000064735,0.024999994
524,2.208333,-0.000043828,-0.000064735,0.224999994,0.999999940,0.000001478,-0.000000874,0.000012245,0.000026486,-0.000015683,-0.000053326,0.002110722,0.000265320,-0.000005501,-0.000043828,-0.000064735,0.024999994
525,2.212500,-0.000043826,-0.000064735,0.224999994,0.999999940,0.000001356,-0.000000606,0.000012211,0.000026611,-0.000015620,-0.000053374,0.002110711,0.000268092,-0.000005475,-0.000043826,-0.000064735,0.024999994
526,2.216667,-0.000043827,-0.000064735,0.224999994,1.000000000,0.000001472,-0.000000848,0.000012235,0.000026161,-0.000015760,-0.000053208,0.002108631,0.000258135,-0.000005693,-0.000043827,-0.000064735,0.024999994
527,2.220833,-0.000043826,-0.000064737,0.224999994,1.000000000,0.000001350,-0.000000583,0.000012213,0.000026408,-0.000015898,-0.000053335,0.002115310,0.000264539,-0.000005357,-0.000043826,-0.000064737,0.024999994
528,2.225000,-0.000043828,-0.000064737,0.224999994,0.999999940,0.000001468,-0.000000826,0.000012248,0.000026156,-0.000015838,-0.000053220,0.002110558,0.000258391,-0.000005623,-0.000043828,-0.000064737,0.024999994
529,2.229167,-0.000043827,-0.000064736,0.224999994,0.999999940,0.000001491,-0.000000882,0.000012252,0.000026495,-0.000015613,-0.000053334,0.002109577,0.000265059,-0.000005581,-0.000043827,-0.000064736,0.024999994
530,2.233333,-0.000043828,-0.000064735,0.224999994,0.999999940,0.000001388,-0.000000788,0.000012231,0.000026145,-0.000015791,-0.000053265,0.002111041,0.000257436,-0.000005725,-0.000043828,-0.000064735,0.024999994
531,2.237500,-0.000043828,-0.000064735,0.224999994,0.999999940,0.000001296,-0.000000694,0.000012257,0.000026534,-0.000015584,-0.000053307,0.002108254,0.000265995,-0.000005542,-0.000043828,-0.000064735,0.024999994
532,2.241667,-0.000043827,-0.000064735,0.224999994,1.000000000,0.000001347,-0.000000730,0.000012247,0.000026537,-0.000015632,-0.000053268,0.002107971,0.000266655,-0.000005434,-0.000043827,-0.000064735,0.024999994
533,2.245833,-0.000043829,-0.000064737,0.224999994,1.000000000,0.000001388,-0.000000773,0.000012247,0.000025911,-0.000016145,-0.000053172,0.002115476,0.000253919,-0.000005506,-0.000043829,-0.000064737,0.024999994
534,2.250000,-0.000043828,-0.000064738,0.224999994,1.000000000,0.000001431,-0.000000817,0.000012250,0.000026478,-0.000015780,-0.000053308,0.002112280,0.000265662,-0.000005377,-0.000043828,-0.000064738,0.024999994
535,2.254167,-0.000043829,-0.000064737,0.224999994,1.000000000,0.000001340,-0.000000717,0.000012240,0.000026378,-0.000015639,-0.000053284,0.002108580,0.000262533,-0.000005639,-0.000043829,-0.000064737,0.024999994
536,2.258333,-0.000043829,-0.000064738,0.224999994,1.000000000,0.000001246,-0.000000634,0.000012254,0.000026292,-0.000015867,-0.000053236,0.002111763,0.000261831,-0.000005429,-0.000043829,-0.000064738,0.024999994
537,2.262500,-0.000043829,-0.000064737,0.224999994,0.999999940,0.000001289,-0.000000679,0.000012242,0.000026462,-0.000015583,-0.000053217,0.002105574,0.000264614,-0.000005528,-0.000043829,-0.000064737,0.024999994
538,2.266667,-0.000043827,-0.000064737,0.224999994,1.000000000,0.000001338,-0.000000723,0.000012245,0.000026915,-0.000015351,-0.000053331,0.002104102,0.000274518,-0.000005366,-0.000043827,-0.000064737,0.024999994
539,2.270833,-0.000043829,-0.000064737,0.224999994,1.000000000,0.000001374,-0.000000768,0.000012256,0.000025933,-0.000016038,-0.000053153,0.002112590,0.000254109,-0.000005587,-0.000043829,-0.000064737,0.024999994
540,2.275000,-0.000043829,-0.000064736,0.224999994,1.000000000,0.000001278,-0.000000675,0.000012234,0.000026443,-0.000015550,-0.000053274,0.002106708,0.000263504,-0.000005648,-0.000043829,-0.000064736,0.024999994
541,2.279167,-0.000043827,-0.000064736,0.224999994,0.999999940,0.000001328,-0.000000718,0.000012260,0.000026714,-0.000015539,-0.000053295,0.002106863,0.000270621,-0.000005361,-0.000043827,-0.000064736,0.024999994
542,2.283333,-0.000043827,-0.000064735,0.224999994,1.000000000,0.000001379,-0.000000749,0.000012261,0.000026544,-0.000015543,-0.000053272,0.002106236,0.000266365,-0.000005536,-0.000043827,-0.000064735,0.024999994
543,2.287500,-0.000043829,-0.000064734,0.224999994,1.000000000,0.000001395,-0.000000810,0.000012250,0.000025996,-0.000015863,-0.000053190,0.002110232,0.000254435,-0.000005746,-0.000043829,-0.000064734,0.024999994
544,2.291667,-0.000043827,-0.000064737,0.224999994,1.000000000,0.000001416,-0.000000673,0.000012215,0.000026594,-0.000015805,-0.000053345,0.002113753,0.000268696,-0.000005245,-0.000043827,-0.000064737,0.024999994
545,2.295833,-0.000043828,-0.000064737,0.224999994,1.000000000,0.000001391,-0.000000793,0.000012242,0.000026273,-0.000015781,-0.000053277,0.002110976,0.000260885,-0.000005604,-0.000043828,-0.000064737,0.024999994
546,2.300000,-0.000043828,-0.000064737,0.224999994,1.000000000,0.000001433,-0.000000830,0.000012244,0.000026331,-0.000015766,-0.000053271,0.002110802,0.000262016,-0.000005536,-0.000043828,-0.000064737,0.024999994
547,2.304167,-0.000043828,-0.000064737,0.224999994,1.000000000,0.000001478,-0.000000860,0.000012246,0.000026310,-0.000015779,-0.000053289,0.002111548,0.000261509,-0.000005567,-0.000043828,-0.000064737,0.024999994
548,2.308333,-0.000043828,-0.000064738,0.224999994,1.000000000,0.000001504,-0.000000708,0.000012211,0.000026427,-0.000015803,-0.000053333,0.002113294,0.000264432,-0.000005441,-0.000043828,-0.000064738,0.024999994
549,2.312500,-0.000043828,-0.000064738,0.224999994,1.000000000,0.000001459,-0.000000844,0.000012249,0.000026264,-0.000015728,-0.000053302,0.002110604,0.000260196,-0.000005706,-0.000043828,-0.000064738,0.024999994
550,2.316667,-0.000043828,-0.000064736,0.224999994,1.000000000,0.000001368,-0.000000740,0.000012251,0.000026403,-0.000015567,-0.000053292,0.002107386,0.000262593,-0.000005703,-0.000043828,-0.000064736,0.024999994
551,2.320833,-0.000043829,-0.000064735,0.224999994,1.000000000,0.000001383,-0.000000806,0.000012252,0.000026201,-0.000015748,-0.000053221,0.002108965,0.000258809,-0.000005664,-0.000043829,-0.000064735,0.024999994
552,2.325000,-0.000043827,-0.000064738,0.224999994,1.000000000,0.000001425,-0.000000648,0.000012218,0.000026734,-0.000015800,-0.000053369,0.002114339,0.000272244,-0.000005105,-0.000043827,-0.000064738,0.024999994
553,2.329167,-0.000043829,-0.000064736,0.224999994,1.000000000,0.000001373,-0.000000785,0.000012254,0.000026018,-0.000015671,-0.000053212,0.002106836,0.000253900,-0.000005980,-0.000043829,-0.000064736,0.024999994
554,2.333333,-0.000043828,-0.000064736,0.224999994,1.000000000,0.000001281,-0.000000696,0.000012245,0.000026504,-0.000015695,-0.000053295,0.002110157,0.000265884,-0.000005428,-0.000043828,-0.000064736,0.024999994
555,2.337500,-0.000043830,-0.000064736,0.224999994,0.999999940,0.000001329,-0.000000731,0.000012256,0.000026220,-0.000015794,-0.000053190,0.002108965,0.000259772,-0.000005558,-0.000043830,-0.000064736,0.024999994
556,2.341667,-0.000043827,-0.000064735,0.224999994,1.000000000,0.000001382,-0.000000768,0.000012259,0.000026902,-0.000015372,-0.000053355,0.002105342,0.000274118,-0.000005383,-0.000043827,-0.000064735,0.024999994
557,2.345833,-0.000043827,-0.000064737,0.224999994,1.000000000,0.000001425,-0.000000811,0.000012239,0.000026232,-0.000015958,-0.000053247,0.002113767,0.000260915,-0.000005404,-0.000043827,-0.000064737,0.024999994
558,2.350000,-0.000043828,-0.000064736,0.224999994,1.000000000,0.000001332,-0.000000710,0.000012264,0.000026409,-0.000015556,-0.000053288,0.002107043,0.000262730,-0.000005709,-0.000043828,-0.000064736,0.024999994
559,2.354167,-0.000043828,-0.000064736,0.224999994,1.000000000,0.000001236,-0.000000627,0.000012242,0.000026359,-0.000015742,-0.000053240,0.002109337,0.000262796,-0.000005491,-0.000043828,-0.000064736,0.024999994
560,2.358333,-0.000043828,-0.000064736,0.224999994,0.999999940,0.000001281,-0.000000672,0.000012265,0.000026394,-0.000015708,-0.000053209,0.002107810,0.000263643,-0.000005463,-0.000043828,-0.000064736,0.024999994
561,2.362500,-0.000043826,-0.000064735,0.224999994,1.000000000,0.000001329,-0.000000714,0.000012256,0.000026766,-0.000015426,-0.000053301,0.002104801,0.000271220,-0.000005427,-0.000043826,-0.000064735,0.024999994
562,2.366667,-0.000043829,-0.000064737,0.224999994,1.000000000,0.000001368,-0.000000760,0.000012233,0.000025916,-0.000016132,-0.000053158,0.002114750,0.000254081,-0.000005496,-0.000043829,-0.000064737,0.024999994
563,2.370833,-0.000043829,-0.000064737,0.224999994,1.000000000,0.000001276,-0.000000668,0.000012258,0.000026350,-0.000015765,-0.000053272,0.002110914,0.000262400,-0.000005519,-0.000043829,-0.000064737,0.024999994
564,2.375000,-0.000043829,-0.000064737,0.224999994,0.999999940,0.000001325,-0.000000706,0.000012235,0.000026378,-0.000015724,-0.000053228,0.002108693,0.000263256,-0.000005476,-0.000043829,-0.000064737,0.024999994
565,2.379167,-0.000043826,-0.000064737,0.224999994,1.000000000,0.000001353,-0.000000563,0.000012212,0.000027047,-0.000015293,-0.000053386,0.002104631,0.000277326,-0.000005334,-0.000043826,-0.000064737,0.024999994
566,2.383333,-0.000043828,-0.000064737,0.224999994,0.999999940,0.000001447,-0.000000833,0.000012259,0.000025935,-0.000015942,-0.000053161,0.002110762,0.000253672,-0.000005713,-0.000043828,-0.000064737,0.024999994
567,2.387500,-0.000043827,-0.000064736,0.224999994,0.999999940,0.000001359,-0.000000732,0.000012239,0.000026525,-0.000015606,-0.000053331,0.002109379,0.000265782,-0.000005544,-0.000043827,-0.000064736,0.024999994
568,2.391667,-0.000043826,-0.000064735,0.224999994,0.999999940,0.000001263,-0.000000648,0.000012253,0.000026731,-0.000015446,-0.000053324,0.002105838,0.000270326,-0.000005477,-0.000043826,-0.000064735,0.024999994
569,2.395833,-0.000043827,-0.000064737,0.224999994,1.000000000,0.000001314,-0.000000690,0.000012242,0.000026120,-0.000016013,-0.000053169,0.002112692,0.000258653,-0.000005399,-0.000043827,-0.000064737,0.024999994
570,2.400000,-0.000043829,-0.000064737,0.224999994,0.999999940,0.000001364,-0.000000718,0.000012241,0.000026032,-0.000015922,-0.000053169,0.002111006,0.000255592,-0.000005611,-0.000043829,-0.000064737,0.024999994
571,2.404167,-0.000043828,-0.000064736,0.224999994,0.999999940,0.000001379,-0.000000789,0.000012243,0.000026537,-0.000015586,-0.000053302,0.002108119,0.000266158,-0.000005528,-0.000043828,-0.000064736,0.024999994
572,2.408333,-0.000043827,-0.000064735,0.224999994,0.999999940,0.000001286,-0.000000698,0.000012247,0.000026737,-0.000015372,-0.000053339,0.002104780,0.000269988,-0.000005570,-0.000043827,-0.000064735,0.024999994
573,2.412500,-0.000043828,-0.000064735,0.224999994,1.000000000,0.000001336,-0.000000730,0.000012235,0.000026190,-0.000015813,-0.000053189,0.002109264,0.000259131,-0.000005566,-0.000043828,-0.000064735,0.024999994
574,2.416667,-0.000043828,-0.000064737,0.224999994,1.000000000,0.000001376,-0.000000780,0.000012260,0.000026273,-0.000015960,-0.000053243,0.002113831,0.000261820,-0.000005354,-0.000043828,-0.000064737,0.024999994
575,2.420833,-0.000043828,-0.000064737,0.224999994,1.000000000,0.000001284,-0.000000689,0.000012239,0.000026341,-0.000015756,-0.000053267,0.002110508,0.000262224,-0.000005530,-0.000043828,-0.000064737,0.024999994
576,2.425000,-0.000043829,-0.000064737,0.224999994,0.999999940,0.000001332,-0.000000724,0.000012250,0.000026226,-0.000015799,-0.000053194,0.002109202,0.000259887,-0.000005546,-0.000043829,-0.000064737,0.024999994
577,2.429167,-0.000043827,-0.000064736,0.224999994,1.000000000,0.000001384,-0.000000760,0.000012253,0.000026903,-0.000015372,-0.000053355,0.002105342,0.000274138,-0.000005383,-0.000043827,-0.000064736,0.024999994
578,2.433333,-0.000043828,-0.000064737,0.224999994,1.000000000,0.000001425,-0.000000801,0.000012254,0.000026105,-0.000015942,-0.000053212,0.002112402,0.000257667,-0.000005545,-0.000043828,-0.000064737,0.024999994
579,2.437500,-0.000043828,-0.000064736,0.224999994,1.000000000,0.000001333,-0.000000702,0.000012245,0.000026568,-0.000015487,-0.000053321,0.002106704,0.000266248,-0.000005623,-0.000043828,-0.000064736,0.024999994
580,2.441667,-0.000043828,-0.000064736,0.224999994,1.000000000,0.000001348,-0.000000776,0.000012247,0.000026330,-0.000015751,-0.000053246,0.002109603,0.000262195,-0.000005526,-0.000043828,-0.000064736,0.024999994
581,2.445833,-0.000043828,-0.000064736,0.224999994,1.000000000,0.000001277,-0.000000660,0.000012249,0.000026360,-0.000015742,-0.000053254,0.002109779,0.000262748,-0.000005510,-0.000043828,-0.000064736,0.024999994
582,2.450000,-0.000043827,-0.000064735,0.224999994,0.999999940,0.000001324,-0.000000699,0.000012250,0.000026591,-0.000015523,-0.000053265,0.002105715,0.000267435,-0.000005493,-0.000043827,-0.000064735,0.024999994
583,2.454167,-0.000043827,-0.000064737,0.224999994,1.000000000,0.000001511,-0.000000871,0.000012240,0.000026446,-0.000015847,-0.000053263,0.002112092,0.000265621,-0.000005289,-0.000043827,-0.000064737,0.024999994
584,2.458333,-0.000043830,-0.000064735,0.224999994,1.000000000,0.000001385,-0.000000795,0.000012252,0.000025860,-0.000015848,-0.000053212,0.002110616,0.000250680,-0.000005961,-0.000043830,-0.000064735,0.024999994
585,2.462500,-0.000043828,-0.000064736,0.224999994,1.000000000,0.000001296,-0.000000704,0.000012256,0.000026689,-0.000015594,-0.000053349,0.002109732,0.000269868,-0.000005380,-0.000043828,-0.000064736,0.024999994
586,2.466667,-0.000043828,-0.000064736,0.224999994,0.999999940,0.000001346,-0.000000739,0.000012257,0.000026355,-0.000015722,-0.000053229,0.002108595,0.000262733,-0.000005516,-0.000043828,-0.000064736,0.024999994
587,2.470833,-0.000043828,-0.000064735,0.224999994,0.999999940,0.000001251,-0.000000653,0.000012236,0.000026549,-0.000015562,-0.000053289,0.002107170,0.000266438,-0.000005520,-0.000043828,-0.000064735,0.024999994
588,2.475000,-0.000043827,-0.000064736,0.224999994,1.000000000,0.000001300,-0.000000697,0.000012261,0.000026489,-0.000015741,-0.000053244,0.002109449,0.000266203,-0.000005347,-0.000043827,-0.000064736,0.024999994
589,2.479167,-0.000043827,-0.000064736,0.224999994,0.999999940,0.000001351,-0.000000731,0.000012261,0.000026361,-0.000015727,-0.000053235,0.002108851,0.000262880,-0.000005506,-0.000043827,-0.000064736,0.024999994
590,2.483333,-0.000043827,-0.000064736,0.224999994,0.999999940,0.000001256,-0.000000645,0.000012240,0.000026549,-0.000015562,-0.000053289,0.002107177,0.000266423,-0.000005521,-0.000043827,-0.000064736,0.024999994
591,2.487500,-0.000043827,-0.000064735,0.224999994,1.000000000,0.000001301,-0.000000686,0.000012252,0.000026428,-0.000015600,-0.000053215,0.002105711,0.000263972,-0.000005552,-0.000043827,-0.000064735,0.024999994
592,2.491667,-0.000043829,-0.000064737,0.224999994,0.999999940,0.000001486,-0.000000850,0.000012251,0.000025935,-0.000016134,-0.000053155,0.002114803,0.000254515,-0.000005470,-0.000043829,-0.000064737,0.024999994
593,2.495833,-0.000043828,-0.000064735,0.224999994,0.999999940,0.000001489,-0.000000721,0.000012217,0.000026706,-0.000015423,-0.000053390,0.002107407,0.000269057,-0.000005602,-0.000043828,-0.000064735,0.024999994
594,2.500000,-0.000043827,-0.000064737,0.224999994,0.999999940,0.000001449,-0.000000657,0.000012217,0.000026299,-0.000015955,-0.000053312,0.002115451,0.000262464,-0.000005409,-0.000043827,-0.000064737,0.024999994
595,2.504167,-0.000043828,-0.000064735,0.224999994,0.999999940,0.000001397,-0.000000796,0.000012242,0.000026210,-0.000015588,-0.000053256,0.002106538,0.000258102,-0.000005884,-0.000043828,-0.000064735,0.024999994
596,2.508333,-0.000043829,-0.000064736,0.224999994,0.999999940,0.000001440,-0.000000834,0.000012256,0.000026295,-0.000015875,-0.000053267,0.002112819,0.000261769,-0.000005449,-0.000043829,-0.000064736,0.024999994
597,2.512500,-0.000043828,-0.000064735,0.224999994,0.999999940,0.000001352,-0.000000733,0.000012236,0.000026511,-0.000015593,-0.000053328,0.002108936,0.000265475,-0.000005575,-0.000043828,-0.000064735,0.024999994
598,2.516667,-0.000043826,-0.000064736,0.224999994,0.999999940,0.000001261,-0.000000651,0.000012251,0.000026642,-0.000015663,-0.000053320,0.002110078,0.000269352,-0.000005329,-0.000043826,-0.000064736,0.024999994
599,2.520833,-0.000043827,-0.000064736,0.224999994,1.000000000,0.000001307,-0.000000691,0.000012239,0.000026209,-0.000015797,-0.000053179,0.002108650,0.000259622,-0.000005549,-0.000043827,-0.000064736,0.024999994
600,2.525000,-0.000043828,-0.000064736,0.224999994,0.999999940,0.000001358,-0.000000724,0.000012240,0.000026373,-0.000015737,-0.000053237,0.002109220,0.000263099,-0.000005482,-0.000043828,-0.000064736,0.024999994
601,2.529167,-0.000043827,-0.000064735,0.224999994,0.999999940,0.000001239,-0.000000662,0.000012254,0.000026589,-0.000015449,-0.000053301,0.002105258,0.000266761,-0.000005623,-0.000043827,-0.000064735,0.024999994
602,2.533333,-0.000043828,-0.000064736,0.224999994,1.000000000,0.000001308,-0.000000678,0.000012253,0.000026170,-0.000015914,-0.000053159,0.002110549,0.000259258,-0.000005443,-0.000043828,-0.000064736,0.024999994
603,2.537500,-0.000043828,-0.000064735,0.224999994,0.999999940,0.000001336,-0.000000735,0.000012243,0.000026417,-0.000015624,-0.000053254,0.002107386,0.000263532,-0.000005575,-0.000043828,-0.000064735,0.024999994
604,2.541667,-0.000043828,-0.000064736,0.224999994,0.999999940,0.000001243,-0.000000655,0.000012245,0.000026467,-0.000015769,-0.000053273,0.002110916,0.000265615,-0.000005368,-0.000043828,-0.000064736,0.024999994
605,2.545833,-0.000043828,-0.000064734,0.224999994,1.000000000,0.000001286,-0.000000695,0.000012245,0.000026454,-0.000015510,-0.000053219,0.002104142,0.000264011,-0.000005626,-0.000043828,-0.000064734,0.024999994
606,2.550000,-0.000043828,-0.000064736,0.224999994,0.999999940,0.000001473,-0.000000863,0.000012246,0.000026277,-0.000015948,-0.000053226,0.002113061,0.000262002,-0.000005341,-0.000043828,-0.000064736,0.024999994
607,2.554167,-0.000043828,-0.000064736,0.224999994,0.999999940,0.000001519,-0.000000891,0.000012249,0.000026500,-0.000015600,-0.000053337,0.002109388,0.000265137,-0.000005594,-0.000043828,-0.000064736,0.024999994
608,2.558333,-0.000043827,-0.000064735,0.224999994,0.999999940,0.000001398,-0.000000615,0.000012215,0.000026475,-0.000015613,-0.000053346,0.002109807,0.000264538,-0.000005617,-0.000043827,-0.000064735,0.024999994
609,2.562500,-0.000043827,-0.000064736,0.224999994,1.000000000,0.000001499,-0.000000885,0.000012242,0.000026389,-0.000015818,-0.000053296,0.002112328,0.000263982,-0.000005438,-0.000043827,-0.000064736,0.024999994
610,2.566667,-0.000043829,-0.000064736,0.224999994,1.000000000,0.000001398,-0.000000789,0.000012243,0.000025947,-0.000015978,-0.000053234,0.002113863,0.000253539,-0.000005724,-0.000043829,-0.000064736,0.024999994
611,2.570833,-0.000043829,-0.000064736,0.224999994,1.000000000,0.000001440,-0.000000826,0.000012245,0.000026343,-0.000015775,-0.000053279,0.002111263,0.000262258,-0.000005518,-0.000043829,-0.000064736,0.024999994
612,2.575000,-0.000043827,-0.000064737,0.224999994,1.000000000,0.000001463,-0.000000679,0.000012210,0.000026651,-0.000015594,-0.000053363,0.002109933,0.000268896,-0.000005443,-0.000043827,-0.000064737,0.024999994
613,2.579167,-0.000043828,-0.000064737,0.224999994,1.000000000,0.000001419,-0.000000820,0.000012237,0.000026242,-0.000015805,-0.000053289,0.002111740,0.000260204,-0.000005627,-0.000043828,-0.000064737,0.024999994
614,2.583333,-0.000043828,-0.000064737,0.224999994,1.000000000,0.000001462,-0.000000854,0.000012263,0.000026321,-0.000015774,-0.000053280,0.002111197,0.000261800,-0.000005554,-0.000043828,-0.000064737,0.024999994
615,2.587500,-0.000043828,-0.000064737,0.224999994,1.000000000,0.000001509,-0.000000880,0.000012242,0.000026302,-0.000015788,-0.000053298,0.002111971,0.000261320,-0.000005571,-0.000043828,-0.000064737,0.024999994
616,2.591667,-0.000043829,-0.000064736,0.224999994,1.000000000,0.000001384,-0.000000809,0.000012256,0.000026208,-0.000015669,-0.000053284,0.002109187,0.000258205,-0.000005820,-0.000043829,-0.000064736,0.024999994
617,2.595833,-0.000043828,-0.000064737,0.224999994,1.000000000,0.000001317,-0.000000695,0.000012248,0.000026674,-0.000015660,-0.000053338,0.002110601,0.000269939,-0.000005307,-0.000043828,-0.000064737,0.024999994
618,2.600000,-0.000043828,-0.000064737,0.224999994,0.999999940,0.000001368,-0.000000729,0.000012249,0.000026355,-0.000015722,-0.000053231,0.002108660,0.000262688,-0.000005518,-0.000043828,-0.000064737,0.024999994
619,2.604167,-0.000043827,-0.000064736,0.224999994,0.999999940,0.000001383,-0.000000801,0.000012251,0.000026527,-0.000015576,-0.000053296,0.002107613,0.000265943,-0.000005543,-0.000043827,-0.000064736,0.024999994
620,2.608333,-0.000043828,-0.000064734,0.224999994,0.999999940,0.000001289,-0.000000704,0.000012253,0.000026397,-0.000015558,-0.000053265,0.002106418,0.000262567,-0.000005692,-0.000043828,-0.000064734,0.024999994
621,2.612500,-0.000043827,-0.000064735,0.224999994,1.000000000,0.000001340,-0.000000741,0.000012243,0.000026543,-0.000015637,-0.000053269,0.002108129,0.000266815,-0.000005421,-0.000043827,-0.000064735,0.024999994
622,2.616667,-0.000043829,-0.000064736,0.224999994,1.000000000,0.000001380,-0.000000783,0.000012243,0.000025912,-0.000016144,-0.000053172,0.002115447,0.000253898,-0.000005506,-0.000043829,-0.000064736,0.024999994
623,2.620833,-0.000043828,-0.000064738,0.224999994,1.000000000,0.000001423,-0.000000827,0.000012246,0.000026478,-0.000015780,-0.000053307,0.002112259,0.000265629,-0.000005376,-0.000043828,-0.000064738,0.024999994
624,2.625000,-0.000043830,-0.000064737,0.224999994,1.000000000,0.000001332,-0.000000725,0.000012247,0.000026187,-0.000015751,-0.000053244,0.002109651,0.000258378,-0.000005703,-0.000043830,-0.000064737,0.024999994
625,2.629167,-0.000043829,-0.000064738,0.224999994,1.000000000,0.000001238,-0.000000644,0.000012250,0.000026490,-0.000015762,-0.000053279,0.002111016,0.000266071,-0.000005354,-0.000043829,-0.000064738,0.024999994
626,2.633333,-0.000043830,-0.000064737,0.224999994,0.999999940,0.000001281,-0.000000686,0.000012249,0.000026264,-0.000015688,-0.000053174,0.002106342,0.000260412,-0.000005606,-0.000043830,-0.000064737,0.024999994
627,2.637500,-0.000043828,-0.000064736,0.224999994,1.000000000,0.000001330,-0.000000730,0.000012252,0.000026921,-0.000015357,-0.000053335,0.002104429,0.000274646,-0.000005355,-0.000043828,-0.000064736,0.024999994
628,2.641667,-0.000043829,-0.000064736,0.224999994,1.000000000,0.000001233,-0.000000645,0.000012241,0.000026149,-0.000015837,-0.000053192,0.002109705,0.000258355,-0.000005591,-0.000043829,-0.000064736,0.024999994
629,2.645833,-0.000043830,-0.000064736,0.224999994,0.999999940,0.000001277,-0.000000688,0.000012252,0.000026252,-0.000015789,-0.000053178,0.002108635,0.000260486,-0.000005509,-0.000043830,-0.000064736,0.024999994
630,2.650000,-0.000043828,-0.000064736,0.224999994,1.000000000,0.000001326,-0.000000731,0.000012255,0.000026921,-0.000015355,-0.000053337,0.002104439,0.000274624,-0.000005359,-0.000043828,-0.000064736,0.024999994
631,2.654167,-0.000043829,-0.000064736,0.224999994,1.000000000,0.000001230,-0.000000646,0.000012244,0.000026149,-0.000015837,-0.000053191,0.002109754,0.000258281,-0.000005592,-0.000043829,-0.000064736,0.024999994
632,2.658333,-0.000043830,-0.000064735,0.224999994,0.999999940,0.000001272,-0.000000688,0.000012243,0.000026277,-0.000015699,-0.000053177,0.002106773,0.000260639,-0.000005578,-0.000043830,-0.000064735,0.024999994
633,2.662500,-0.000043827,-0.000064736,0.224999994,1.000000000,0.000001325,-0.000000733,0.000012246,0.000026832,-0.000015573,-0.000053332,0.002108688,0.000273579,-0.000005210,-0.000043827,-0.000064736,0.024999994
634,2.666667,-0.000043829,-0.000064735,0.224999994,0.999999940,0.000001375,-0.000000760,0.000012246,0.000026213,-0.000015710,-0.000053202,0.002107502,0.000259121,-0.000005674,-0.000043829,-0.000064735,0.024999994
635,2.670833,-0.000043828,-0.000064736,0.224999994,0.999999940,0.000001417,-0.000000805,0.000012249,0.000026455,-0.000015791,-0.000053292,0.002111961,0.000265275,-0.000005379,-0.000043828,-0.000064736,0.024999994
636,2.675000,-0.000043827,-0.000064736,0.224999994,0.999999940,0.000001327,-0.000000708,0.000012252,0.000026513,-0.000015580,-0.000053316,0.002108252,0.000265541,-0.000005576,-0.000043827,-0.000064736,0.024999994
637,2.679167,-0.000043827,-0.000064735,0.224999994,1.000000000,0.000001379,-0.000000739,0.000012253,0.000026552,-0.000015551,-0.000053274,0.002106537,0.000266522,-0.000005520,-0.000043827,-0.000064735,0.024999994
638,2.683333,-0.000043830,-0.000064737,0.224999994,1.000000000,0.000001398,-0.000000804,0.000012242,0.000025701,-0.000016272,-0.000053138,0.002116983,0.000249409,-0.000005578,-0.000043830,-0.000064737,0.024999994
639,2.687500,-0.000043828,-0.000064737,0.224999994,1.000000000,0.000001309,-0.000000713,0.000012245,0.000026690,-0.000015594,-0.000053359,0.002110079,0.000269699,-0.000005388,-0.000043828,-0.000064737,0.024999994
640,2.691667,-0.000043829,-0.000064736,0.224999994,0.999999940,0.000001356,-0.000000745,0.000012246,0.000026444,-0.000015506,-0.000053233,0.002104396,0.000263697,-0.000005661,-0.000043829,-0.000064736,0.024999994
641,2.695833,-0.000043828,-0.000064736,0.224999994,0.999999940,0.000001262,-0.000000661,0.000012236,0.000026523,-0.000015652,-0.000053284,0.002108830,0.000266328,-0.000005445,-0.000043828,-0.000064736,0.024999994
642,2.700000,-0.000043828,-0.000064735,0.224999994,1.000000000,0.000001307,-0.000000701,0.000012248,0.000026428,-0.000015599,-0.000053217,0.002105820,0.000263878,-0.000005555,-0.000043828,-0.000064735,0.024999994
643,2.704167,-0.000043828,-0.000064737,0.224999994,0.999999940,0.000001493,-0.000000870,0.000012249,0.000026276,-0.000015948,-0.000053227,0.002113198,0.000261928,-0.000005346,-0.000043828,-0.000064737,0.024999994
644,2.708333,-0.000043827,-0.000064737,0.224999994,0.999999940,0.000001372,-0.000000601,0.000012215,0.000026616,-0.000015623,-0.000053381,0.002111111,0.000268081,-0.000005471,-0.000043827,-0.000064737,0.024999994
645,2.712500,-0.000043829,-0.000064734,0.224999994,1.000000000,0.000001463,-0.000000864,0.000012250,0.000026077,-0.000015633,-0.000053187,0.002105401,0.000255322,-0.000005924,-0.000043829,-0.000064734,0.024999994
646,2.716667,-0.000043829,-0.000064735,0.224999994,1.000000000,0.000001362,-0.000000778,0.000012242,0.000026289,-0.000015889,-0.000053297,0.002114067,0.000261492,-0.000005471,-0.000043829,-0.000064735,0.024999994
647,2.720833,-0.000043828,-0.000064735,0.224999994,1.000000000,0.000001269,-0.000000688,0.000012244,0.000026554,-0.000015555,-0.000053304,0.002107481,0.000266421,-0.000005543,-0.000043828,-0.000064735,0.024999994
648,2.725000,-0.000043829,-0.000064737,0.224999994,0.999999940,0.000001342,-0.000000702,0.000012245,0.000026303,-0.000015921,-0.000053209,0.002112067,0.000262572,-0.000005323,-0.000043829,-0.000064737,0.024999994
649,2.729167,-0.000043829,-0.000064735,0.224999994,1.000000000,0.000001370,-0.000000755,0.000012246,0.000026410,-0.000015552,-0.000053258,0.002106002,0.000262962,-0.000005675,-0.000043829,-0.000064735,0.024999994
650,2.733333,-0.000043826,-0.000064736,0.224999994,1.000000000,0.000001256,-0.000000491,0.000012212,0.000026805,-0.000015586,-0.000053365,0.002109861,0.000272909,-0.000005264,-0.000043826,-0.000064736,0.024999994
651,2.737500,-0.000043827,-0.000064736,0.224999994,0.999999940,0.000001366,-0.000000749,0.000012247,0.000026183,-0.000015797,-0.000053175,0.002108413,0.000259068,-0.000005591,-0.000043827,-0.000064736,0.024999994
652,2.741667,-0.000043828,-0.000064736,0.224999994,0.999999940,0.000001272,-0.000000661,0.000012249,0.000026338,-0.000015768,-0.000053250,0.002110373,0.000262255,-0.000005504,-0.000043828,-0.000064736,0.024999994
653,2.745833,-0.000043827,-0.000064736,0.224999994,1.000000000,0.000001320,-0.000000701,0.000012250,0.000026577,-0.000015538,-0.000053263,0.002105937,0.000267155,-0.000005490,-0.000043827,-0.000064736,0.024999994
654,2.750000,-0.000043827,-0.000064736,0.224999994,0.999999940,0.000001370,-0.000000735,0.000012250,0.000026360,-0.000015727,-0.000053229,0.002108679,0.000262866,-0.000005502,-0.000043827,-0.000064736,0.024999994
655,2.754167,-0.000043827,-0.000064735,0.224999994,0.999999940,0.000001386,-0.000000806,0.000012253,0.000026526,-0.000015577,-0.000053296,0.002107669,0.000265893,-0.000005545,-0.000043827,-0.000064735,0.024999994
656,2.758333,-0.000043828,-0.000064736,0.224999994,0.999999940,0.000001317,-0.000000685,0.000012254,0.000026113,-0.000015961,-0.000053216,0.002113073,0.000257832,-0.000005518,-0.000043828,-0.000064736,0.024999994
657,2.762500,-0.000043828,-0.000064735,0.224999994,1.000000000,0.000001346,-0.000000745,0.000012256,0.000026553,-0.000015566,-0.000053285,0.002107138,0.000266596,-0.000005513,-0.000043828,-0.000064735,0.024999994
658,2.766667,-0.000043828,-0.000064736,0.224999994,1.000000000,0.000001252,-0.000000658,0.000012257,0.000026342,-0.000015743,-0.000053248,0.002109584,0.000262390,-0.000005525,-0.000043828,-0.000064736,0.024999994
659,2.770833,-0.000043828,-0.000064736,0.224999994,0.999999940,0.000001299,-0.000000699,0.000012258,0.000026386,-0.000015717,-0.000053217,0.002108249,0.000263438,-0.000005466,-0.000043828,-0.000064736,0.024999994
660,2.775000,-0.000043827,-0.000064735,0.224999994,1.000000000,0.000001348,-0.000000734,0.000012236,0.000026567,-0.000015546,-0.000053270,0.002106349,0.000266899,-0.000005499,-0.000043827,-0.000064735,0.024999994
661,2.779167,-0.000043828,-0.000064737,0.224999994,1.000000000,0.000001390,-0.000000782,0.000012238,0.000026253,-0.000015959,-0.000053244,0.002113757,0.000261412,-0.000005379,-0.000043828,-0.000064737,0.024999994
662,2.783333,-0.000043828,-0.000064737,0.224999994,1.000000000,0.000001432,-0.000000819,0.000012240,0.000026330,-0.000015764,-0.000053275,0.002110902,0.000261967,-0.000005545,-0.000043828,-0.000064737,0.024999994
663,2.787500,-0.000043828,-0.000064738,0.224999994,1.000000000,0.000001477,-0.000000854,0.000012254,0.000026254,-0.000015898,-0.000053274,0.002113470,0.000260891,-0.000005482,-0.000043828,-0.000064738,0.024999994
664,2.791667,-0.000043828,-0.000064738,0.224999994,1.000000000,0.000001391,-0.000000748,0.000012257,0.000026518,-0.000015587,-0.000053339,0.002109152,0.000265477,-0.000005588,-0.000043828,-0.000064738,0.024999994
665,2.795833,-0.000043828,-0.000064736,0.224999994,1.000000000,0.000001274,-0.000000681,0.000012259,0.000026401,-0.000015551,-0.000053269,0.002106300,0.000262669,-0.000005700,-0.000043828,-0.000064736,0.024999994
666,2.800000,-0.000043828,-0.000064736,0.224999994,0.999999940,0.000001322,-0.000000718,0.000012236,0.000026379,-0.000015726,-0.000053221,0.002108577,0.000263291,-0.000005466,-0.000043828,-0.000064736,0.024999994
667,2.804167,-0.000043828,-0.000064735,0.224999994,1.000000000,0.000001374,-0.000000750,0.000012237,0.000026556,-0.000015553,-0.000053279,0.002106752,0.000266618,-0.000005518,-0.000043828,-0.000064735,0.024999994
668,2.808333,-0.000043827,-0.000064737,0.224999994,1.000000000,0.000001418,-0.000000796,0.000012252,0.000026433,-0.000015856,-0.000053293,0.002113087,0.000265234,-0.000005332,-0.000043827,-0.000064737,0.024999994
669,2.812500,-0.000043828,-0.000064736,0.224999994,1.000000000,0.000001325,-0.000000693,0.000012241,0.000026213,-0.000015662,-0.000053246,0.002107837,0.000258577,-0.000005772,-0.000043828,-0.000064736,0.024999994
670,2.816667,-0.000043829,-0.000064735,0.224999994,0.999999940,0.000001486,-0.000000882,0.000012253,0.000026202,-0.000015827,-0.000053208,0.002110234,0.000259329,-0.000005559,-0.000043829,-0.000064735,0.024999994
671,2.820833,-0.000043827,-0.000064734,0.224999994,0.999999940,0.000001230,-0.000000481,0.000012208,0.000026901,-0.000015301,-0.000053423,0.002105846,0.000273356,-0.000005539,-0.000043827,-0.000064734,0.024999994
672,2.825000,-0.000043828,-0.000064735,0.224999994,1.000000000,0.000001340,-0.000000744,0.000012255,0.000026110,-0.000015931,-0.000053151,0.002110377,0.000258116,-0.000005500,-0.000043828,-0.000064735,0.024999994
673,2.829167,-0.000043828,-0.000064737,0.224999994,1.000000000,0.000001383,-0.000000791,0.000012257,0.000026267,-0.000015970,-0.000053254,0.002114474,0.000261589,-0.000005358,-0.000043828,-0.000064737,0.024999994
674,2.833333,-0.000043828,-0.000064736,0.224999994,1.000000000,0.000001290,-0.000000694,0.000012247,0.000026355,-0.000015673,-0.000053275,0.002109017,0.000262136,-0.000005616,-0.000043828,-0.000064736,0.024999994
675,2.837500,-0.000043829,-0.000064736,0.224999994,0.999999940,0.000001341,-0.000000728,0.000012248,0.000026367,-0.000015734,-0.000053232,0.002109096,0.000262954,-0.000005489,-0.000043829,-0.000064736,0.024999994
676,2.841667,-0.000043828,-0.000064736,0.224999994,1.000000000,0.000001392,-0.000000760,0.000012249,0.000026556,-0.000015554,-0.000053279,0.002106744,0.000266595,-0.000005516,-0.000043828,-0.000064736,0.024999994
677,2.845833,-0.000043828,-0.000064736,0.224999994,1.000000000,0.000001411,-0.000000826,0.000012252,0.000026311,-0.000015766,-0.000053265,0.002110440,0.000261681,-0.000005556,-0.000043828,-0.000064736,0.024999994
678,2.850000,-0.000043830,-0.000064735,0.224999994,1.000000000,0.000001320,-0.000000724,0.000012253,0.000026195,-0.000015758,-0.000053246,0.002109830,0.000258604,-0.000005688,-0.000043830,-0.000064735,0.024999994
679,2.854167,-0.000043828,-0.000064736,0.224999994,0.999999940,0.000001375,-0.000000760,0.000012244,0.000026681,-0.000015650,-0.000053320,0.002109938,0.000270186,-0.000005291,-0.000043828,-0.000064736,0.024999994
680,2.858333,-0.000043827,-0.000064735,0.224999994,0.999999940,0.000001282,-0.000000670,0.000012246,0.000026525,-0.000015559,-0.000053294,0.002107173,0.000265903,-0.000005566,-0.000043827,-0.000064735,0.024999994
681,2.862500,-0.000043827,-0.000064735,0.224999994,1.000000000,0.000001329,-0.000000710,0.000012247,0.000026571,-0.000015535,-0.000053257,0.002105698,0.000267026,-0.000005496,-0.000043827,-0.000064735,0.024999994
682,2.866667,-0.000043828,-0.000064737,0.224999994,1.000000000,0.000001370,-0.000000759,0.000012249,0.000026047,-0.000016152,-0.000053196,0.002116271,0.000257380,-0.000005355,-0.000043828,-0.000064737,0.024999994
683,2.870833,-0.000043827,-0.000064735,0.224999994,1.000000000,0.000001273,-0.000000667,0.000012251,0.000026650,-0.000015343,-0.000053314,0.002103627,0.000267518,-0.000005682,-0.000043827,-0.000064735,0.024999994
684,2.875000,-0.000043826,-0.000064736,0.224999994,0.999999940,0.000001324,-0.000000709,0.000012252,0.000026495,-0.000015736,-0.000053251,0.002109523,0.000266319,-0.000005349,-0.000043826,-0.000064736,0.024999994
685,2.879167,-0.000043828,-0.000064735,0.224999994,1.000000000,0.000001374,-0.000000735,0.000012252,0.000026210,-0.000015734,-0.000053205,0.002108146,0.000259097,-0.000005653,-0.000043828,-0.000064735,0.024999994
686,2.883333,-0.000043829,-0.000064737,0.224999994,1.000000000,0.000001395,-0.000000805,0.000012242,0.000026055,-0.000016096,-0.000053218,0.002115785,0.000257143,-0.000005432,-0.000043829,-0.000064737,0.024999994
687,2.887500,-0.000043829,-0.000064735,0.224999994,1.000000000,0.000001301,-0.000000707,0.000012244,0.000026426,-0.000015553,-0.000053283,0.002106947,0.000263099,-0.000005681,-0.000043829,-0.000064735,0.024999994
688,2.891667,-0.000043828,-0.000064736,0.224999994,0.999999940,0.000001352,-0.000000746,0.000012246,0.000026707,-0.000015547,-0.000053304,0.002107336,0.000270385,-0.000005363,-0.000043828,-0.000064736,0.024999994
689,2.895833,-0.000043827,-0.000064735,0.224999994,0.999999940,0.000001256,-0.000000661,0.000012249,0.000026574,-0.000015515,-0.000053289,0.002106161,0.000266925,-0.000005551,-0.000043827,-0.000064735,0.024999994
690,2.900000,-0.000043829,-0.000064736,0.224999994,1.000000000,0.000001304,-0.000000699,0.000012259,0.000025997,-0.000016001,-0.000053137,0.002111552,0.000255497,-0.000005530,-0.000043829,-0.000064736,0.024999994
691,2.904167,-0.000043829,-0.000064736,0.224999994,0.999999940,0.000001355,-0.000000732,0.000012260,0.000026379,-0.000015741,-0.000053242,0.002109554,0.000263191,-0.000005475,-0.000043829,-0.000064736,0.024999994
692,2.908333,-0.000043827,-0.000064735,0.224999994,0.999999940,0.000001261,-0.000000651,0.000012241,0.000026889,-0.000015376,-0.000053362,0.002105562,0.000273842,-0.000005399,-0.000043827,-0.000064735,0.024999994
693,2.912500,-0.000043828,-0.000064736,0.224999994,1.000000000,0.000001309,-0.000000691,0.000012264,0.000026136,-0.000015918,-0.000053165,0.002110609,0.000258561,-0.000005492,-0.000043828,-0.000064736,0.024999994
694,2.916667,-0.000043827,-0.000064736,0.224999994,0.999999940,0.000001360,-0.000000728,0.000012254,0.000026565,-0.000015627,-0.000053281,0.002108274,0.000267244,-0.000005419,-0.000043827,-0.000064736,0.024999994
695,2.920833,-0.000043827,-0.000064736,0.224999994,0.999999940,0.000001375,-0.000000797,0.000012244,0.000026369,-0.000015645,-0.000053260,0.002107902,0.000262493,-0.000005618,-0.000043827,-0.000064736,0.024999994
696,2.925000,-0.000043827,-0.000064735,0.224999994,0.999999940,0.000001304,-0.000000679,0.000012246,0.000026549,-0.000015564,-0.000053295,0.002107416,0.000266422,-0.000005529,-0.000043827,-0.000064735,0.024999994
697,2.929167,-0.000043827,-0.000064736,0.224999994,1.000000000,0.000001357,-0.000000714,0.000012259,0.000026320,-0.000015832,-0.000053229,0.002110845,0.000262399,-0.000005431,-0.000043827,-0.000064736,0.024999994
698,2.933333,-0.000043830,-0.000064736,0.224999994,1.000000000,0.000001370,-0.000000780,0.000012247,0.000025847,-0.000016014,-0.000053148,0.002112137,0.000251549,-0.000005709,-0.000043830,-0.000064736,0.024999994
699,2.937500,-0.000043829,-0.000064735,0.224999994,1.000000000,0.000001276,-0.000000690,0.000012249,0.000026571,-0.000015569,-0.000053309,0.002108072,0.000266768,-0.000005509,-0.000043829,-0.000064735,0.024999994
700,2.941667,-0.000043829,-0.000064736,0.224999994,0.999999940,0.000001328,-0.000000731,0.000012251,0.000026496,-0.000015735,-0.000053257,0.002109689,0.000266279,-0.000005355,-0.000043829,-0.000064736,0.024999994
701,2.945833,-0.000043828,-0.000064735,0.224999994,1.000000000,0.000001379,-0.000000763,0.000012252,0.000026551,-0.000015548,-0.000053279,0.002106531,0.000266533,-0.000005527,-0.000043828,-0.000064735,0.024999994
702,2.950000,-0.000043827,-0.000064737,0.224999994,1.000000000,0.000001421,-0.000000808,0.000012255,0.000026458,-0.000015767,-0.000053291,0.002111305,0.000265341,-0.000005400,-0.000043827,-0.000064737,0.024999994
703,2.954167,-0.000043828,-0.000064737,0.224999994,1.000000000,0.000001465,-0.000000842,0.000012234,0.000026316,-0.000015767,-0.000053279,0.002111007,0.000261702,-0.000005560,-0.000043828,-0.000064737,0.024999994
704,2.958333,-0.000043827,-0.000064737,0.224999994,1.000000000,0.000001512,-0.000000871,0.000012249,0.000026491,-0.000015676,-0.000053337,0.002110846,0.000265386,-0.000005519,-0.000043827,-0.000064737,0.024999994
705,2.962500,-0.000043830,-0.000064737,0.224999994,1.000000000,0.000001390,-0.000000797,0.000012239,0.000025733,-0.000016103,-0.000053198,0.002115304,0.000249010,-0.000005801,-0.000043830,-0.000064737,0.024999994
706,2.966667,-0.000043828,-0.000064737,0.224999994,1.000000000,0.000001301,-0.000000706,0.000012242,0.000026692,-0.000015595,-0.000053355,0.002109941,0.000269822,-0.000005381,-0.000043828,-0.000064737,0.024999994
707,2.970833,-0.000043829,-0.000064735,0.224999994,0.999999940,0.000001348,-0.000000738,0.000012243,0.000026443,-0.000015507,-0.000053234,0.002104389,0.000263654,-0.000005660,-0.000043829,-0.000064735,0.024999994
708,2.975000,-0.000043827,-0.000064735,0.224999994,0.999999940,0.000001252,-0.000000655,0.000012257,0.000026736,-0.000015451,-0.000053321,0.002105935,0.000270451,-0.000005464,-0.000043827,-0.000064735,0.024999994
709,2.979167,-0.000043828,-0.000064736,0.224999994,1.000000000,0.000001301,-0.000000695,0.000012234,0.000026145,-0.000015923,-0.000053169,0.002110843,0.000258757,-0.000005469,-0.000043828,-0.000064736,0.024999994
710,2.983333,-0.000043829,-0.000064736,0.224999994,0.999999940,0.000001352,-0.000000729,0.000012235,0.000026374,-0.000015737,-0.000053240,0.002109400,0.000263054,-0.000005485,-0.000043829,-0.000064736,0.024999994
711,2.987500,-0.000043827,-0.000064735,0.224999994,0.999999940,0.000001256,-0.000000646,0.000012249,0.000026736,-0.000015449,-0.000053329,0.002106027,0.000270468,-0.000005472,-0.000043827,-0.000064735,0.024999994
712,2.991667,-0.000043827,-0.000064735,0.224999994,1.000000000,0.000001303,-0.000000687,0.000012250,0.000026358,-0.000015722,-0.000053205,0.002107944,0.000262909,-0.000005485,-0.000043827,-0.000064735,0.024999994
713,2.995833,-0.000043827,-0.000064735,0.224999994,0.999999940,0.000001354,-0.000000721,0.000012250,0.000026367,-0.000015732,-0.000053235,0.002109062,0.000262984,-0.000005493,-0.000043827,-0.000064735,0.024999994
714,3.000000,-0.000043827,-0.000064735,0.224999994,0.999999940,0.000001370,-0.000000793,0.000012253,0.000026526,-0.000015576,-0.000053296,0.002107588,0.000265933,-0.000005546,-0.000043827,-0.000064735,0.024999994
715,3.004167,-0.000043828,-0.000064737,0.224999994,0.999999940,0.000001301,-0.000000676,0.000012242,0.000026100,-0.000016042,-0.000053209,0.002114495,0.000258061,-0.000005430,-0.000043828,-0.000064737,0.024999994
716,3.008333,-0.000043827,-0.000064737,0.224999994,1.000000000,0.000001351,-0.000000716,0.000012255,0.000026558,-0.000015632,-0.000053271,0.002108159,0.000267130,-0.000005417,-0.000043827,-0.000064737,0.024999994
717,3.012500,-0.000043828,-0.000064737,0.224999994,1.000000000,0.000001366,-0.000000788,0.000012245,0.000026179,-0.000015824,-0.000053216,0.002110219,0.000258852,-0.000005596,-0.000043828,-0.000064737,0.024999994
718,3.016667,-0.000043829,-0.000064737,0.224999994,1.000000000,0.000001294,-0.000000671,0.000012246,0.000026365,-0.000015746,-0.000053256,0.002110047,0.000262800,-0.000005500,-0.000043829,-0.000064737,0.024999994
719,3.020833,-0.000043828,-0.000064738,0.224999994,0.999999940,0.000001346,-0.000000712,0.000012248,0.000026502,-0.000015739,-0.000053261,0.002109951,0.000266407,-0.000005347,-0.000043828,-0.000064738,0.024999994
720,3.025000,-0.000043828,-0.000064734,0.224999994,1.000000000,0.000001370,-0.000000764,0.000012248,0.000026492,-0.000015331,-0.000053255,0.002101461,0.000263878,-0.000005829,-0.000043828,-0.000064734,0.024999994
721,3.029167,-0.000043828,-0.000064736,0.224999994,1.000000000,0.000001411,-0.000000809,0.000012251,0.000026463,-0.000015773,-0.000053286,0.002111290,0.000265538,-0.000005384,-0.000043828,-0.000064736,0.024999994
722,3.033333,-0.000043827,-0.000064735,0.224999994,1.000000000,0.000001321,-0.000000712,0.000012254,0.000026529,-0.000015566,-0.000053319,0.002108061,0.000265839,-0.000005577,-0.000043827,-0.000064735,0.024999994
723,3.037500,-0.000043828,-0.000064737,0.224999994,1.000000000,0.000001361,-0.000000760,0.000012243,0.000026073,-0.000016064,-0.000053196,0.002114519,0.000257533,-0.000005422,-0.000043828,-0.000064737,0.024999994
724,3.041667,-0.000043828,-0.000064736,0.224999994,1.000000000,0.000001267,-0.000000670,0.000012246,0.000026561,-0.000015560,-0.000053309,0.002107788,0.000266574,-0.000005534,-0.000043828,-0.000064736,0.024999994
725,3.045833,-0.000043827,-0.000064735,0.224999994,0.999999940,0.000001315,-0.000000709,0.000012247,0.000026585,-0.000015519,-0.000053259,0.002105474,0.000267292,-0.000005500,-0.000043827,-0.000064735,0.024999994
726,3.050000,-0.000043829,-0.000064735,0.224999994,1.000000000,0.000001364,-0.000000739,0.000012246,0.000026004,-0.000015927,-0.000053152,0.002110504,0.000255138,-0.000005623,-0.000043829,-0.000064735,0.024999994
727,3.054167,-0.000043827,-0.000064736,0.224999994,1.000000000,0.000001271,-0.000000656,0.000012250,0.000026701,-0.000015572,-0.000053332,0.002108808,0.000270099,-0.000005372,-0.000043827,-0.000064736,0.024999994
728,3.058333,-0.000043828,-0.000064736,0.224999994,0.999999940,0.000001318,-0.000000697,0.000012250,0.000026374,-0.000015707,-0.000053211,0.002107821,0.000263165,-0.000005490,-0.000043828,-0.000064736,0.024999994
729,3.062500,-0.000043827,-0.000064736,0.224999994,1.000000000,0.000001370,-0.000000734,0.000012240,0.000026542,-0.000015635,-0.000053273,0.002108195,0.000266813,-0.000005428,-0.000043827,-0.000064736,0.024999994
730,3.066667,-0.000043830,-0.000064736,0.224999994,1.000000000,0.000001385,-0.000000797,0.000012251,0.000025828,-0.000016017,-0.000053150,0.002112166,0.000251149,-0.000005736,-0.000043830,-0.000064736,0.024999994
731,3.070833,-0.000043828,-0.000064736,0.224999994,1.000000000,0.000001295,-0.000000706,0.000012255,0.000026689,-0.000015593,-0.000053353,0.002109820,0.000269816,-0.000005386,-0.000043828,-0.000064736,0.024999994
732,3.075000,-0.000043829,-0.000064736,0.224999994,0.999999940,0.000001346,-0.000000740,0.000012256,0.000026355,-0.000015722,-0.000053230,0.002108607,0.000262669,-0.000005514,-0.000043829,-0.000064736,0.024999994
733,3.079167,-0.000043828,-0.000064735,0.224999994,0.999999940,0.000001251,-0.000000654,0.000012235,0.000026549,-0.000015562,-0.000053288,0.002107188,0.000266417,-0.000005520,-0.000043828,-0.000064735,0.024999994
734,3.083333,-0.000043827,-0.000064735,0.224999994,1.000000000,0.000001296,-0.000000698,0.000012259,0.000026577,-0.000015526,-0.000053248,0.002105226,0.000267189,-0.000005494,-0.000043827,-0.000064735,0.024999994
735,3.087500,-0.000043828,-0.000064737,0.224999994,0.999999940,0.000001483,-0.000000866,0.000012260,0.000026271,-0.000015943,-0.000053227,0.002112903,0.000261891,-0.000005353,-0.000043828,-0.000064737,0.024999994
736,3.091667,-0.000043827,-0.000064737,0.224999994,0.999999940,0.000001531,-0.000000894,0.000012251,0.000026437,-0.000015727,-0.000053332,0.002111730,0.000264317,-0.000005516,-0.000043827,-0.000064737,0.024999994
737,3.095833,-0.000043829,-0.000064735,0.224999994,0.999999940,0.000001407,-0.000000817,0.000012253,0.000025989,-0.000015798,-0.000053249,0.002110632,0.000253549,-0.000005897,-0.000043829,-0.000064735,0.024999994
738,3.100000,-0.000043827,-0.000064735,0.224999994,0.999999940,0.000001295,-0.000000543,0.000012219,0.000026874,-0.000015412,-0.000053391,0.002107260,0.000273374,-0.000005409,-0.000043827,-0.000064735,0.024999994
739,3.104167,-0.000043829,-0.000064737,0.224999994,1.000000000,0.000001410,-0.000000796,0.000012242,0.000025878,-0.000016147,-0.000053134,0.002114166,0.000253485,-0.000005512,-0.000043829,-0.000064737,0.024999994
740,3.108333,-0.000043829,-0.000064737,0.224999994,1.000000000,0.000001452,-0.000000833,0.000012244,0.000026344,-0.000015775,-0.000053282,0.002111374,0.000262258,-0.000005522,-0.000043829,-0.000064737,0.024999994
741,3.112500,-0.000043828,-0.000064737,0.224999994,1.000000000,0.000001475,-0.000000687,0.000012209,0.000026650,-0.000015593,-0.000053361,0.002109971,0.000268838,-0.000005442,-0.000043828,-0.000064737,0.024999994
742,3.116667,-0.000043829,-0.000064737,0.224999994,1.000000000,0.000001430,-0.000000825,0.000012247,0.000026051,-0.000015917,-0.000053248,0.002112789,0.000256073,-0.000005689,-0.000043829,-0.000064737,0.024999994
743,3.120833,-0.000043830,-0.000064737,0.224999994,1.000000000,0.000001339,-0.000000723,0.000012248,0.000026203,-0.000015765,-0.000053249,0.002110214,0.000258728,-0.000005672,-0.000043830,-0.000064737,0.024999994
744,3.125000,-0.000043828,-0.000064738,0.224999994,0.999999940,0.000001395,-0.000000759,0.000012240,0.000026681,-0.000015649,-0.000053320,0.002109929,0.000270193,-0.000005294,-0.000043828,-0.000064738,0.024999994
745,3.129167,-0.000043829,-0.000064735,0.224999994,0.999999940,0.000001276,-0.000000690,0.000012253,0.000026442,-0.000015431,-0.000053271,0.002103946,0.000263010,-0.000005795,-0.000043829,-0.000064735,0.024999994
746,3.133333,-0.000043829,-0.000064736,0.224999994,1.000000000,0.000001326,-0.000000729,0.000012242,0.000026337,-0.000015831,-0.000053218,0.002110544,0.000262848,-0.000005394,-0.000043829,-0.000064736,0.024999994
747,3.137500,-0.000043830,-0.000064736,0.224999994,1.000000000,0.000001229,-0.000000643,0.000012254,0.000026206,-0.000015813,-0.000053213,0.002110010,0.000259374,-0.000005575,-0.000043830,-0.000064736,0.024999994
748,3.141667,-0.000043829,-0.000064736,0.224999994,0.999999940,0.000001275,-0.000000690,0.000012244,0.000026553,-0.000015639,-0.000053245,0.002107517,0.000267129,-0.000005379,-0.000043829,-0.000064736,0.024999994
749,3.145833,-0.000043827,-0.000064736,0.224999994,1.000000000,0.000001324,-0.000000734,0.000012246,0.000026910,-0.000015347,-0.000053333,0.002104061,0.000274398,-0.000005378,-0.000043827,-0.000064736,0.024999994
750,3.150000,-0.000043830,-0.000064735,0.224999994,1.000000000,0.000001224,-0.000000643,0.000012245,0.000025872,-0.000015896,-0.000053123,0.002108970,0.000251719,-0.000005792,-0.000043830,-0.000064735,0.024999994
751,3.154167,-0.000043828,-0.000064737,0.224999994,0.999999940,0.000001295,-0.000000669,0.000012247,0.000026688,-0.000015740,-0.000053277,0.002110595,0.000270977,-0.000005132,-0.000043828,-0.000064737,0.024999994
752,3.158333,-0.000043828,-0.000064736,0.224999994,1.000000000,0.000001343,-0.000000709,0.000012248,0.000026562,-0.000015525,-0.000053260,0.002105542,0.000266782,-0.000005521,-0.000043828,-0.000064736,0.024999994
753,3.162500,-0.000043828,-0.000064736,0.224999994,1.000000000,0.000001358,-0.000000783,0.000012250,0.000026330,-0.000015750,-0.000053246,0.002109660,0.000262168,-0.000005531,-0.000043828,-0.000064736,0.024999994
754,3.166667,-0.000043828,-0.000064736,0.224999994,1.000000000,0.000001287,-0.000000667,0.000012251,0.000026360,-0.000015742,-0.000053254,0.002109783,0.000262729,-0.000005510,-0.000043828,-0.000064736,0.024999994
755,3.170833,-0.000043827,-0.000064737,0.224999994,0.999999940,0.000001338,-0.000000708,0.000012253,0.000026502,-0.000015739,-0.000053262,0.002109957,0.000266421,-0.000005348,-0.000043827,-0.000064737,0.024999994
756,3.175000,-0.000043828,-0.000064735,0.224999994,1.000000000,0.000001366,-0.000000761,0.000012254,0.000026403,-0.000015548,-0.000053252,0.002105758,0.000262839,-0.000005682,-0.000043828,-0.000064735,0.024999994
757,3.179167,-0.000043827,-0.000064735,0.224999994,1.000000000,0.000001272,-0.000000671,0.000012256,0.000026553,-0.000015556,-0.000053296,0.002107242,0.000266499,-0.000005533,-0.000043827,-0.000064735,0.024999994
758,3.183333,-0.000043827,-0.000064737,0.224999994,0.999999940,0.000001325,-0.000000711,0.000012234,0.000026283,-0.000015936,-0.000053218,0.002112597,0.000262167,-0.000005335,-0.000043827,-0.000064737,0.024999994
759,3.187500,-0.000043827,-0.000064736,0.224999994,1.000000000,0.000001376,-0.000000742,0.000012235,0.000026558,-0.000015553,-0.000053283,0.002106918,0.000266561,-0.000005518,-0.000043827,-0.000064736,0.024999994
760,3.191667,-0.000043830,-0.000064736,0.224999994,1.000000000,0.000001391,-0.000000806,0.000012247,0.000025828,-0.000016018,-0.000053149,0.002112135,0.000251168,-0.000005734,-0.000043830,-0.000064736,0.024999994
761,3.195833,-0.000043828,-0.000064736,0.224999994,1.000000000,0.000001302,-0.000000715,0.000012251,0.000026688,-0.000015593,-0.000053352,0.002109826,0.000269747,-0.000005386,-0.000043828,-0.000064736,0.024999994
762,3.200000,-0.000043828,-0.000064736,0.224999994,0.999999940,0.000001353,-0.000000749,0.000012251,0.000026355,-0.000015722,-0.000053230,0.002108569,0.000262718,-0.000005514,-0.000043828,-0.000064736,0.024999994
763,3.204167,-0.000043828,-0.000064736,0.224999994,0.999999940,0.000001259,-0.000000664,0.000012242,0.000026524,-0.000015651,-0.000053291,0.002108983,0.000266322,-0.000005450,-0.000043828,-0.000064736,0.024999994
764,3.208333,-0.000043828,-0.000064736,0.224999994,1.000000000,0.000001304,-0.000000705,0.000012254,0.000026428,-0.000015600,-0.000053216,0.002105834,0.000263830,-0.000005553,-0.000043828,-0.000064736,0.024999994
765,3.212500,-0.000043828,-0.000064736,0.224999994,0.999999940,0.000001355,-0.000000739,0.000012255,0.000026366,-0.000015732,-0.000053231,0.002108895,0.000263032,-0.000005492,-0.000043828,-0.000064736,0.024999994
766,3.216667,-0.000043828,-0.000064735,0.224999994,0.999999940,0.000001259,-0.000000653,0.000012234,0.000026548,-0.000015561,-0.000053289,0.002107150,0.000266435,-0.000005523,-0.000043828,-0.000064735,0.024999994
767,3.220833,-0.000043827,-0.000064736,0.224999994,1.000000000,0.000001309,-0.000000698,0.000012258,0.000026489,-0.000015742,-0.000053244,0.002109498,0.000266194,-0.000005346,-0.000043827,-0.000064736,0.024999994
768,3.225000,-0.000043829,-0.000064736,0.224999994,0.999999940,0.000001359,-0.000000727,0.000012257,0.000026020,-0.000015913,-0.000053162,0.002110503,0.000255468,-0.000005631,-0.000043829,-0.000064736,0.024999994
769,3.229167,-0.000043827,-0.000064735,0.224999994,0.999999940,0.000001220,-0.000000488,0.000012223,0.000026879,-0.000015400,-0.000053375,0.002106513,0.000273552,-0.000005399,-0.000043827,-0.000064735,0.024999994
770,3.233333,-0.000043828,-0.000064734,0.224999994,0.999999940,0.000001473,-0.000000863,0.000012234,0.000026266,-0.000015588,-0.000053164,0.002103844,0.000260052,-0.000005714,-0.000043828,-0.000064734,0.024999994
771,3.237500,-0.000043827,-0.000064735,0.224999994,0.999999940,0.000001498,-0.000000711,0.000012199,0.000026415,-0.000015823,-0.000053327,0.002113472,0.000264366,-0.000005426,-0.000043827,-0.000064735,0.024999994
772,3.241667,-0.000043827,-0.000064737,0.224999994,0.999999940,0.000001437,-0.000000668,0.000012211,0.000026133,-0.000016048,-0.000053297,0.002116939,0.000258695,-0.000005490,-0.000043827,-0.000064737,0.024999994
773,3.245833,-0.000043828,-0.000064736,0.224999994,0.999999940,0.000001390,-0.000000811,0.000012249,0.000026277,-0.000015734,-0.000053288,0.002110493,0.000260478,-0.000005669,-0.000043828,-0.000064736,0.024999994
774,3.250000,-0.000043827,-0.000064736,0.224999994,0.999999940,0.000001319,-0.000000692,0.000012251,0.000026552,-0.000015566,-0.000053298,0.002107657,0.000266384,-0.000005527,-0.000043827,-0.000064736,0.024999994
775,3.254167,-0.000043827,-0.000064736,0.224999994,1.000000000,0.000001370,-0.000000729,0.000012241,0.000026536,-0.000015631,-0.000053269,0.002107888,0.000266697,-0.000005434,-0.000043827,-0.000064736,0.024999994
776,3.258333,-0.000043829,-0.000064736,0.224999994,1.000000000,0.000001385,-0.000000792,0.000012252,0.000025828,-0.000016017,-0.000053150,0.002112244,0.000251096,-0.000005736,-0.000043829,-0.000064736,0.024999994
777,3.262500,-0.000043828,-0.000064736,0.224999994,1.000000000,0.000001296,-0.000000701,0.000012256,0.000026688,-0.000015593,-0.000053352,0.002109858,0.000269713,-0.000005385,-0.000043828,-0.000064736,0.024999994
778,3.266667,-0.000043828,-0.000064736,0.224999994,0.999999940,0.000001347,-0.000000736,0.000012257,0.000026355,-0.000015723,-0.000053230,0.002108586,0.000262725,-0.000005514,-0.000043828,-0.000064736,0.024999994
779,3.270833,-0.000043828,-0.000064735,0.224999994,0.999999940,0.000001251,-0.000000650,0.000012235,0.000026549,-0.000015562,-0.000053288,0.002107170,0.000266416,-0.000005520,-0.000043828,-0.000064735,0.024999994
780,3.275000,-0.000043827,-0.000064735,0.224999994,1.000000000,0.000001297,-0.000000693,0.000012260,0.000026578,-0.000015525,-0.000053248,0.002105199,0.000267182,-0.000005491,-0.000043827,-0.000064735,0.024999994
781,3.279167,-0.000043829,-0.000064736,0.224999994,0.999999940,0.000001482,-0.000000856,0.000012259,0.000025930,-0.000016129,-0.000053152,0.002114532,0.000254470,-0.000005479,-0.000043829,-0.000064736,0.024999994
782,3.283333,-0.000043827,-0.000064737,0.224999994,0.999999940,0.000001508,-0.000000708,0.000012213,0.000026790,-0.000015551,-0.000053411,0.002110625,0.000271955,-0.000005371,-0.000043827,-0.000064737,0.024999994
783,3.287500,-0.000043827,-0.000064736,0.224999994,0.999999940,0.000001446,-0.000000658,0.000012213,0.000026265,-0.000015704,-0.000053307,0.002110256,0.000260130,-0.000005738,-0.000043827,-0.000064736,0.024999994
784,3.291667,-0.000043828,-0.000064735,0.224999994,0.999999940,0.000001398,-0.000000800,0.000012239,0.000026125,-0.000015809,-0.000053246,0.002110758,0.000257210,-0.000005719,-0.000043828,-0.000064735,0.024999994
785,3.295833,-0.000043828,-0.000064735,0.224999994,0.999999940,0.000001305,-0.000000703,0.000012252,0.000026385,-0.000015659,-0.000053275,0.002108852,0.000262659,-0.000005601,-0.000043828,-0.000064735,0.024999994
786,3.300000,-0.000043828,-0.000064736,0.224999994,1.000000000,0.000001359,-0.000000741,0.000012231,0.000026479,-0.000015762,-0.000053266,0.002110550,0.000265921,-0.000005348,-0.000043828,-0.000064736,0.024999994
787,3.304167,-0.000043828,-0.000064737,0.224999994,1.000000000,0.000001398,-0.000000787,0.000012244,0.000026317,-0.000015832,-0.000053254,0.002111546,0.000262237,-0.000005460,-0.000043828,-0.000064737,0.024999994
788,3.308333,-0.000043828,-0.000064737,0.224999994,1.000000000,0.000001440,-0.000000824,0.000012246,0.000026329,-0.000015763,-0.000053272,0.002110743,0.000262034,-0.000005545,-0.000043828,-0.000064737,0.024999994
789,3.312500,-0.000043828,-0.000064737,0.224999994,1.000000000,0.000001485,-0.000000854,0.000012249,0.000026310,-0.000015780,-0.000053290,0.002111509,0.000261559,-0.000005567,-0.000043828,-0.000064737,0.024999994
790,3.316667,-0.000043829,-0.000064737,0.224999994,1.000000000,0.000001510,-0.000000904,0.000012240,0.000026306,-0.000015713,-0.000053304,0.002110625,0.000260943,-0.000005663,-0.000043829,-0.000064737,0.024999994
791,3.320833,-0.000043829,-0.000064737,0.224999994,1.000000000,0.000001411,-0.000000809,0.000012267,0.000026281,-0.000015805,-0.000053313,0.002112761,0.000260800,-0.000005604,-0.000043829,-0.000064737,0.024999994
792,3.325000,-0.000043828,-0.000064737,0.224999994,1.000000000,0.000001300,-0.000000533,0.000012209,0.000026664,-0.000015588,-0.000053355,0.002109641,0.000269239,-0.000005420,-0.000043828,-0.000064737,0.024999994
793,3.329167,-0.000043828,-0.000064738,0.224999994,0.999999940,0.000001414,-0.000000791,0.000012245,0.000026304,-0.000015825,-0.000053220,0.002110260,0.000262209,-0.000005455,-0.000043828,-0.000064738,0.024999994
794,3.333333,-0.000043827,-0.000064736,0.224999994,0.999999940,0.000001320,-0.000000697,0.000012236,0.000026594,-0.000015451,-0.000053313,0.002105712,0.000266771,-0.000005622,-0.000043827,-0.000064736,0.024999994
795,3.337500,-0.000043828,-0.000064736,0.224999994,1.000000000,0.000001370,-0.000000728,0.000012247,0.000026153,-0.000015854,-0.000053184,0.002109912,0.000258515,-0.000005563,-0.000043828,-0.000064736,0.024999994
796,3.341667,-0.000043829,-0.000064736,0.224999994,1.000000000,0.000001385,-0.000000795,0.000012248,0.000026208,-0.000015753,-0.000053229,0.002109353,0.000258933,-0.000005660,-0.000043829,-0.000064736,0.024999994
797,3.345833,-0.000043828,-0.000064736,0.224999994,1.000000000,0.000001295,-0.000000704,0.000012252,0.000026676,-0.000015583,-0.000053344,0.002109246,0.000269511,-0.000005404,-0.000043828,-0.000064736,0.024999994
798,3.350000,-0.000043828,-0.000064736,0.224999994,0.999999940,0.000001346,-0.000000739,0.000012253,0.000026355,-0.000015723,-0.000053231,0.002108618,0.000262769,-0.000005514,-0.000043828,-0.000064736,0.024999994
799,3.354167,-0.000043827,-0.000064734,0.224999994,0.999999940,0.000001248,-0.000000652,0.000012243,0.000026613,-0.000015435,-0.000053293,0.002104804,0.000267260,-0.000005596,-0.000043827,-0.000064734,0.024999994
800,3.358333,-0.000043827,-0.000064735,0.224999994,1.000000000,0.000001296,-0.000000696,0.000012256,0.000026513,-0.000015652,-0.000053239,0.002107519,0.000266340,-0.000005414,-0.000043827,-0.000064735,0.024999994
801,3.362500,-0.000043829,-0.000064736,0.224999994,0.999999940,0.000001482,-0.000000860,0.000012255,0.000025931,-0.000016130,-0.000053156,0.002114645,0.000254465,-0.000005480,-0.000043829,-0.000064736,0.024999994
802,3.366667,-0.000043827,-0.000064736,0.224999994,0.999999940,0.000001374,-0.000000577,0.000012221,0.000026853,-0.000015424,-0.000053417,0.002108246,0.000272756,-0.000005447,-0.000043827,-0.000064736,0.024999994
803,3.370833,-0.000043827,-0.000064735,0.224999994,1.000000000,0.000001469,-0.000000847,0.000012258,0.000026322,-0.000015657,-0.000053251,0.002107617,0.000261607,-0.000005663,-0.000043827,-0.000064735,0.024999994
804,3.375000,-0.000043828,-0.000064737,0.224999994,1.000000000,0.000001371,-0.000000759,0.000012250,0.000026023,-0.000016117,-0.000053250,0.002117254,0.000256225,-0.000005483,-0.000043828,-0.000064737,0.024999994
805,3.379167,-0.000043827,-0.000064736,0.224999994,1.000000000,0.000001277,-0.000000668,0.000012252,0.000026563,-0.000015561,-0.000053310,0.002107904,0.000266547,-0.000005532,-0.000043827,-0.000064736,0.024999994
806,3.383333,-0.000043827,-0.000064737,0.224999994,0.999999940,0.000001327,-0.000000709,0.000012242,0.000026521,-0.000015646,-0.000053255,0.002107860,0.000266401,-0.000005422,-0.000043827,-0.000064737,0.024999994
807,3.387500,-0.000043828,-0.000064736,0.224999994,1.000000000,0.000001377,-0.000000735,0.000012241,0.000026210,-0.000015735,-0.000053204,0.002108102,0.000259074,-0.000005649,-0.000043828,-0.000064736,0.024999994
808,3.391667,-0.000043829,-0.000064736,0.224999994,1.000000000,0.000001393,-0.000000803,0.000012254,0.000026182,-0.000015842,-0.000053227,0.002111041,0.000258869,-0.000005588,-0.000043829,-0.000064736,0.024999994
809,3.395833,-0.000043828,-0.000064736,0.224999994,1.000000000,0.000001304,-0.000000713,0.000012258,0.000026676,-0.000015582,-0.000053346,0.002109336,0.000269523,-0.000005408,-0.000043828,-0.000064736,0.024999994
810,3.400000,-0.000043829,-0.000064736,0.224999994,0.999999940,0.000001354,-0.000000745,0.000012246,0.000026206,-0.000015797,-0.000053197,0.002109125,0.000259449,-0.000005573,-0.000043829,-0.000064736,0.024999994
811,3.404167,-0.000043828,-0.000064736,0.224999994,0.999999940,0.000001260,-0.000000660,0.000012237,0.000026528,-0.000015656,-0.000053292,0.002109197,0.000266406,-0.000005442,-0.000043828,-0.000064736,0.024999994
812,3.408333,-0.000043828,-0.000064735,0.224999994,1.000000000,0.000001305,-0.000000700,0.000012249,0.000026428,-0.000015599,-0.000053218,0.002105843,0.000263860,-0.000005555,-0.000043828,-0.000064735,0.024999994
813,3.412500,-0.000043828,-0.000064735,0.224999994,0.999999940,0.000001356,-0.000000734,0.000012250,0.000026366,-0.000015732,-0.000053231,0.002108923,0.000263003,-0.000005493,-0.000043828,-0.000064735,0.024999994
814,3.416667,-0.000043827,-0.000064736,0.224999994,0.999999940,0.000001263,-0.000000652,0.000012253,0.000026673,-0.000015577,-0.000053323,0.002108503,0.000269562,-0.000005391,-0.000043827,-0.000064736,0.024999994
815,3.420833,-0.000043828,-0.000064736,0.224999994,1.000000000,0.000001309,-0.000000691,0.000012241,0.000026209,-0.000015796,-0.000053177,0.002108507,0.000259628,-0.000005547,-0.000043828,-0.000064736,0.024999994
816,3.425000,-0.000043828,-0.000064736,0.224999994,0.999999940,0.000001360,-0.000000725,0.000012242,0.000026372,-0.000015737,-0.000053238,0.002109180,0.000263137,-0.000005482,-0.000043828,-0.000064736,0.024999994
817,3.429167,-0.000043828,-0.000064735,0.224999994,0.999999940,0.000001376,-0.000000796,0.000012244,0.000026525,-0.000015576,-0.000053296,0.002107655,0.000265898,-0.000005548,-0.000043828,-0.000064735,0.024999994
818,3.433333,-0.000043827,-0.000064736,0.224999994,0.999999940,0.000001309,-0.000000680,0.000012247,0.000026455,-0.000015775,-0.000053289,0.002111521,0.000265232,-0.000005395,-0.000043827,-0.000064736,0.024999994
819,3.437500,-0.000043828,-0.000064736,0.224999994,1.000000000,0.000001336,-0.000000735,0.000012247,0.000026200,-0.000015742,-0.000053206,0.002108271,0.000258945,-0.000005657,-0.000043828,-0.000064736,0.024999994
820,3.441667,-0.000043829,-0.000064737,0.224999994,1.000000000,0.000001374,-0.000000783,0.000012248,0.000026149,-0.000015946,-0.000053205,0.002112576,0.000258631,-0.000005480,-0.000043829,-0.000064737,0.024999994
821,3.445833,-0.000043829,-0.000064737,0.224999994,1.000000000,0.000001282,-0.000000693,0.000012239,0.000026496,-0.000015686,-0.000053301,0.002110052,0.000265679,-0.000005456,-0.000043829,-0.000064737,0.024999994
822,3.450000,-0.000043830,-0.000064737,0.224999994,0.999999940,0.000001330,-0.000000729,0.000012251,0.000026220,-0.000015794,-0.000053191,0.002108957,0.000259786,-0.000005557,-0.000043830,-0.000064737,0.024999994
823,3.454167,-0.000043828,-0.000064736,0.224999994,1.000000000,0.000001383,-0.000000765,0.000012254,0.000026903,-0.000015372,-0.000053355,0.002105338,0.000274167,-0.000005382,-0.000043828,-0.000064736,0.024999994
824,3.458333,-0.000043828,-0.000064737,0.224999994,1.000000000,0.000001424,-0.000000808,0.000012244,0.000026296,-0.000015831,-0.000053253,0.002111314,0.000261818,-0.000005481,-0.000043828,-0.000064737,0.024999994
825,3.462500,-0.000043827,-0.000064737,0.224999994,1.000000000,0.000001468,-0.000000845,0.000012259,0.000026510,-0.000015660,-0.000053321,0.002110111,0.000265828,-0.000005496,-0.000043827,-0.000064737,0.024999994
826,3.466667,-0.000043828,-0.000064736,0.224999994,1.000000000,0.000001379,-0.000000734,0.000012248,0.000026194,-0.000015678,-0.000053258,0.002108554,0.000258088,-0.000005792,-0.000043828,-0.000064736,0.024999994
827,3.470833,-0.000043829,-0.000064737,0.224999994,1.000000000,0.000001397,-0.000000802,0.000012250,0.000026119,-0.000015971,-0.000053222,0.002113433,0.000257995,-0.000005505,-0.000043829,-0.000064737,0.024999994
828,3.475000,-0.000043828,-0.000064737,0.224999994,1.000000000,0.000001308,-0.000000712,0.000012254,0.000026677,-0.000015583,-0.000053351,0.002109405,0.000269526,-0.000005409,-0.000043828,-0.000064737,0.024999994
829,3.479167,-0.000043828,-0.000064737,0.224999994,0.999999940,0.000001358,-0.000000746,0.000012254,0.000026356,-0.000015723,-0.000053230,0.002108617,0.000262741,-0.000005512,-0.000043828,-0.000064737,0.024999994
830,3.483333,-0.000043827,-0.000064737,0.224999994,0.999999940,0.000001265,-0.000000661,0.000012245,0.000026523,-0.000015651,-0.000053291,0.002108987,0.000266355,-0.000005451,-0.000043827,-0.000064737,0.024999994
831,3.487500,-0.000043828,-0.000064735,0.224999994,1.000000000,0.000001308,-0.000000701,0.000012245,0.000026453,-0.000015510,-0.000053215,0.002104007,0.000263984,-0.000005624,-0.000043828,-0.000064735,0.024999994
832,3.491667,-0.000043828,-0.000064736,0.224999994,0.999999940,0.000001358,-0.000000735,0.000012246,0.000026366,-0.000015732,-0.000053230,0.002108824,0.000263001,-0.000005488,-0.000043828,-0.000064736,0.024999994
833,3.495833,-0.000043826,-0.000064736,0.224999994,0.999999940,0.000001265,-0.000000652,0.000012249,0.000026673,-0.000015576,-0.000053324,0.002108458,0.000269598,-0.000005393,-0.000043826,-0.000064736,0.024999994
834,3.500000,-0.000043828,-0.000064736,0.224999994,1.000000000,0.000001312,-0.000000691,0.000012237,0.000026209,-0.000015797,-0.000053177,0.002108566,0.000259626,-0.000005547,-0.000043828,-0.000064736,0.024999994
835,3.504167,-0.000043828,-0.000064736,0.224999994,0.999999940,0.000001363,-0.000000725,0.000012238,0.000026372,-0.000015737,-0.000053236,0.002109313,0.000263004,-0.000005483,-0.000043828,-0.000064736,0.024999994
836,3.508333,-0.000043827,-0.000064735,0.224999994,0.999999940,0.000001378,-0.000000797,0.000012240,0.000026526,-0.000015576,-0.000053296,0.002107654,0.000265896,-0.000005547,-0.000043827,-0.000064735,0.024999994
837,3.512500,-0.000043827,-0.000064735,0.224999994,0.999999940,0.000001307,-0.000000678,0.000012242,0.000026544,-0.000015559,-0.000053292,0.002107237,0.000266222,-0.000005540,-0.000043827,-0.000064735,0.024999994
838,3.516667,-0.000043827,-0.000064736,0.224999994,1.000000000,0.000001360,-0.000000713,0.000012255,0.000026321,-0.000015832,-0.000053229,0.002110785,0.000262483,-0.000005430,-0.000043827,-0.000064736,0.024999994
839,3.520833,-0.000043828,-0.000064735,0.224999994,1.000000000,0.000001374,-0.000000780,0.000012256,0.000026202,-0.000015747,-0.000053228,0.002109121,0.000258782,-0.000005672,-0.000043828,-0.000064735,0.024999994
840,3.525000,-0.000043829,-0.000064737,0.224999994,1.000000000,0.000001417,-0.000000821,0.000012246,0.000026066,-0.000016089,-0.000053219,0.002115763,0.000257315,-0.000005428,-0.000043829,-0.000064737,0.024999994
841,3.529167,-0.000043829,-0.000064736,0.224999994,1.000000000,0.000001328,-0.000000723,0.000012249,0.000026542,-0.000015575,-0.000053326,0.002108638,0.000266006,-0.000005557,-0.000043829,-0.000064736,0.024999994
842,3.533333,-0.000043829,-0.000064736,0.224999994,1.000000000,0.000001231,-0.000000639,0.000012227,0.000026353,-0.000015736,-0.000053239,0.002109233,0.000262616,-0.000005505,-0.000043829,-0.000064736,0.024999994
843,3.537500,-0.000043829,-0.000064736,0.224999994,0.999999940,0.000001277,-0.000000685,0.000012251,0.000026394,-0.000015709,-0.000053208,0.002107792,0.000263656,-0.000005462,-0.000043829,-0.000064736,0.024999994
844,3.541667,-0.000043827,-0.000064736,0.224999994,1.000000000,0.000001325,-0.000000729,0.000012253,0.000026916,-0.000015352,-0.000053334,0.002104323,0.000274496,-0.000005367,-0.000043827,-0.000064736,0.024999994
845,3.545833,-0.000043830,-0.000064736,0.224999994,1.000000000,0.000001227,-0.000000638,0.000012241,0.000025807,-0.000016023,-0.000053118,0.002111327,0.000250846,-0.000005715,-0.000043830,-0.000064736,0.024999994
846,3.550000,-0.000043829,-0.000064735,0.224999994,0.999999940,0.000001271,-0.000000684,0.000012241,0.000026630,-0.000015524,-0.000053256,0.002105651,0.000268285,-0.000005433,-0.000043829,-0.000064735,0.024999994
847,3.554167,-0.000043827,-0.000064736,0.224999994,1.000000000,0.000001324,-0.000000730,0.000012245,0.000026819,-0.000015562,-0.000053325,0.002108186,0.000273308,-0.000005231,-0.000043827,-0.000064736,0.024999994
848,3.558333,-0.000043830,-0.000064735,0.224999994,1.000000000,0.000001224,-0.000000639,0.000012244,0.000025873,-0.000015896,-0.000053129,0.002109143,0.000251716,-0.000005797,-0.000043830,-0.000064735,0.024999994
849,3.562500,-0.000043829,-0.000064736,0.224999994,0.999999940,0.000001272,-0.000000687,0.000012245,0.000026540,-0.000015739,-0.000053249,0.002109807,0.000267240,-0.000005286,-0.000043829,-0.000064736,0.024999994
850,3.566667,-0.000043828,-0.000064735,0.224999994,1.000000000,0.000001320,-0.000000726,0.000012246,0.000026568,-0.000015532,-0.000053261,0.002105761,0.000266876,-0.000005507,-0.000043828,-0.000064735,0.024999994
851,3.570833,-0.000043830,-0.000064735,0.224999994,0.999999940,0.000001370,-0.000000753,0.000012246,0.000026225,-0.000015721,-0.000053204,0.002107805,0.000259457,-0.000005648,-0.000043830,-0.000064735,0.024999994
852,3.575000,-0.000043827,-0.000064736,0.224999994,0.999999940,0.000001255,-0.000000489,0.000012212,0.000026795,-0.000015605,-0.000053368,0.002110360,0.000272669,-0.000005256,-0.000043827,-0.000064736,0.024999994
853,3.579167,-0.000043828,-0.000064736,0.224999994,0.999999940,0.000001513,-0.000000864,0.000012246,0.000026136,-0.000015840,-0.000053158,0.002108707,0.000258236,-0.000005576,-0.000043828,-0.000064736,0.024999994
854,3.583333,-0.000043828,-0.000064735,0.224999994,0.999999940,0.000001369,-0.000000617,0.000012211,0.000026477,-0.000015630,-0.000053352,0.002110402,0.000264625,-0.000005605,-0.000043828,-0.000064735,0.024999994
855,3.587500,-0.000043826,-0.000064735,0.224999994,1.000000000,0.000001488,-0.000000863,0.000012250,0.000026688,-0.000015475,-0.000053332,0.002106472,0.000269523,-0.000005509,-0.000043826,-0.000064735,0.024999994
856,3.591667,-0.000043828,-0.000064737,0.224999994,1.000000000,0.000001391,-0.000000774,0.000012241,0.000025835,-0.000016270,-0.000053215,0.002119052,0.000252635,-0.000005497,-0.000043828,-0.000064737,0.024999994
857,3.595833,-0.000043828,-0.000064737,0.224999994,1.000000000,0.000001297,-0.000000681,0.000012254,0.000026378,-0.000015677,-0.000053275,0.002109193,0.000262579,-0.000005588,-0.000043828,-0.000064737,0.024999994
858,3.600000,-0.000043829,-0.000064738,0.224999994,0.999999940,0.000001348,-0.000000719,0.000012243,0.000026352,-0.000015814,-0.000053226,0.002110495,0.000263073,-0.000005403,-0.000043829,-0.000064738,0.024999994
859,3.604167,-0.000043828,-0.000064736,0.224999994,1.000000000,0.000001397,-0.000000750,0.000012256,0.000026619,-0.000015426,-0.000053286,0.002104425,0.000267456,-0.000005599,-0.000043828,-0.000064736,0.024999994
860,3.608333,-0.000043828,-0.000064736,0.224999994,1.000000000,0.000001416,-0.000000817,0.000012258,0.000026310,-0.000015766,-0.000053262,0.002110338,0.000261726,-0.000005554,-0.000043828,-0.000064736,0.024999994
861,3.612500,-0.000043828,-0.000064736,0.224999994,1.000000000,0.000001459,-0.000000851,0.000012237,0.000026322,-0.000015773,-0.000053280,0.002111198,0.000261784,-0.000005546,-0.000043828,-0.000064736,0.024999994
862,3.616667,-0.000043828,-0.000064737,0.224999994,1.000000000,0.000001507,-0.000000879,0.000012252,0.000026490,-0.000015676,-0.000053337,0.002110827,0.000265375,-0.000005519,-0.000043828,-0.000064737,0.024999994
863,3.620833,-0.000043828,-0.000064737,0.224999994,1.000000000,0.000001407,-0.000000788,0.000012256,0.000026285,-0.000015791,-0.000053304,0.002112135,0.000260880,-0.000005598,-0.000043828,-0.000064737,0.024999994
864,3.625000,-0.000043828,-0.000064737,0.224999994,1.000000000,0.000001448,-0.000000826,0.000012258,0.000026331,-0.000015765,-0.000053272,0.002110758,0.000262022,-0.000005539,-0.000043828,-0.000064737,0.024999994
865,3.629167,-0.000043829,-0.000064737,0.224999994,1.000000000,0.000001493,-0.000000856,0.000012260,0.000026310,-0.000015780,-0.000053288,0.002111529,0.000261506,-0.000005564,-0.000043829,-0.000064737,0.024999994
866,3.633333,-0.000043830,-0.000064737,0.224999994,1.000000000,0.000001370,-0.000000791,0.000012251,0.000026130,-0.000015877,-0.000053274,0.002112979,0.000257546,-0.000005655,-0.000043830,-0.000064737,0.024999994
867,3.637500,-0.000043828,-0.000064738,0.224999994,1.000000000,0.000001302,-0.000000680,0.000012243,0.000026645,-0.000015688,-0.000053326,0.002110911,0.000269391,-0.000005298,-0.000043828,-0.000064738,0.024999994
868,3.641667,-0.000043828,-0.000064737,0.224999994,0.999999940,0.000001349,-0.000000712,0.000012243,0.000026444,-0.000015507,-0.000053236,0.002104418,0.000263716,-0.000005661,-0.000043828,-0.000064737,0.024999994
869,3.645833,-0.000043829,-0.000064736,0.224999994,0.999999940,0.000001230,-0.000000653,0.000012256,0.000026383,-0.000015643,-0.000053248,0.002107573,0.000262823,-0.000005593,-0.000043829,-0.000064736,0.024999994
870,3.650000,-0.000043828,-0.000064736,0.224999994,1.000000000,0.000001296,-0.000000676,0.000012245,0.000026592,-0.000015598,-0.000053235,0.002106494,0.000267935,-0.000005368,-0.000043828,-0.000064736,0.024999994
871,3.654167,-0.000043828,-0.000064737,0.224999994,0.999999940,0.000001347,-0.000000714,0.000012258,0.000026303,-0.000015844,-0.000053216,0.002110692,0.000262097,-0.000005423,-0.000043828,-0.000064737,0.024999994
872,3.658333,-0.000043829,-0.000064736,0.224999994,0.999999940,0.000001361,-0.000000787,0.000012248,0.000026347,-0.000015680,-0.000053251,0.002108389,0.000262154,-0.000005593,-0.000043829,-0.000064736,0.024999994
873,3.662500,-0.000043827,-0.000064737,0.224999994,0.999999940,0.000001290,-0.000000675,0.000012251,0.000026685,-0.000015572,-0.000053323,0.002108415,0.000269870,-0.000005383,-0.000043827,-0.000064737,0.024999994
874,3.666667,-0.000043827,-0.000064736,0.224999994,1.000000000,0.000001338,-0.000000715,0.000012252,0.000026564,-0.000015528,-0.000053257,0.002105461,0.000266926,-0.000005511,-0.000043827,-0.000064736,0.024999994
875,3.670833,-0.000043828,-0.000064737,0.224999994,1.000000000,0.000001375,-0.000000763,0.000012252,0.000026136,-0.000015937,-0.000053199,0.002112062,0.000258384,-0.000005500,-0.000043828,-0.000064737,0.024999994
876,3.675000,-0.000043827,-0.000064737,0.224999994,1.000000000,0.000001284,-0.000000673,0.000012244,0.000026497,-0.000015687,-0.000053301,0.002110086,0.000265712,-0.000005454,-0.000043827,-0.000064737,0.024999994
877,3.679167,-0.000043829,-0.000064735,0.224999994,0.999999940,0.000001328,-0.000000705,0.000012265,0.000026118,-0.000015689,-0.000053154,0.002105820,0.000256618,-0.000005767,-0.000043829,-0.000064735,0.024999994
878,3.683333,-0.000043826,-0.000064737,0.224999994,1.000000000,0.000001358,-0.000000564,0.000012219,0.000027010,-0.000015482,-0.000053390,0.002108571,0.000277427,-0.000005155,-0.000043826,-0.000064737,0.024999994
879,3.687500,-0.000043829,-0.000064737,0.224999994,0.999999940,0.000001453,-0.000000832,0.000012242,0.000025721,-0.000016141,-0.000053129,0.002113756,0.000249482,-0.000005705,-0.000043829,-0.000064737,0.024999994
880,3.691667,-0.000043827,-0.000064736,0.224999994,0.999999940,0.000001364,-0.000000732,0.000012246,0.000026745,-0.000015409,-0.000053373,0.002106760,0.000269965,-0.000005550,-0.000043827,-0.000064736,0.024999994
881,3.695833,-0.000043827,-0.000064735,0.224999994,0.999999940,0.000001247,-0.000000671,0.000012249,0.000026514,-0.000015567,-0.000053287,0.002107075,0.000265699,-0.000005560,-0.000043827,-0.000064735,0.024999994
882,3.700000,-0.000043828,-0.000064736,0.224999994,1.000000000,0.000001316,-0.000000686,0.000012248,0.000026172,-0.000015914,-0.000053163,0.002110598,0.000259354,-0.000005443,-0.000043828,-0.000064736,0.024999994
883,3.704167,-0.000043829,-0.000064735,0.224999994,0.999999940,0.000001344,-0.000000741,0.000012248,0.000026226,-0.000015735,-0.000053214,0.002108504,0.000259401,-0.000005640,-0.000043829,-0.000064735,0.024999994
884,3.708333,-0.000043827,-0.000064734,0.224999994,0.999999940,0.000001247,-0.000000659,0.000012240,0.000026959,-0.000015255,-0.000053368,0.002103323,0.000274884,-0.000005461,-0.000043827,-0.000064734,0.024999994
885,3.712500,-0.000043829,-0.000064734,0.224999994,1.000000000,0.000001293,-0.000000697,0.000012239,0.000026010,-0.000015903,-0.000053127,0.002109193,0.000255372,-0.000005618,-0.000043829,-0.000064734,0.024999994
886,3.716667,-0.000043829,-0.000064736,0.224999994,0.999999940,0.000001480,-0.000000864,0.000012240,0.000026290,-0.000015958,-0.000053237,0.002113711,0.000262220,-0.000005325,-0.000043829,-0.000064736,0.024999994
887,3.720833,-0.000043828,-0.000064735,0.224999994,0.999999940,0.000001526,-0.000000892,0.000012243,0.000026499,-0.000015599,-0.000053338,0.002109313,0.000265118,-0.000005595,-0.000043828,-0.000064735,0.024999994
888,3.725000,-0.000043829,-0.000064735,0.224999994,0.999999940,0.000001406,-0.000000822,0.000012247,0.000026240,-0.000015828,-0.000053315,0.002113151,0.000259964,-0.000005624,-0.000043829,-0.000064735,0.024999994
889,3.729167,-0.000043828,-0.000064735,0.224999994,0.999999940,0.000001316,-0.000000724,0.000012250,0.000026522,-0.000015588,-0.000053317,0.002108558,0.000265703,-0.000005559,-0.000043828,-0.000064735,0.024999994
890,3.733333,-0.000043827,-0.000064736,0.224999994,0.999999940,0.000001223,-0.000000644,0.000012253,0.000026463,-0.000015766,-0.000053272,0.002110750,0.000265547,-0.000005376,-0.000043827,-0.000064736,0.024999994
891,3.737500,-0.000043827,-0.000064736,0.224999994,1.000000000,0.000001290,-0.000000667,0.000012241,0.000026587,-0.000015593,-0.000053238,0.002106412,0.000267827,-0.000005385,-0.000043827,-0.000064736,0.024999994
892,3.741667,-0.000043828,-0.000064737,0.224999994,0.999999940,0.000001340,-0.000000703,0.000012241,0.000026154,-0.000015919,-0.000053183,0.002111234,0.000258856,-0.000005483,-0.000043828,-0.000064737,0.024999994
893,3.745833,-0.000043828,-0.000064735,0.224999994,1.000000000,0.000001368,-0.000000756,0.000012242,0.000026416,-0.000015558,-0.000053258,0.002106243,0.000263062,-0.000005661,-0.000043828,-0.000064735,0.024999994
894,3.750000,-0.000043828,-0.000064735,0.224999994,1.000000000,0.000001274,-0.000000666,0.000012245,0.000026553,-0.000015555,-0.000053295,0.002107206,0.000266494,-0.000005534,-0.000043828,-0.000064735,0.024999994
895,3.754167,-0.000043827,-0.000064736,0.224999994,0.999999940,0.000001325,-0.000000708,0.000012246,0.000026497,-0.000015735,-0.000053256,0.002109665,0.000266302,-0.000005354,-0.000043827,-0.000064736,0.024999994
896,3.758333,-0.000043828,-0.000064735,0.224999994,1.000000000,0.000001375,-0.000000734,0.000012246,0.000026210,-0.000015734,-0.000053206,0.002108129,0.000259118,-0.000005651,-0.000043828,-0.000064735,0.024999994
897,3.762500,-0.000043829,-0.000064738,0.224999994,1.000000000,0.000001398,-0.000000805,0.000012248,0.000026029,-0.000016185,-0.000053219,0.002117643,0.000257005,-0.000005365,-0.000043829,-0.000064738,0.024999994
898,3.766667,-0.000043828,-0.000064736,0.224999994,1.000000000,0.000001305,-0.000000712,0.000012251,0.000026767,-0.000015366,-0.000053358,0.002105421,0.000270462,-0.000005560,-0.000043828,-0.000064736,0.024999994
899,3.770833,-0.000043828,-0.000064736,0.224999994,0.999999940,0.000001355,-0.000000747,0.000012252,0.000026354,-0.000015723,-0.000053225,0.002108407,0.000262747,-0.000005507,-0.000043828,-0.000064736,0.024999994
900,3.775000,-0.000043827,-0.000064736,0.224999994,0.999999940,0.000001261,-0.000000662,0.000012243,0.000026524,-0.000015652,-0.000053291,0.002109014,0.000266330,-0.000005452,-0.000043827,-0.000064736,0.024999994
