step,sim_time_s,px_m,py_m,pz_m,qw,qx,qy,qz,vx_mps,vy_mps,vz_mps,wx_radps,wy_radps,wz_radps,local_x_m,local_y_m,local_z_m
1,0.029167,0.000000000,0.000000000,0.465231270,1.000000000,0.000000000,0.000000000,0.000000000,0.000000000,0.000000000,-0.286125004,0.000000000,0.000000000,0.000000000,0.000000000,0.000000000,0.265231270
2,0.033333,0.000000000,0.000000000,0.463868767,1.000000000,0.000000000,0.000000000,0.000000000,0.000000000,0.000000000,-0.327000022,0.000000000,0.000000000,0.000000000,0.000000000,0.000000000,0.263868767
3,0.037500,0.000000000,0.000000000,0.462335944,1.000000000,0.000000000,0.000000000,0.000000000,0.000000000,0.000000000,-0.367875040,0.000000000,0.000000000,0.000000000,0.000000000,0.000000000,0.262335944
4,0.041667,0.000000000,0.000000000,0.460632831,1.000000000,0.000000000,0.000000000,0.000000000,0.000000000,0.000000000,-0.408750057,0.000000000,0.000000000,0.000000000,0.000000000,0.000000000,0.260632831
5,0.045833,0.000000000,0.000000000,0.458759397,1.000000000,0.000000000,0.000000000,0.000000000,0.000000000,0.000000000,-0.449625075,0.000000000,0.000000000,0.000000000,0.000000000,0.000000000,0.258759397
6,0.050000,0.000000000,0.000000000,0.456715643,1.000000000,0.000000000,0.000000000,0.000000000,0.000000000,0.000000000,-0.490500093,0.000000000,0.000000000,0.000000000,0.000000000,0.000000000,0.256715643
7,0.054167,0.000000000,0.000000000,0.454501569,1.000000000,0.000000000,0.000000000,0.000000000,0.000000000,0.000000000,-0.531375110,0.000000000,0.000000000,0.000000000,0.000000000,0.000000000,0.254501569
8,0.058333,0.000000000,0.000000000,0.452117205,1.000000000,0.000000000,0.000000000,0.000000000,0.000000000,0.000000000,-0.572250128,0.000000000,0.000000000,0.000000000,0.000000000,0.000000000,0.252117205
9,0.062500,0.000000000,0.000000000,0.449562520,1.000000000,0.000000000,0.000000000,0.000000000,0.000000000,0.000000000,-0.613125145,0.000000000,0.000000000,0.000000000,0.000000000,0.000000000,0.249562520
10,0.066667,0.000000000,0.000000000,0.446837515,1.000000000,0.000000000,0.000000000,0.000000000,0.000000000,0.000000000,-0.654000163,0.000000000,0.000000000,0.000000000,0.000000000,0.000000000,0.246837515
11,0.070833,0.000000000,0.000000000,0.443942189,1.000000000,0.000000000,0.000000000,0.000000000,0.000000000,0.000000000,-0.694875181,0.000000000,0.000000000,0.000000000,0.000000000,0.000000000,0.243942189
12,0.075000,0.000000000,0.000000000,0.440876573,1.000000000,0.000000000,0.000000000,0.000000000,0.000000000,0.000000000,-0.735750198,0.000000000,0.000000000,0.000000000,0.000000000,0.000000000,0.240876573
13,0.079167,0.000000000,0.000000000,0.437640637,1.000000000,0.000000000,0.000000000,0.000000000,0.000000000,0.000000000,-0.776625216,0.000000000,0.000000000,0.000000000,0.000000000,0.000000000,0.237640637
14,0.083333,0.000000000,0.000000000,0.434234381,1.000000000,0.000000000,0.000000000,0.000000000,0.000000000,0.000000000,-0.817500234,0.000000000,0.000000000,0.000000000,0.000000000,0.000000000,0.234234381
15,0.087500,0.000000000,0.000000000,0.430657804,1.000000000,0.000000000,0.000000000,0.000000000,0.000000000,0.000000000,-0.858375251,0.000000000,0.000000000,0.000000000,0.000000000,0.000000000,0.230657804
16,0.091667,0.000000000,0.000000000,0.426910937,1.000000000,0.000000000,0.000000000,0.000000000,0.000000000,0.000000000,-0.899250269,0.000000000,0.000000000,0.000000000,0.000000000,0.000000000,0.226910937
17,0.095833,0.000000000,0.000000000,0.422993749,1.000000000,0.000000000,0.000000000,0.000000000,0.000000000,0.000000000,-0.940125287,0.000000000,0.000000000,0.000000000,0.000000000,0.000000000,0.222993749
18,0.100000,0.000000000,0.000000000,0.418906242,1.000000000,0.000000000,0.000000000,0.000000000,0.000000000,0.000000000,-0.981000304,0.000000000,0.000000000,0.000000000,0.000000000,0.000000000,0.218906242
19,0.104167,0.000000000,0.000000000,0.414648414,1.000000000,0.000000000,0.000000000,0.000000000,0.000000000,0.000000000,-1.021875262,0.000000000,0.000000000,0.000000000,0.000000000,0.000000000,0.214648414
20,0.108333,0.000000000,0.000000000,0.410220295,1.000000000,0.000000000,0.000000000,0.000000000,0.000000000,0.000000000,-1.062750220,0.000000000,0.000000000,0.000000000,0.000000000,0.000000000,0.210220295
21,0.112500,0.000000000,0.000000000,0.405621856,1.000000000,0.000000000,0.000000000,0.000000000,0.000000000,0.000000000,-1.103625178,0.000000000,0.000000000,0.000000000,0.000000000,0.000000000,0.205621856
22,0.116667,0.000000000,0.000000000,0.400853097,1.000000000,0.000000000,0.000000000,0.000000000,0.000000000,0.000000000,-1.144500136,0.000000000,0.000000000,0.000000000,0.000000000,0.000000000,0.200853097
23,0.120833,0.000000000,0.000000000,0.395914048,1.000000000,0.000000000,0.000000000,0.000000000,0.000000000,0.000000000,-1.185375094,0.000000000,0.000000000,0.000000000,0.000000000,0.000000000,0.195914048
24,0.125000,0.000000000,0.000000000,0.390804678,1.000000000,0.000000000,0.000000000,0.000000000,0.000000000,0.000000000,-1.226250052,0.000000000,0.000000000,0.000000000,0.000000000,0.000000000,0.190804678
25,0.129167,0.000000000,0.000000000,0.385524988,1.000000000,0.000000000,0.000000000,0.000000000,0.000000000,0.000000000,-1.267125010,0.000000000,0.000000000,0.000000000,0.000000000,0.000000000,0.185524988
26,0.133333,0.000000000,0.000000000,0.380074978,1.000000000,0.000000000,0.000000000,0.000000000,0.000000000,0.000000000,-1.307999969,0.000000000,0.000000000,0.000000000,0.000000000,0.000000000,0.180074978
27,0.137500,0.000000000,0.000000000,0.374454677,1.000000000,0.000000000,0.000000000,0.000000000,0.000000000,0.000000000,-1.348874927,0.000000000,0.000000000,0.000000000,0.000000000,0.000000000,0.174454677
28,0.141667,0.000000000,0.000000000,0.368664056,1.000000000,0.000000000,0.000000000,0.000000000,0.000000000,0.000000000,-1.389749885,0.000000000,0.000000000,0.000000000,0.000000000,0.000000000,0.168664056
29,0.145833,0.000000000,0.000000000,0.362703115,1.000000000,0.000000000,0.000000000,0.000000000,0.000000000,0.000000000,-1.430624843,0.000000000,0.000000000,0.000000000,0.000000000,0.000000000,0.162703115
30,0.150000,0.000000000,0.000000000,0.356571853,1.000000000,0.000000000,0.000000000,0.000000000,0.000000000,0.000000000,-1.471499801,0.000000000,0.000000000,0.000000000,0.000000000,0.000000000,0.156571853
31,0.154167,0.000000000,0.000000000,0.350270301,1.000000000,0.000000000,0.000000000,0.000000000,0.000000000,0.000000000,-1.512374759,0.000000000,0.000000000,0.000000000,0.000000000,0.000000000,0.150270301
32,0.158333,0.000000000,0.000000000,0.343798429,1.000000000,0.000000000,0.000000000,0.000000000,0.000000000,0.000000000,-1.553249717,0.000000000,0.000000000,0.000000000,0.000000000,0.000000000,0.143798429
33,0.162500,0.000000000,0.000000000,0.337156236,1.000000000,0.000000000,0.000000000,0.000000000,0.000000000,0.000000000,-1.594124675,0.000000000,0.000000000,0.000000000,0.000000000,0.000000000,0.137156236
34,0.166667,0.000000000,0.000000000,0.330343723,1.000000000,0.000000000,0.000000000,0.000000000,0.000000000,0.000000000,-1.634999633,0.000000000,0.000000000,0.000000000,0.000000000,0.000000000,0.130343723
35,0.170833,0.000000000,0.000000000,0.323360920,1.000000000,0.000000000,0.000000000,0.000000000,0.000000000,0.000000000,-1.675874591,0.000000000,0.000000000,0.000000000,0.000000000,0.000000000,0.123360920
36,0.175000,0.000000000,0.000000000,0.316207796,1.000000000,0.000000000,0.000000000,0.000000000,0.000000000,0.000000000,-1.716749549,0.000000000,0.000000000,0.000000000,0.000000000,0.000000000,0.116207796
37,0.179167,0.000000000,0.000000000,0.308884352,1.000000000,0.000000000,0.000000000,0.000000000,0.000000000,0.000000000,-1.757624507,0.000000000,0.000000000,0.000000000,0.000000000,0.000000000,0.108884352
38,0.183333,0.000000000,0.000000000,0.301390618,1.000000000,0.000000000,0.000000000,0.000000000,0.000000000,0.000000000,-1.798499465,0.000000000,0.000000000,0.000000000,0.000000000,0.000000000,0.101390618
39,0.187500,0.000000000,0.000000000,0.293726563,1.000000000,0.000000000,0.000000000,0.000000000,0.000000000,0.000000000,-1.839374423,0.000000000,0.000000000,0.000000000,0.000000000,0.000000000,0.093726563
40,0.191667,0.000000000,0.000000000,0.285892189,1.000000000,0.000000000,0.000000000,0.000000000,0.000000000,0.000000000,-1.880249381,0.000000000,0.000000000,0.000000000,0.000000000,0.000000000,0.085892189
41,0.195833,0.000000000,0.000000000,0.277887493,1.000000000,0.000000000,0.000000000,0.000000000,0.000000000,0.000000000,-1.921124339,0.000000000,0.000000000,0.000000000,0.000000000,0.000000000,0.077887493
42,0.200000,0.000000000,0.000000000,0.269712508,1.000000000,0.000000000,0.000000000,0.000000000,0.000000000,0.000000000,-1.961999297,0.000000000,0.000000000,0.000000000,0.000000000,0.000000000,0.069712508
43,0.204167,0.000000000,0.000000000,0.261367202,1.000000000,0.000000000,0.000000000,0.000000000,0.000000000,0.000000000,-2.002874374,0.000000000,0.000000000,0.000000000,0.000000000,0.000000000,0.061367202
44,0.208333,0.000000000,0.000000000,0.252851576,1.000000000,0.000000000,0.000000000,0.000000000,0.000000000,0.000000000,-2.043749332,0.000000000,0.000000000,0.000000000,0.000000000,0.000000000,0.052851576
45,0.212500,0.000000000,0.000000000,0.244165644,1.000000000,0.000000000,0.000000000,0.000000000,0.000000000,0.000000000,-2.084624290,0.000000000,0.000000000,0.000000000,0.000000000,0.000000000,0.044165644
46,0.216667,0.000000000,0.000000000,0.235309392,1.000000000,0.000000000,0.000000000,0.000000000,0.000000000,0.000000000,-2.125499249,0.000000000,0.000000000,0.000000000,0.000000000,0.000000000,0.035309392
47,0.220833,0.000000000,0.000000000,0.226282835,1.000000000,0.000000000,0.000000000,0.000000000,0.000000000,0.000000000,-2.166374207,0.000000000,0.000000000,0.000000000,0.000000000,0.000000000,0.026282835
48,0.225000,0.000000000,0.000000000,0.217085958,1.000000000,0.000000000,0.000000000,0.000000000,0.000000000,0.000000000,-2.207249165,0.000000000,0.000000000,0.000000000,0.000000000,0.000000000,0.017085958
49,0.229167,0.000000000,0.000000000,0.207718775,1.000000000,0.000000000,0.000000000,0.000000000,0.000000000,0.000000000,-2.248124123,0.000000000,0.000000000,0.000000000,0.000000000,0.000000000,0.007718775
50,0.233333,0.000000000,0.000000000,0.198181272,1.000000000,0.000000000,0.000000000,0.000000000,0.000000000,0.000000000,-2.288999081,0.000000000,0.000000000,0.000000000,0.000000000,0.000000000,-0.001818728
51,0.237500,0.000000000,0.000000000,0.188473463,1.000000000,0.000000000,0.000000000,0.000000000,0.000000000,0.000000000,-2.329874039,0.000000000,0.000000000,0.000000000,0.000000000,0.000000000,-0.011526537
52,0.241667,0.000000000,0.000000000,0.178595334,1.000000000,0.000000000,0.000000000,0.000000000,0.000000000,0.000000000,-2.370748997,0.000000000,0.000000000,0.000000000,0.000000000,0.000000000,-0.021404666
53,0.245833,0.000000000,0.000000000,0.168546900,1.000000000,0.000000000,0.000000000,0.000000000,0.000000000,0.000000000,-2.411623955,0.000000000,0.000000000,0.000000000,0.000000000,0.000000000,-0.031453100
54,0.250000,0.000000000,0.000000000,0.158328161,1.000000000,0.000000000,0.000000000,0.000000000,0.000000000,0.000000000,-2.452498913,0.000000000,0.000000000,0.000000000,0.000000000,0.000000000,-0.041671839
55,0.254167,0.000000000,0.000000000,0.147939101,1.000000000,0.000000000,0.000000000,0.000000000,0.000000000,0.000000000,-2.493373871,0.000000000,0.000000000,0.000000000,0.000000000,0.000000000,-0.052060899
56,0.258333,0.000000000,0.000000000,0.137379736,1.000000000,0.000000000,0.000000000,0.000000000,0.000000000,0.000000000,-2.534248829,0.000000000,0.000000000,0.000000000,0.000000000,0.000000000,-0.062620264
57,0.262500,0.000000000,0.000000000,0.126650050,1.000000000,0.000000000,0.000000000,0.000000000,0.000000000,0.000000000,-2.575123787,0.000000000,0.000000000,0.000000000,0.000000000,0.000000000,-0.073349950
58,0.266667,0.000000000,0.000000000,0.115750052,1.000000000,0.000000000,0.000000000,0.000000000,0.000000000,0.000000000,-2.615998745,0.000000000,0.000000000,0.000000000,0.000000000,0.000000000,-0.084249948
59,0.270833,0.000000000,0.000000000,0.104679741,1.000000000,0.000000000,0.000000000,0.000000000,0.000000000,0.000000000,-2.656873703,0.000000000,0.000000000,0.000000000,0.000000000,0.000000000,-0.095320259
60,0.275000,0.000000000,0.000000000,0.093439125,1.000000000,0.000000000,0.000000000,0.000000000,0.000000000,0.000000000,-2.697748661,0.000000000,0.000000000,0.000000000,0.000000000,0.000000000,-0.106560875
61,0.279167,0.000000000,0.000000000,0.082028195,1.000000000,0.000000000,0.000000000,0.000000000,0.000000000,0.000000000,-2.738623619,0.000000000,0.000000000,0.000000000,0.000000000,0.000000000,-0.117971805
62,0.283333,0.000000000,0.000000000,0.070446953,1.000000000,0.000000000,0.000000000,0.000000000,0.000000000,0.000000000,-2.779498577,0.000000000,0.000000000,0.000000000,0.000000000,0.000000000,-0.129553047
63,0.287500,0.000000000,0.000000000,0.058695395,1.000000000,0.000000000,0.000000000,0.000000000,0.000000000,0.000000000,-2.820373535,0.000000000,0.000000000,0.000000000,0.000000000,0.000000000,-0.141304605
64,0.291667,0.000000000,0.000000000,0.046773527,1.000000000,0.000000000,0.000000000,0.000000000,0.000000000,0.000000000,-2.861248493,0.000000000,0.000000000,0.000000000,0.000000000,0.000000000,-0.153226473
65,0.295833,0.000000000,0.000000000,0.034681343,1.000000000,0.000000000,0.000000000,0.000000000,0.000000000,0.000000000,-2.902123451,0.000000000,0.000000000,0.000000000,0.000000000,0.000000000,-0.165318657
66,0.300000,0.000000000,0.000000000,0.022418849,1.000000000,0.000000000,0.000000000,0.000000000,0.000000000,0.000000000,-2.942998409,0.000000000,0.000000000,0.000000000,0.000000000,0.000000000,-0.177581151
67,0.304167,0.000000825,0.000000651,0.020000078,1.000000000,-0.000007082,0.000011187,-0.000000943,-0.013565429,0.014424670,-0.000704092,-0.285093784,-0.245791212,-0.000532224,0.000000825,0.000000651,-0.179999922
68,0.308333,-0.000002103,0.000002293,0.019999996,1.000000000,-0.000000553,-0.000000242,-0.000000100,0.000671729,-0.000709363,-0.000022617,0.000439330,0.000319940,0.000136946,-0.000002103,0.000002293,-0.180000004
69,0.312500,-0.000002117,0.000002321,0.020000000,1.000000000,-0.000000282,0.000000014,-0.000000092,-0.000006251,0.000017670,-0.000030167,-0.001299815,-0.000280414,0.000019547,-0.000002117,0.000002321,-0.180000000
70,0.316667,-0.000002164,0.000002362,0.020000001,1.000000000,-0.000000985,-0.000000365,-0.000000088,0.000017580,0.000026309,-0.000051014,-0.002275536,0.000089995,0.000001533,-0.000002164,0.000002362,-0.179999999
71,0.320833,-0.000002165,0.000002364,0.019999998,1.000000000,-0.000001452,-0.000000792,-0.000000097,0.000026449,0.000016184,-0.000053099,-0.002130626,0.000252073,0.000004736,-0.000002165,0.000002364,-0.180000002
72,0.325000,-0.000002164,0.000002364,0.019999998,1.000000000,-0.000001470,-0.000000651,-0.000000075,0.000026608,0.000015681,-0.000053247,-0.002115232,0.000262037,0.000005290,-0.000002164,0.000002364,-0.180000002
73,0.329167,-0.000002161,0.000002365,0.020000000,1.000000000,-0.000001445,-0.000000568,-0.000000065,0.000026834,0.000015531,-0.000053484,-0.002105269,0.000279649,0.000005417,-0.000002161,0.000002365,-0.180000000
74,0.333333,-0.000002164,0.000002364,0.020000000,1.000000000,-0.000001399,-0.000000700,-0.000000113,0.000025782,0.000016038,-0.000053028,-0.002115821,0.000243938,0.000005662,-0.000002164,0.000002364,-0.180000000
75,0.337500,-0.000002164,0.000002366,0.020000001,1.000000000,-0.000001425,-0.000000761,-0.000000128,0.000026272,0.000015974,-0.000053157,-0.002118712,0.000255258,0.000005263,-0.000002164,0.000002366,-0.179999999
76,0.341667,-0.000002164,0.000002364,0.019999998,1.000000000,-0.000001457,-0.000000798,-0.000000119,0.000026390,0.000015683,-0.000053117,-0.002111737,0.000256786,0.000005410,-0.000002164,0.000002364,-0.180000002
77,0.345833,-0.000002165,0.000002367,0.020000000,1.000000000,-0.000001511,-0.000000822,-0.000000110,0.000026030,0.000016168,-0.000053127,-0.002121566,0.000250431,0.000005299,-0.000002165,0.000002367,-0.180000000
78,0.350000,-0.000002162,0.000002366,0.020000000,1.000000000,-0.000001418,-0.000000517,-0.000000065,0.000026916,0.000015408,-0.000053389,-0.002107272,0.000274261,0.000005361,-0.000002162,0.000002366,-0.180000000
79,0.354167,-0.000002163,0.000002366,0.020000000,1.000000000,-0.000001349,-0.000000686,-0.000000114,0.000026080,0.000015888,-0.000053081,-0.002114318,0.000250602,0.000005532,-0.000002163,0.000002366,-0.180000000
80,0.358333,-0.000002164,0.000002366,0.019999998,1.000000000,-0.000001403,-0.000000707,-0.000000116,0.000026442,0.000015756,-0.000053185,-0.002108458,0.000264944,0.000005321,-0.000002164,0.000002366,-0.180000002
81,0.362500,-0.000002165,0.000002367,0.020000000,1.000000000,-0.000001439,-0.000000755,-0.000000106,0.000026091,0.000016029,-0.000053115,-0.002118398,0.000251273,0.000005372,-0.000002165,0.000002367,-0.180000000
82,0.366667,-0.000002164,0.000002364,0.019999998,1.000000000,-0.000001455,-0.000000603,-0.000000071,0.000026684,0.000015382,-0.000053273,-0.002103400,0.000268634,0.000005553,-0.000002164,0.000002364,-0.180000002
83,0.370833,-0.000002163,0.000002367,0.020000000,1.000000000,-0.000001405,-0.000000556,-0.000000072,0.000026281,0.000016093,-0.000053190,-0.002121602,0.000256474,0.000005157,-0.000002163,0.000002367,-0.180000000
84,0.375000,-0.000002162,0.000002365,0.020000000,1.000000000,-0.000001368,-0.000000684,-0.000000111,0.000026562,0.000015462,-0.000053195,-0.002109302,0.000259769,0.000005549,-0.000002162,0.000002365,-0.180000000
85,0.379167,-0.000002162,0.000002365,0.019999998,1.000000000,-0.000001414,-0.000000716,-0.000000101,0.000026389,0.000015767,-0.000053190,-0.002108605,0.000263817,0.000005376,-0.000002162,0.000002365,-0.180000002
86,0.383333,-0.000002165,0.000002366,0.020000001,1.000000000,-0.000001437,-0.000000770,-0.000000090,0.000025778,0.000016112,-0.000053065,-0.002118522,0.000243935,0.000005608,-0.000002165,0.000002366,-0.179999999
87,0.387500,-0.000002165,0.000002366,0.020000000,1.000000000,-0.000001479,-0.000000801,-0.000000116,0.000026284,0.000015886,-0.000053041,-0.002120503,0.000248739,0.000005241,-0.000002165,0.000002366,-0.180000000
88,0.391667,-0.000002163,0.000002366,0.020000000,1.000000000,-0.000001392,-0.000000490,-0.000000071,0.000026858,0.000015478,-0.000053282,-0.002112357,0.000266983,0.000005252,-0.000002163,0.000002366,-0.180000000
89,0.395833,-0.000002163,0.000002364,0.020000000,0.999999940,-0.000001480,-0.000000764,-0.000000109,0.000026329,0.000015651,-0.000053130,-0.002110999,0.000255389,0.000005549,-0.000002163,0.000002364,-0.180000000
90,0.400000,-0.000002160,0.000002366,0.020000003,0.999999940,-0.000001250,-0.000000340,-0.000000076,0.000026692,0.000015682,-0.000053224,-0.002121397,0.000257529,0.000005170,-0.000002160,0.000002366,-0.179999997
91,0.404167,-0.000002158,0.000002364,0.020000003,1.000000000,-0.000001347,-0.000000616,-0.000000113,0.000026703,0.000015400,-0.000053077,-0.002111273,0.000257032,0.000005336,-0.000002158,0.000002364,-0.179999997
92,0.408333,-0.000002165,0.000002364,0.020000000,1.000000000,-0.000001337,-0.000000697,-0.000000099,0.000025121,0.000016528,-0.000052793,-0.002119150,0.000230512,0.000005638,-0.000002165,0.000002364,-0.180000000
93,0.412500,-0.000002164,0.000002367,0.019999998,1.000000000,-0.000001409,-0.000000711,-0.000000114,0.000026503,0.000016012,-0.000053236,-0.002115270,0.000267591,0.000005000,-0.000002164,0.000002367,-0.180000002
94,0.416667,-0.000002165,0.000002365,0.020000000,1.000000000,-0.000001429,-0.000000768,-0.000000104,0.000026207,0.000015717,-0.000053122,-0.002112321,0.000252450,0.000005602,-0.000002165,0.000002365,-0.180000000
95,0.420833,-0.000002165,0.000002365,0.020000000,1.000000000,-0.000001481,-0.000000789,-0.000000095,0.000026299,0.000015825,-0.000053062,-0.002119705,0.000248785,0.000005310,-0.000002165,0.000002365,-0.180000000
96,0.425000,-0.000002165,0.000002365,0.020000000,1.000000000,-0.000001366,-0.000000717,-0.000000110,0.000026328,0.000015803,-0.000053267,-0.002111446,0.000262139,0.000005498,-0.000002165,0.000002365,-0.180000000
97,0.429167,-0.000002161,0.000002365,0.020000000,1.000000000,-0.000001288,-0.000000407,-0.000000065,0.000027236,0.000015261,-0.000053318,-0.002109016,0.000275349,0.000005075,-0.000002161,0.000002365,-0.180000000
98,0.433333,-0.000002163,0.000002364,0.019999998,0.999999940,-0.000001366,-0.000000692,-0.000000100,0.000026020,0.000015809,-0.000052991,-0.002110091,0.000249019,0.000005596,-0.000002163,0.000002364,-0.180000002
99,0.437500,-0.000002161,0.000002364,0.020000001,0.999999940,-0.000001300,-0.000000574,-0.000000104,0.000026656,0.000015608,-0.000053167,-0.002118351,0.000256343,0.000005240,-0.000002161,0.000002364,-0.179999999
100,0.441667,-0.000002159,0.000002366,0.020000001,1.000000000,-0.000001523,-0.000000702,-0.000000106,0.000026626,0.000015748,-0.000053155,-0.002114052,0.000263248,0.000005087,-0.000002159,0.000002366,-0.179999999
101,0.445833,-0.000002164,0.000002366,0.020000000,1.000000000,-0.000001365,-0.000000667,-0.000000107,0.000025443,0.000016339,-0.000053138,-0.002111561,0.000249842,0.000005809,-0.000002164,0.000002366,-0.180000000
102,0.450000,-0.000002163,0.000002366,0.020000000,1.000000000,-0.000001401,-0.000000714,-0.000000098,0.000026588,0.000015698,-0.000053264,-0.002109677,0.000267890,0.000005290,-0.000002163,0.000002366,-0.180000000
103,0.454167,-0.000002164,0.000002366,0.019999998,1.000000000,-0.000001426,-0.000000771,-0.000000113,0.000026363,0.000015777,-0.000053203,-0.002109031,0.000263267,0.000005417,-0.000002164,0.000002366,-0.180000002
104,0.458333,-0.000002163,0.000002364,0.020000000,1.000000000,-0.000001466,-0.000000802,-0.000000104,0.000026599,0.000015474,-0.000053308,-0.002106070,0.000267027,0.000005590,-0.000002163,0.000002364,-0.180000000
105,0.462500,-0.000002162,0.000002366,0.020000000,1.000000000,-0.000001369,-0.000000503,-0.000000070,0.000026396,0.000015904,-0.000053178,-0.002117798,0.000258095,0.000005211,-0.000002162,0.000002366,-0.180000000
106,0.466667,-0.000002161,0.000002367,0.019999998,0.999999940,-0.000001500,-0.000000738,-0.000000108,0.000026515,0.000015822,-0.000053302,-0.002106035,0.000273751,0.000005275,-0.000002161,0.000002367,-0.180000002
107,0.470833,-0.000002159,0.000002365,0.020000001,0.999999940,-0.000001430,-0.000000405,-0.000000062,0.000026909,0.000015240,-0.000053327,-0.002108721,0.000266825,0.000005516,-0.000002159,0.000002365,-0.179999999
108,0.475000,-0.000002159,0.000002363,0.020000003,0.999999940,-0.000001349,-0.000000585,-0.000000112,0.000026341,0.000015548,-0.000053168,-0.002109885,0.000255018,0.000005698,-0.000002159,0.000002363,-0.179999997
109,0.479167,-0.000002160,0.000002363,0.020000001,0.999999940,-0.000001385,-0.000000626,-0.000000102,0.000026133,0.000015940,-0.000052964,-0.002119262,0.000245604,0.000005276,-0.000002160,0.000002363,-0.179999999
110,0.483333,-0.000002160,0.000002362,0.020000001,0.999999940,-0.000001405,-0.000000686,-0.000000116,0.000026338,0.000015776,-0.000053129,-0.002113922,0.000255977,0.000005384,-0.000002160,0.000002362,-0.179999999
111,0.487500,-0.000002160,0.000002365,0.020000001,0.999999940,-0.000001474,-0.000000700,-0.000000107,0.000026162,0.000016154,-0.000053034,-0.002125520,0.000247331,0.000005064,-0.000002160,0.000002365,-0.179999999
112,0.491667,-0.000002160,0.000002364,0.020000003,0.999999940,-0.000001495,-0.000000751,-0.000000110,0.000026339,0.000015626,-0.000053114,-0.002117012,0.000248547,0.000005551,-0.000002160,0.000002364,-0.179999997
113,0.495833,-0.000002159,0.000002364,0.020000001,0.999999940,-0.000001387,-0.000000463,-0.000000065,0.000026614,0.000015725,-0.000053218,-0.002115449,0.000262407,0.000005195,-0.000002159,0.000002364,-0.179999999
114,0.500000,-0.000002161,0.000002364,0.020000001,0.999999940,-0.000001318,-0.000000629,-0.000000102,0.000025924,0.000015982,-0.000053055,-0.002115557,0.000247110,0.000005581,-0.000002161,0.000002364,-0.179999999
115,0.504167,-0.000002161,0.000002365,0.020000003,0.999999940,-0.000001376,-0.000000654,-0.000000115,0.000026363,0.000015864,-0.000053218,-0.002111525,0.000263403,0.000005331,-0.000002161,0.000002365,-0.179999997
116,0.508333,-0.000002159,0.000002363,0.020000003,0.999999940,-0.000001435,-0.000000668,-0.000000119,0.000026743,0.000015407,-0.000053121,-0.002113068,0.000257552,0.000005318,-0.000002159,0.000002363,-0.179999997
117,0.512500,-0.000002158,0.000002363,0.020000001,0.999999940,-0.000001301,-0.000000410,-0.000000073,0.000026471,0.000015697,-0.000053167,-0.002113270,0.000258920,0.000005347,-0.000002158,0.000002363,-0.179999999
118,0.516667,-0.000002158,0.000002363,0.020000003,1.000000000,-0.000001433,-0.000000643,-0.000000110,0.000026292,0.000015833,-0.000053122,-0.002114498,0.000255441,0.000005370,-0.000002158,0.000002363,-0.179999997
119,0.520833,-0.000002160,0.000002364,0.020000000,1.000000000,-0.000001445,-0.000000706,-0.000000100,0.000025950,0.000016092,-0.000053036,-0.002117530,0.000248216,0.000005387,-0.000002160,0.000002364,-0.180000000
120,0.525000,-0.000002164,0.000002364,0.020000000,1.000000000,-0.000001438,-0.000000789,-0.000000113,0.000025584,0.000016272,-0.000053027,-0.002120719,0.000239924,0.000005623,-0.000002164,0.000002364,-0.180000000
121,0.529167,-0.000002164,0.000002365,0.020000001,1.000000000,-0.000001489,-0.000000812,-0.000000115,0.000026295,0.000015897,-0.000053181,-0.002117936,0.000255214,0.000005348,-0.000002164,0.000002365,-0.179999999
122,0.533333,-0.000002163,0.000002364,0.020000000,1.000000000,-0.000001383,-0.000000519,-0.000000070,0.000026742,0.000015520,-0.000053309,-0.002107157,0.000270875,0.000005359,-0.000002163,0.000002364,-0.180000000
123,0.537500,-0.000002165,0.000002364,0.020000000,1.000000000,-0.000001325,-0.000000675,-0.000000107,0.000025904,0.000016056,-0.000053056,-0.002116945,0.000247147,0.000005521,-0.000002165,0.000002364,-0.180000000
124,0.541667,-0.000002163,0.000002367,0.019999998,1.000000000,-0.000001406,-0.000000682,-0.000000099,0.000026666,0.000015895,-0.000053237,-0.002112811,0.000271315,0.000004937,-0.000002163,0.000002367,-0.180000002
125,0.545833,-0.000002164,0.000002365,0.019999998,1.000000000,-0.000001433,-0.000000726,-0.000000112,0.000026329,0.000015561,-0.000053286,-0.002100257,0.000267524,0.000005786,-0.000002164,0.000002365,-0.180000002
126,0.550000,-0.000002161,0.000002364,0.019999998,1.000000000,-0.000001458,-0.000000574,-0.000000066,0.000026893,0.000015369,-0.000053277,-0.002109972,0.000267314,0.000005330,-0.000002161,0.000002364,-0.180000002
127,0.554167,-0.000002164,0.000002365,0.019999998,1.000000000,-0.000001407,-0.000000719,-0.000000103,0.000025655,0.000016277,-0.000053038,-0.002120854,0.000242113,0.000005551,-0.000002164,0.000002365,-0.180000002
128,0.558333,-0.000002162,0.000002365,0.019999998,1.000000000,-0.000001452,-0.000000546,-0.000000069,0.000026918,0.000015449,-0.000053282,-0.002111936,0.000268219,0.000005212,-0.000002162,0.000002365,-0.180000002
129,0.562500,-0.000002164,0.000002367,0.019999998,1.000000000,-0.000001395,-0.000000706,-0.000000106,0.000025634,0.000016400,-0.000053119,-0.002118782,0.000248730,0.000005506,-0.000002164,0.000002367,-0.180000002
130,0.566667,-0.000002165,0.000002365,0.020000000,1.000000000,-0.000001409,-0.000000769,-0.000000119,0.000026221,0.000015707,-0.000053049,-0.002117037,0.000246055,0.000005535,-0.000002165,0.000002365,-0.180000000
131,0.570833,-0.000002164,0.000002366,0.020000000,1.000000000,-0.000001448,-0.000000604,-0.000000073,0.000026614,0.000015743,-0.000053114,-0.002119602,0.000256232,0.000005073,-0.000002164,0.000002366,-0.180000000
132,0.575000,-0.000002164,0.000002368,0.020000000,1.000000000,-0.000001395,-0.000000553,-0.000000061,0.000026226,0.000015961,-0.000053145,-0.002117738,0.000254410,0.000005327,-0.000002164,0.000002368,-0.180000000
133,0.579167,-0.000002161,0.000002366,0.019999998,1.000000000,-0.000001357,-0.000000479,-0.000000086,0.000026934,0.000015280,-0.000053232,-0.002106846,0.000268044,0.000005348,-0.000002161,0.000002366,-0.180000002
134,0.583333,-0.000002163,0.000002366,0.020000000,0.999999940,-0.000001473,-0.000000727,-0.000000098,0.000025883,0.000016084,-0.000052947,-0.002121216,0.000240497,0.000005406,-0.000002163,0.000002366,-0.180000000
135,0.587500,-0.000002158,0.000002365,0.020000003,0.999999940,-0.000001389,-0.000000418,-0.000000076,0.000027199,0.000015164,-0.000053318,-0.002113839,0.000267032,0.000005254,-0.000002158,0.000002365,-0.179999997
136,0.591667,-0.000002158,0.000002364,0.020000003,1.000000000,-0.000001481,-0.000000689,-0.000000114,0.000026328,0.000015686,-0.000053196,-0.002106710,0.000262138,0.000005566,-0.000002158,0.000002364,-0.179999997
137,0.595833,-0.000002162,0.000002366,0.020000000,1.000000000,-0.000001490,-0.000000755,-0.000000103,0.000025571,0.000016420,-0.000053055,-0.002117882,0.000247033,0.000005479,-0.000002162,0.000002366,-0.180000000
138,0.600000,-0.000002163,0.000002365,0.020000000,1.000000000,-0.000001358,-0.000000697,-0.000000118,0.000026154,0.000015895,-0.000053157,-0.002117200,0.000251605,0.000005501,-0.000002163,0.000002365,-0.180000000
139,0.604167,-0.000002164,0.000002365,0.019999998,1.000000000,-0.000001403,-0.000000726,-0.000000096,0.000026251,0.000015850,-0.000053167,-0.002109825,0.000260653,0.000005425,-0.000002164,0.000002365,-0.180000002
140,0.608333,-0.000002163,0.000002364,0.020000000,1.000000000,-0.000001333,-0.000000606,-0.000000111,0.000026758,0.000015469,-0.000053328,-0.002106658,0.000270938,0.000005423,-0.000002163,0.000002364,-0.180000000
141,0.612500,-0.000002165,0.000002364,0.020000000,1.000000000,-0.000001324,-0.000000703,-0.000000113,0.000025912,0.000016021,-0.000052945,-0.002119991,0.000240712,0.000005437,-0.000002165,0.000002364,-0.180000000
142,0.616667,-0.000002165,0.000002367,0.019999998,1.000000000,-0.000001404,-0.000000705,-0.000000103,0.000026326,0.000016080,-0.000053162,-0.002114395,0.000263890,0.000005059,-0.000002165,0.000002367,-0.180000002
143,0.620833,-0.000002166,0.000002365,0.020000000,1.000000000,-0.000001418,-0.000000769,-0.000000116,0.000026196,0.000015686,-0.000053039,-0.002116085,0.000245540,0.000005580,-0.000002166,0.000002365,-0.180000000
144,0.625000,-0.000002163,0.000002366,0.020000000,1.000000000,-0.000001462,-0.000000598,-0.000000070,0.000026846,0.000015580,-0.000053237,-0.002113162,0.000267442,0.000005098,-0.000002163,0.000002366,-0.180000000
145,0.629167,-0.000002164,0.000002366,0.019999998,1.000000000,-0.000001414,-0.000000740,-0.000000109,0.000026040,0.000015964,-0.000052997,-0.002120230,0.000243606,0.000005410,-0.000002164,0.000002366,-0.180000002
146,0.633333,-0.000002162,0.000002367,0.020000000,1.000000000,-0.000001459,-0.000000566,-0.000000074,0.000026651,0.000015678,-0.000053227,-0.002114810,0.000263007,0.000005214,-0.000002162,0.000002367,-0.180000000
147,0.637500,-0.000002163,0.000002366,0.020000000,1.000000000,-0.000001429,-0.000000686,-0.000000112,0.000026352,0.000015692,-0.000053231,-0.002108034,0.000262424,0.000005565,-0.000002163,0.000002366,-0.180000000
148,0.641667,-0.000002163,0.000002364,0.020000000,1.000000000,-0.000001434,-0.000000758,-0.000000103,0.000026417,0.000015586,-0.000053258,-0.002106829,0.000263210,0.000005628,-0.000002163,0.000002364,-0.180000000
149,0.645833,-0.000002163,0.000002365,0.020000001,1.000000000,-0.000001486,-0.000000784,-0.000000118,0.000026243,0.000015967,-0.000053163,-0.002118533,0.000254612,0.000005312,-0.000002163,0.000002365,-0.179999999
150,0.650000,-0.000002164,0.000002365,0.020000000,1.000000000,-0.000001378,-0.000000698,-0.000000109,0.000026185,0.000015906,-0.000053189,-0.002111450,0.000259219,0.000005465,-0.000002164,0.000002365,-0.180000000
151,0.654167,-0.000002164,0.000002365,0.020000000,1.000000000,-0.000001414,-0.000000744,-0.000000112,0.000026370,0.000015789,-0.000053210,-0.002109675,0.000263255,0.000005397,-0.000002164,0.000002365,-0.180000000
152,0.658333,-0.000002163,0.000002366,0.020000001,1.000000000,-0.000001459,-0.000000570,-0.000000077,0.000026639,0.000015668,-0.000053223,-0.002114282,0.000262839,0.000005235,-0.000002163,0.000002366,-0.179999999
153,0.662500,-0.000002163,0.000002367,0.019999998,1.000000000,-0.000001426,-0.000000699,-0.000000115,0.000026047,0.000016103,-0.000053055,-0.002118088,0.000250915,0.000005285,-0.000002163,0.000002367,-0.180000002
154,0.666667,-0.000002164,0.000002365,0.020000000,1.000000000,-0.000001436,-0.000000767,-0.000000117,0.000026400,0.000015554,-0.000053183,-0.002110843,0.000256102,0.000005621,-0.000002164,0.000002365,-0.180000000
155,0.670833,-0.000002163,0.000002364,0.020000000,1.000000000,-0.000001482,-0.000000792,-0.000000109,0.000026549,0.000015552,-0.000053204,-0.002111466,0.000259872,0.000005461,-0.000002163,0.000002364,-0.180000000
156,0.675000,-0.000002166,0.000002365,0.020000000,1.000000000,-0.000001351,-0.000000731,-0.000000111,0.000025719,0.000016185,-0.000053055,-0.002119693,0.000242872,0.000005586,-0.000002166,0.000002365,-0.180000000
157,0.679167,-0.000002162,0.000002366,0.019999998,1.000000000,-0.000001404,-0.000000557,-0.000000077,0.000027033,0.000015575,-0.000053260,-0.002113905,0.000271974,0.000004898,-0.000002162,0.000002366,-0.180000002
158,0.683333,-0.000002161,0.000002365,0.020000000,1.000000000,-0.000001386,-0.000000669,-0.000000092,0.000026515,0.000015554,-0.000053292,-0.002106816,0.000265738,0.000005588,-0.000002161,0.000002365,-0.180000000
159,0.687500,-0.000002163,0.000002365,0.020000000,1.000000000,-0.000001411,-0.000000720,-0.000000104,0.000026020,0.000015953,-0.000053151,-0.002111068,0.000255640,0.000005579,-0.000002163,0.000002365,-0.180000000
160,0.691667,-0.000002164,0.000002366,0.019999998,1.000000000,-0.000001467,-0.000000738,-0.000000095,0.000026336,0.000015871,-0.000053122,-0.002115687,0.000256476,0.000005262,-0.000002164,0.000002366,-0.180000002
161,0.695833,-0.000002162,0.000002365,0.020000000,1.000000000,-0.000001485,-0.000000595,-0.000000061,0.000026635,0.000015587,-0.000053263,-0.002113789,0.000262062,0.000005380,-0.000002162,0.000002365,-0.180000000
162,0.700000,-0.000002163,0.000002364,0.019999998,1.000000000,-0.000001391,-0.000000580,-0.000000073,0.000026133,0.000015791,-0.000053119,-0.002113569,0.000251108,0.000005616,-0.000002163,0.000002364,-0.180000002
163,0.704167,-0.000002163,0.000002364,0.019999998,1.000000000,-0.000001380,-0.000000684,-0.000000111,0.000026289,0.000015875,-0.000053138,-0.002116046,0.000255347,0.000005344,-0.000002163,0.000002364,-0.180000002
164,0.708333,-0.000002164,0.000002366,0.019999998,1.000000000,-0.000001414,-0.000000733,-0.000000101,0.000026102,0.000016048,-0.000053094,-0.002118301,0.000251688,0.000005316,-0.000002164,0.000002366,-0.180000002
165,0.712500,-0.000002162,0.000002367,0.020000000,1.000000000,-0.000001460,-0.000000559,-0.000000067,0.000026648,0.000015674,-0.000053229,-0.002114784,0.000262932,0.000005227,-0.000002162,0.000002367,-0.180000000
166,0.716667,-0.000002162,0.000002365,0.020000000,1.000000000,-0.000001400,-0.000000509,-0.000000078,0.000026528,0.000015514,-0.000053287,-0.002106010,0.000265766,0.000005619,-0.000002162,0.000002365,-0.180000000
167,0.720833,-0.000002163,0.000002364,0.020000000,0.999999940,-0.000001489,-0.000000781,-0.000000092,0.000026129,0.000015864,-0.000053095,-0.002114299,0.000251550,0.000005503,-0.000002163,0.000002364,-0.180000000
168,0.725000,-0.000002160,0.000002366,0.020000003,0.999999940,-0.000001259,-0.000000357,-0.000000082,0.000026736,0.000015649,-0.000053236,-0.002121162,0.000258337,0.000005175,-0.000002160,0.000002366,-0.179999997
169,0.729167,-0.000002159,0.000002364,0.020000003,1.000000000,-0.000001356,-0.000000630,-0.000000107,0.000026551,0.000015473,-0.000053043,-0.002111781,0.000253659,0.000005398,-0.000002159,0.000002364,-0.179999997
170,0.733333,-0.000002165,0.000002364,0.019999998,1.000000000,-0.000001335,-0.000000722,-0.000000106,0.000025134,0.000016532,-0.000052795,-0.002119335,0.000230823,0.000005622,-0.000002165,0.000002364,-0.180000002
171,0.737500,-0.000002161,0.000002365,0.019999998,1.000000000,-0.000001410,-0.000000525,-0.000000061,0.000027219,0.000015487,-0.000053320,-0.002114066,0.000275779,0.000004833,-0.000002161,0.000002365,-0.180000002
172,0.741667,-0.000002165,0.000002365,0.020000000,1.000000000,-0.000001346,-0.000000683,-0.000000096,0.000025587,0.000016134,-0.000053102,-0.002112807,0.000246148,0.000005857,-0.000002165,0.000002365,-0.180000000
173,0.745833,-0.000002164,0.000002366,0.019999998,1.000000000,-0.000001414,-0.000000696,-0.000000110,0.000026577,0.000015785,-0.000053227,-0.002110419,0.000268281,0.000005167,-0.000002164,0.000002366,-0.180000002
174,0.750000,-0.000002163,0.000002366,0.019999998,1.000000000,-0.000001443,-0.000000751,-0.000000113,0.000026497,0.000015695,-0.000053271,-0.002109322,0.000265962,0.000005417,-0.000002163,0.000002366,-0.180000002
175,0.754167,-0.000002164,0.000002365,0.020000000,1.000000000,-0.000001484,-0.000000778,-0.000000115,0.000026228,0.000015745,-0.000053235,-0.002109366,0.000259400,0.000005654,-0.000002164,0.000002365,-0.180000000
176,0.758333,-0.000002164,0.000002364,0.020000000,1.000000000,-0.000001499,-0.000000836,-0.000000106,0.000026351,0.000015681,-0.000053178,-0.002113282,0.000255630,0.000005527,-0.000002164,0.000002364,-0.180000000
177,0.762500,-0.000002164,0.000002366,0.019999998,1.000000000,-0.000001392,-0.000000547,-0.000000084,0.000026411,0.000015909,-0.000053183,-0.002118135,0.000258418,0.000005195,-0.000002164,0.000002366,-0.180000002
178,0.766667,-0.000002165,0.000002364,0.020000000,0.999999940,-0.000001462,-0.000000838,-0.000000097,0.000025899,0.000015894,-0.000052925,-0.002123552,0.000233060,0.000005597,-0.000002165,0.000002364,-0.180000000
179,0.770833,-0.000002158,0.000002365,0.020000003,0.999999940,-0.000001275,-0.000000370,-0.000000066,0.000027743,0.000015024,-0.000053602,-0.002105718,0.000292511,0.000005022,-0.000002158,0.000002365,-0.179999997
180,0.775000,-0.000002160,0.000002364,0.020000003,1.000000000,-0.000001372,-0.000000639,-0.000000112,0.000025959,0.000015833,-0.000052910,-0.002114889,0.000241345,0.000005573,-0.000002160,0.000002364,-0.179999997
181,0.779167,-0.000002161,0.000002365,0.020000000,1.000000000,-0.000001408,-0.000000684,-0.000000103,0.000026154,0.000016118,-0.000053124,-0.002113993,0.000259843,0.000005183,-0.000002161,0.000002365,-0.180000000
182,0.783333,-0.000002163,0.000002365,0.020000000,1.000000000,-0.000001437,-0.000000727,-0.000000104,0.000026109,0.000015867,-0.000053256,-0.002105731,0.000263551,0.000005666,-0.000002163,0.000002365,-0.180000000
183,0.787500,-0.000002162,0.000002364,0.019999998,1.000000000,-0.000001455,-0.000000577,-0.000000069,0.000026597,0.000015601,-0.000053267,-0.002107569,0.000267761,0.000005400,-0.000002162,0.000002364,-0.180000002
184,0.791667,-0.000002163,0.000002367,0.020000000,1.000000000,-0.000001430,-0.000000706,-0.000000108,0.000025941,0.000016278,-0.000053122,-0.002123374,0.000249035,0.000005286,-0.000002163,0.000002367,-0.180000000
185,0.795833,-0.000002165,0.000002364,0.019999998,1.000000000,-0.000001430,-0.000000776,-0.000000108,0.000026126,0.000015694,-0.000053165,-0.002106440,0.000256589,0.000005761,-0.000002165,0.000002364,-0.180000002
186,0.800000,-0.000002164,0.000002364,0.019999998,1.000000000,-0.000001442,-0.000000641,-0.000000063,0.000026613,0.000015666,-0.000053153,-0.002119071,0.000255643,0.000005206,-0.000002164,0.000002364,-0.180000002
187,0.804167,-0.000002161,0.000002366,0.020000000,1.000000000,-0.000001431,-0.000000547,-0.000000075,0.000026759,0.000015688,-0.000053376,-0.002112109,0.000272370,0.000005229,-0.000002161,0.000002366,-0.180000000
188,0.808333,-0.000002166,0.000002366,0.019999998,1.000000000,-0.000001348,-0.000000720,-0.000000111,0.000025420,0.000016252,-0.000052934,-0.002117430,0.000236254,0.000005756,-0.000002166,0.000002366,-0.180000002
189,0.812500,-0.000002161,0.000002365,0.019999998,1.000000000,-0.000001268,-0.000000408,-0.000000077,0.000027332,0.000015160,-0.000053337,-0.002107882,0.000276820,0.000005096,-0.000002161,0.000002365,-0.180000002
190,0.816667,-0.000002163,0.000002367,0.020000000,0.999999940,-0.000001376,-0.000000675,-0.000000112,0.000025856,0.000016188,-0.000053012,-0.002118169,0.000247069,0.000005379,-0.000002163,0.000002367,-0.180000000
191,0.820833,-0.000002160,0.000002363,0.020000003,0.999999940,-0.000001302,-0.000000556,-0.000000127,0.000026986,0.000015101,-0.000053216,-0.002109634,0.000261569,0.000005480,-0.000002160,0.000002363,-0.179999997
192,0.825000,-0.000002157,0.000002366,0.020000001,1.000000000,-0.000001515,-0.000000487,-0.000000081,0.000027040,0.000015601,-0.000053363,-0.002103462,0.000285713,0.000004942,-0.000002157,0.000002366,-0.179999999
193,0.829167,-0.000002162,0.000002366,0.020000000,1.000000000,-0.000001417,-0.000000677,-0.000000116,0.000025154,0.000016474,-0.000052918,-0.002121220,0.000230884,0.000005810,-0.000002162,0.000002366,-0.180000000
194,0.833333,-0.000002163,0.000002366,0.020000000,1.000000000,-0.000001445,-0.000000728,-0.000000107,0.000026399,0.000015811,-0.000053261,-0.002111854,0.000263655,0.000005388,-0.000002163,0.000002366,-0.180000000
195,0.837500,-0.000002162,0.000002366,0.020000001,1.000000000,-0.000001494,-0.000000754,-0.000000110,0.000026521,0.000015637,-0.000053211,-0.002113403,0.000259599,0.000005407,-0.000002162,0.000002366,-0.179999999
196,0.841667,-0.000002163,0.000002365,0.020000000,1.000000000,-0.000001366,-0.000000690,-0.000000113,0.000025929,0.000016037,-0.000052978,-0.002121401,0.000240971,0.000005431,-0.000002163,0.000002365,-0.180000000
197,0.845833,-0.000002162,0.000002366,0.019999998,1.000000000,-0.000001389,-0.000000544,-0.000000067,0.000026750,0.000015596,-0.000053279,-0.002107926,0.000271584,0.000005229,-0.000002162,0.000002366,-0.180000002
198,0.850000,-0.000002164,0.000002364,0.020000000,0.999999940,-0.000001477,-0.000000813,-0.000000103,0.000025984,0.000015824,-0.000053084,-0.002113106,0.000247704,0.000005722,-0.000002164,0.000002364,-0.180000000
199,0.854167,-0.000002158,0.000002364,0.020000003,0.999999940,-0.000001270,-0.000000361,-0.000000082,0.000027326,0.000015180,-0.000053357,-0.002115281,0.000270264,0.000005119,-0.000002158,0.000002364,-0.179999997
200,0.858333,-0.000002159,0.000002362,0.020000003,1.000000000,-0.000001346,-0.000000652,-0.000000107,0.000026161,0.000015667,-0.000052973,-0.002113362,0.000245324,0.000005579,-0.000002159,0.000002362,-0.179999997
201,0.862500,-0.000002162,0.000002364,0.019999998,1.000000000,-0.000001393,-0.000000679,-0.000000119,0.000025770,0.000016410,-0.000053031,-0.002117176,0.000252110,0.000005222,-0.000002162,0.000002364,-0.180000002
202,0.866667,-0.000002163,0.000002365,0.020000000,1.000000000,-0.000001425,-0.000000731,-0.000000109,0.000026086,0.000016015,-0.000053056,-0.002123368,0.000244383,0.000005344,-0.000002163,0.000002365,-0.180000000
203,0.870833,-0.000002162,0.000002365,0.019999998,1.000000000,-0.000001486,-0.000000743,-0.000000101,0.000026563,0.000015703,-0.000053247,-0.002109173,0.000267477,0.000005298,-0.000002162,0.000002365,-0.180000002
204,0.875000,-0.000002163,0.000002365,0.020000000,1.000000000,-0.000001511,-0.000000794,-0.000000115,0.000026063,0.000015931,-0.000053061,-0.002121555,0.000243580,0.000005483,-0.000002163,0.000002365,-0.180000000
205,0.879167,-0.000002167,0.000002365,0.019999998,1.000000000,-0.000001374,-0.000000734,-0.000000105,0.000025566,0.000016258,-0.000052930,-0.002124590,0.000232933,0.000005568,-0.000002167,0.000002365,-0.180000002
206,0.883333,-0.000002164,0.000002365,0.020000000,1.000000000,-0.000001291,-0.000000426,-0.000000071,0.000027116,0.000015302,-0.000053416,-0.002106010,0.000278636,0.000005268,-0.000002164,0.000002365,-0.180000000
207,0.887500,-0.000002164,0.000002363,0.020000000,0.999999940,-0.000001371,-0.000000715,-0.000000108,0.000026359,0.000015613,-0.000053090,-0.002108956,0.000256233,0.000005513,-0.000002164,0.000002363,-0.180000000
208,0.891667,-0.000002160,0.000002364,0.020000003,0.999999940,-0.000001280,-0.000000421,-0.000000074,0.000026985,0.000015413,-0.000053234,-0.002116288,0.000263480,0.000005136,-0.000002160,0.000002364,-0.179999997
209,0.895833,-0.000002158,0.000002363,0.020000003,1.000000000,-0.000001410,-0.000000659,-0.000000100,0.000026648,0.000015558,-0.000053159,-0.002109980,0.000263016,0.000005295,-0.000002158,0.000002363,-0.179999997
210,0.900000,-0.000002161,0.000002365,0.020000000,1.000000000,-0.000001442,-0.000000700,-0.000000113,0.000025752,0.000016261,-0.000052972,-0.002119049,0.000244392,0.000005368,-0.000002161,0.000002365,-0.180000000
211,0.904167,-0.000002164,0.000002364,0.020000000,1.000000000,-0.000001452,-0.000000761,-0.000000125,0.000025903,0.000016013,-0.000053238,-0.002108218,0.000259095,0.000005733,-0.000002164,0.000002364,-0.180000000
212,0.908333,-0.000002164,0.000002366,0.019999998,1.000000000,-0.000001325,-0.000000501,-0.000000080,0.000026451,0.000015948,-0.000053263,-0.002114502,0.000266004,0.000005166,-0.000002164,0.000002366,-0.180000002
213,0.912500,-0.000002162,0.000002367,0.020000000,0.999999940,-0.000001458,-0.000000738,-0.000000118,0.000026647,0.000015629,-0.000053203,-0.002112825,0.000263087,0.000005262,-0.000002162,0.000002367,-0.180000000
214,0.916667,-0.000002158,0.000002363,0.020000000,0.999999940,-0.000001373,-0.000000421,-0.000000072,0.000027169,0.000014954,-0.000053326,-0.002102933,0.000271882,0.000005526,-0.000002158,0.000002363,-0.180000000
215,0.920833,-0.000002158,0.000002362,0.020000003,1.000000000,-0.000001463,-0.000000695,-0.000000109,0.000026293,0.000015634,-0.000053161,-0.002111341,0.000254409,0.000005649,-0.000002158,0.000002362,-0.179999997
216,0.925000,-0.000002163,0.000002365,0.020000000,1.000000000,-0.000001326,-0.000000646,-0.000000111,0.000025293,0.000016749,-0.000053011,-0.002123114,0.000242039,0.000005392,-0.000002163,0.000002365,-0.180000000
217,0.929167,-0.000002163,0.000002366,0.019999998,1.000000000,-0.000001403,-0.000000648,-0.000000113,0.000026582,0.000015801,-0.000053219,-0.002110650,0.000268374,0.000005131,-0.000002163,0.000002366,-0.180000002
218,0.933333,-0.000002162,0.000002367,0.019999998,1.000000000,-0.000001432,-0.000000708,-0.000000105,0.000026483,0.000015777,-0.000053264,-0.002110821,0.000266064,0.000005331,-0.000002162,0.000002367,-0.180000002
219,0.937500,-0.000002164,0.000002364,0.020000000,1.000000000,-0.000001420,-0.000000792,-0.000000117,0.000026078,0.000015625,-0.000053122,-0.002110308,0.000248636,0.000005875,-0.000002164,0.000002364,-0.180000000
220,0.941667,-0.000002164,0.000002365,0.020000000,1.000000000,-0.000001480,-0.000000807,-0.000000097,0.000026297,0.000015958,-0.000053148,-0.002118168,0.000255814,0.000005234,-0.000002164,0.000002365,-0.180000000
221,0.945833,-0.000002161,0.000002364,0.020000000,1.000000000,-0.000001370,-0.000000524,-0.000000075,0.000026808,0.000015462,-0.000053212,-0.002116750,0.000259196,0.000005274,-0.000002161,0.000002364,-0.180000000
222,0.950000,-0.000002165,0.000002365,0.020000000,1.000000000,-0.000001311,-0.000000676,-0.000000111,0.000025560,0.000016240,-0.000052979,-0.002118421,0.000239659,0.000005646,-0.000002165,0.000002365,-0.180000000
223,0.954167,-0.000002165,0.000002365,0.020000000,0.999999940,-0.000001513,-0.000000819,-0.000000100,0.000026307,0.000015885,-0.000052943,-0.002124546,0.000242927,0.000005114,-0.000002165,0.000002365,-0.180000000
224,0.958333,-0.000002158,0.000002365,0.020000003,0.999999940,-0.000001331,-0.000000343,-0.000000080,0.000027765,0.000014956,-0.000053684,-0.002099862,0.000299108,0.000005153,-0.000002158,0.000002365,-0.179999997
225,0.962500,-0.000002161,0.000002364,0.020000001,1.000000000,-0.000001398,-0.000000637,-0.000000092,0.000025805,0.000015921,-0.000052939,-0.002110647,0.000244510,0.000005669,-0.000002161,0.000002364,-0.179999999
226,0.966667,-0.000002163,0.000002365,0.020000000,1.000000000,-0.000001405,-0.000000709,-0.000000105,0.000025740,0.000016251,-0.000052930,-0.002124574,0.000237291,0.000005364,-0.000002163,0.000002365,-0.180000000
227,0.970833,-0.000002164,0.000002367,0.019999998,1.000000000,-0.000001441,-0.000000761,-0.000000120,0.000026252,0.000016092,-0.000053116,-0.002120050,0.000255493,0.000005106,-0.000002164,0.000002367,-0.180000002
228,0.975000,-0.000002163,0.000002364,0.020000000,1.000000000,-0.000001480,-0.000000790,-0.000000099,0.000026626,0.000015383,-0.000053315,-0.002104446,0.000267156,0.000005668,-0.000002163,0.000002364,-0.180000000
229,0.979167,-0.000002166,0.000002366,0.020000000,1.000000000,-0.000001350,-0.000000731,-0.000000113,0.000025692,0.000016275,-0.000053051,-0.002121395,0.000242756,0.000005513,-0.000002166,0.000002366,-0.180000000
230,0.983333,-0.000002162,0.000002365,0.019999998,1.000000000,-0.000001401,-0.000000555,-0.000000079,0.000027122,0.000015357,-0.000053266,-0.002109670,0.000272974,0.000005047,-0.000002162,0.000002365,-0.180000002
231,0.987500,-0.000002161,0.000002365,0.020000000,1.000000000,-0.000001383,-0.000000667,-0.000000094,0.000026514,0.000015554,-0.000053287,-0.002106642,0.000265800,0.000005584,-0.000002161,0.000002365,-0.180000000
232,0.991667,-0.000002163,0.000002366,0.020000000,1.000000000,-0.000001412,-0.000000720,-0.000000107,0.000025930,0.000016169,-0.000053146,-0.002115322,0.000254563,0.000005432,-0.000002163,0.000002366,-0.180000000
233,0.995833,-0.000002163,0.000002367,0.019999998,1.000000000,-0.000001468,-0.000000738,-0.000000098,0.000026337,0.000015871,-0.000053127,-0.002115910,0.000256387,0.000005266,-0.000002163,0.000002367,-0.180000002
234,1.000000,-0.000002162,0.000002365,0.020000000,1.000000000,-0.000001484,-0.000000593,-0.000000063,0.000026724,0.000015370,-0.000053266,-0.002109586,0.000263031,0.000005527,-0.000002162,0.000002365,-0.180000000
235,1.004167,-0.000002163,0.000002363,0.019999998,1.000000000,-0.000001389,-0.000000578,-0.000000075,0.000026132,0.000015792,-0.000053114,-0.002113373,0.000251158,0.000005612,-0.000002163,0.000002363,-0.180000002
236,1.008333,-0.000002163,0.000002364,0.019999998,1.000000000,-0.000001378,-0.000000682,-0.000000113,0.000026289,0.000015875,-0.000053138,-0.002116059,0.000255367,0.000005345,-0.000002163,0.000002364,-0.180000002
237,1.012500,-0.000002164,0.000002365,0.019999998,1.000000000,-0.000001413,-0.000000730,-0.000000104,0.000026103,0.000016047,-0.000053094,-0.002118231,0.000251734,0.000005314,-0.000002164,0.000002365,-0.180000002
238,1.016667,-0.000002161,0.000002366,0.020000000,1.000000000,-0.000001459,-0.000000559,-0.000000058,0.000026839,0.000015562,-0.000053269,-0.002113715,0.000266997,0.000005162,-0.000002161,0.000002366,-0.180000000
239,1.020833,-0.000002163,0.000002365,0.020000000,1.000000000,-0.000001405,-0.000000704,-0.000000107,0.000025894,0.000015986,-0.000053079,-0.002116214,0.000246341,0.000005644,-0.000002163,0.000002365,-0.180000000
240,1.025000,-0.000002165,0.000002366,0.019999998,1.000000000,-0.000001435,-0.000000749,-0.000000120,0.000025996,0.000016059,-0.000053040,-0.002117099,0.000249092,0.000005375,-0.000002165,0.000002366,-0.180000002
241,1.029167,-0.000002165,0.000002364,0.019999998,1.000000000,-0.000001466,-0.000000790,-0.000000110,0.000026363,0.000015634,-0.000053091,-0.002116771,0.000249108,0.000005487,-0.000002165,0.000002364,-0.180000002
242,1.033333,-0.000002165,0.000002366,0.019999998,1.000000000,-0.000001359,-0.000000712,-0.000000115,0.000026213,0.000016006,-0.000053156,-0.002119225,0.000254066,0.000005297,-0.000002165,0.000002366,-0.180000002
243,1.037500,-0.000002165,0.000002365,0.019999998,1.000000000,-0.000001391,-0.000000764,-0.000000106,0.000026534,0.000015647,-0.000053174,-0.002112578,0.000260144,0.000005337,-0.000002165,0.000002365,-0.180000002
244,1.041667,-0.000002165,0.000002365,0.020000000,1.000000000,-0.000001447,-0.000000781,-0.000000108,0.000026368,0.000015701,-0.000053165,-0.002113240,0.000256325,0.000005471,-0.000002165,0.000002365,-0.180000000
245,1.045833,-0.000002164,0.000002364,0.019999998,1.000000000,-0.000001465,-0.000000632,-0.000000073,0.000026587,0.000015594,-0.000053260,-0.002107211,0.000267539,0.000005413,-0.000002164,0.000002364,-0.180000002
246,1.050000,-0.000002164,0.000002364,0.019999998,1.000000000,-0.000001389,-0.000000602,-0.000000074,0.000026263,0.000015830,-0.000053267,-0.002111679,0.000260883,0.000005552,-0.000002164,0.000002364,-0.180000002
247,1.054167,-0.000002164,0.000002364,0.019999998,1.000000000,-0.000001361,-0.000000724,-0.000000101,0.000026277,0.000015833,-0.000053053,-0.002119477,0.000248436,0.000005326,-0.000002164,0.000002364,-0.180000002
248,1.058333,-0.000002161,0.000002365,0.019999998,1.000000000,-0.000001419,-0.000000539,-0.000000066,0.000026897,0.000015566,-0.000053325,-0.002108545,0.000275124,0.000005134,-0.000002161,0.000002365,-0.180000002
249,1.062500,-0.000002164,0.000002365,0.019999998,1.000000000,-0.000001365,-0.000000685,-0.000000103,0.000025786,0.000016070,-0.000053106,-0.002111885,0.000250757,0.000005690,-0.000002164,0.000002365,-0.180000002
250,1.066667,-0.000002164,0.000002367,0.019999998,1.000000000,-0.000001405,-0.000000732,-0.000000105,0.000026296,0.000016018,-0.000053212,-0.002114425,0.000262641,0.000005227,-0.000002164,0.000002367,-0.180000002
251,1.070833,-0.000002163,0.000002364,0.020000000,1.000000000,-0.000001327,-0.000000619,-0.000000108,0.000026804,0.000015302,-0.000053253,-0.002107835,0.000264786,0.000005491,-0.000002163,0.000002364,-0.180000000
252,1.075000,-0.000002165,0.000002366,0.020000000,0.999999940,-0.000001488,-0.000000808,-0.000000096,0.000025703,0.000016291,-0.000052888,-0.002123797,0.000237164,0.000005315,-0.000002165,0.000002366,-0.180000000
253,1.079167,-0.000002159,0.000002365,0.020000003,0.999999940,-0.000001299,-0.000000335,-0.000000076,0.000027644,0.000014920,-0.000053575,-0.002102935,0.000289377,0.000005239,-0.000002159,0.000002365,-0.179999997
254,1.083333,-0.000002159,0.000002363,0.020000001,1.000000000,-0.000001378,-0.000000625,-0.000000113,0.000026332,0.000015629,-0.000053052,-0.002108102,0.000255892,0.000005486,-0.000002159,0.000002363,-0.179999999
255,1.087500,-0.000002166,0.000002364,0.020000000,1.000000000,-0.000001362,-0.000000717,-0.000000099,0.000025064,0.000016635,-0.000052843,-0.002122754,0.000229420,0.000005636,-0.000002166,0.000002364,-0.180000000
256,1.091667,-0.000002161,0.000002364,0.019999998,1.000000000,-0.000001407,-0.000000549,-0.000000066,0.000027286,0.000015294,-0.000053343,-0.002110828,0.000276295,0.000005003,-0.000002161,0.000002364,-0.180000002
257,1.095833,-0.000002161,0.000002366,0.019999998,1.000000000,-0.000001393,-0.000000662,-0.000000105,0.000026209,0.000015981,-0.000053216,-0.002113223,0.000260743,0.000005393,-0.000002161,0.000002366,-0.180000002
258,1.100000,-0.000002163,0.000002366,0.019999998,1.000000000,-0.000001419,-0.000000713,-0.000000117,0.000026028,0.000015958,-0.000053161,-0.002111580,0.000255701,0.000005574,-0.000002163,0.000002366,-0.180000002
259,1.104167,-0.000002166,0.000002367,0.020000000,1.000000000,-0.000001453,-0.000000757,-0.000000106,0.000025765,0.000016228,-0.000053049,-0.002120555,0.000244219,0.000005472,-0.000002166,0.000002367,-0.180000000
260,1.108333,-0.000002164,0.000002365,0.020000000,1.000000000,-0.000001471,-0.000000609,-0.000000071,0.000027030,0.000015191,-0.000053376,-0.002102664,0.000275925,0.000005463,-0.000002164,0.000002365,-0.180000000
261,1.112500,-0.000002164,0.000002365,0.020000000,1.000000000,-0.000001394,-0.000000580,-0.000000072,0.000026249,0.000015821,-0.000053254,-0.002111087,0.000260630,0.000005570,-0.000002164,0.000002365,-0.180000000
262,1.116667,-0.000002163,0.000002364,0.020000000,1.000000000,-0.000001339,-0.000000529,-0.000000072,0.000026478,0.000015684,-0.000053186,-0.002113416,0.000259056,0.000005385,-0.000002163,0.000002364,-0.180000000
263,1.120833,-0.000002165,0.000002365,0.020000000,0.999999940,-0.000001449,-0.000000778,-0.000000108,0.000025943,0.000016041,-0.000053042,-0.002116466,0.000247892,0.000005473,-0.000002165,0.000002365,-0.180000000
264,1.125000,-0.000002160,0.000002365,0.020000001,0.999999940,-0.000001232,-0.000000339,-0.000000064,0.000027189,0.000015303,-0.000053381,-0.002111774,0.000273991,0.000005155,-0.000002160,0.000002365,-0.179999999
265,1.129167,-0.000002158,0.000002365,0.020000003,0.999999940,-0.000001491,-0.000000721,-0.000000113,0.000026629,0.000015567,-0.000053069,-0.002114277,0.000256301,0.000005230,-0.000002158,0.000002365,-0.179999997
266,1.133333,-0.000002158,0.000002365,0.020000001,0.999999940,-0.000001375,-0.000000443,-0.000000068,0.000026346,0.000015852,-0.000053015,-0.002125487,0.000243783,0.000005183,-0.000002158,0.000002365,-0.179999999
267,1.137500,-0.000002160,0.000002365,0.020000003,1.000000000,-0.000001488,-0.000000685,-0.000000102,0.000025863,0.000016018,-0.000053117,-0.002111364,0.000252161,0.000005665,-0.000002160,0.000002365,-0.179999997
268,1.141667,-0.000002164,0.000002365,0.019999998,1.000000000,-0.000001324,-0.000000658,-0.000000116,0.000025583,0.000016291,-0.000052877,-0.002123813,0.000233760,0.000005451,-0.000002164,0.000002365,-0.180000002
269,1.145833,-0.000002163,0.000002366,0.019999998,0.999999940,-0.000001540,-0.000000788,-0.000000106,0.000026580,0.000015760,-0.000053247,-0.002110398,0.000268233,0.000005209,-0.000002163,0.000002366,-0.180000002
270,1.150000,-0.000002161,0.000002364,0.020000003,0.999999940,-0.000001286,-0.000000383,-0.000000061,0.000026839,0.000015269,-0.000053384,-0.002110680,0.000265118,0.000005631,-0.000002161,0.000002364,-0.179999997
271,1.154167,-0.000002157,0.000002366,0.020000003,1.000000000,-0.000001416,-0.000000422,-0.000000073,0.000027001,0.000015565,-0.000053294,-0.002107367,0.000278223,0.000004985,-0.000002157,0.000002366,-0.179999997
272,1.158333,-0.000002164,0.000002365,0.020000001,1.000000000,-0.000001297,-0.000000634,-0.000000095,0.000025077,0.000016430,-0.000052848,-0.002118404,0.000228932,0.000005878,-0.000002164,0.000002365,-0.179999999
273,1.162500,-0.000002162,0.000002365,0.020000000,1.000000000,-0.000001356,-0.000000656,-0.000000110,0.000026800,0.000015577,-0.000053165,-0.002111403,0.000266152,0.000005079,-0.000002162,0.000002365,-0.180000000
274,1.166667,-0.000002161,0.000002366,0.019999998,1.000000000,-0.000001404,-0.000000691,-0.000000125,0.000026502,0.000015772,-0.000053225,-0.002109662,0.000266671,0.000005275,-0.000002161,0.000002366,-0.180000002
275,1.170833,-0.000002165,0.000002365,0.020000000,1.000000000,-0.000001432,-0.000000735,-0.000000089,0.000025598,0.000016170,-0.000052931,-0.002122574,0.000233489,0.000005629,-0.000002165,0.000002365,-0.180000000
276,1.175000,-0.000002163,0.000002366,0.020000000,1.000000000,-0.000001468,-0.000000572,-0.000000066,0.000026674,0.000015691,-0.000053234,-0.002115388,0.000263544,0.000005181,-0.000002163,0.000002366,-0.180000000
277,1.179167,-0.000002164,0.000002366,0.019999998,1.000000000,-0.000001420,-0.000000713,-0.000000105,0.000026046,0.000015969,-0.000053001,-0.002120501,0.000243681,0.000005398,-0.000002164,0.000002366,-0.180000002
278,1.183333,-0.000002164,0.000002366,0.019999998,1.000000000,-0.000001448,-0.000000765,-0.000000096,0.000026368,0.000015786,-0.000053245,-0.002110634,0.000263057,0.000005440,-0.000002164,0.000002366,-0.180000002
279,1.187500,-0.000002163,0.000002364,0.019999998,1.000000000,-0.000001448,-0.000000637,-0.000000073,0.000026506,0.000015550,-0.000053115,-0.002115650,0.000252373,0.000005438,-0.000002163,0.000002364,-0.180000002
280,1.191667,-0.000002163,0.000002368,0.020000000,1.000000000,-0.000001443,-0.000000533,-0.000000073,0.000026308,0.000016083,-0.000053196,-0.002121707,0.000256980,0.000005140,-0.000002163,0.000002368,-0.180000000
281,1.195833,-0.000002165,0.000002365,0.020000000,1.000000000,-0.000001357,-0.000000710,-0.000000098,0.000025973,0.000015751,-0.000053012,-0.002116418,0.000240441,0.000005753,-0.000002165,0.000002365,-0.180000000
282,1.200000,-0.000002164,0.000002364,0.019999998,1.000000000,-0.000001401,-0.000000743,-0.000000113,0.000026624,0.000015583,-0.000053236,-0.002106477,0.000268379,0.000005357,-0.000002164,0.000002364,-0.180000002
283,1.204167,-0.000002162,0.000002368,0.019999998,1.000000000,-0.000001462,-0.000000559,-0.000000078,0.000026542,0.000016011,-0.000053267,-0.002115746,0.000268871,0.000004991,-0.000002162,0.000002368,-0.180000002
284,1.208333,-0.000002162,0.000002366,0.020000000,1.000000000,-0.000001407,-0.000000706,-0.000000105,0.000026366,0.000015536,-0.000053200,-0.002110691,0.000255325,0.000005710,-0.000002162,0.000002366,-0.180000000
285,1.212500,-0.000002165,0.000002365,0.019999998,1.000000000,-0.000001409,-0.000000777,-0.000000117,0.000025810,0.000016021,-0.000052922,-0.002119534,0.000237952,0.000005540,-0.000002165,0.000002365,-0.180000002
286,1.216667,-0.000002165,0.000002365,0.020000000,1.000000000,-0.000001468,-0.000000794,-0.000000107,0.000026330,0.000015849,-0.000053172,-0.002116673,0.000255946,0.000005349,-0.000002165,0.000002365,-0.180000000
287,1.220833,-0.000002165,0.000002364,0.020000000,1.000000000,-0.000001500,-0.000000834,-0.000000110,0.000026352,0.000015711,-0.000053265,-0.002109577,0.000262189,0.000005571,-0.000002165,0.000002364,-0.180000000
288,1.225000,-0.000002162,0.000002368,0.020000000,1.000000000,-0.000001412,-0.000000535,-0.000000078,0.000026880,0.000015760,-0.000053403,-0.002114638,0.000275541,0.000005013,-0.000002162,0.000002368,-0.180000000
289,1.229167,-0.000002164,0.000002365,0.020000000,1.000000000,-0.000001339,-0.000000700,-0.000000114,0.000026016,0.000015741,-0.000053061,-0.002110780,0.000248171,0.000005755,-0.000002164,0.000002365,-0.180000000
290,1.233333,-0.000002164,0.000002364,0.020000000,1.000000000,-0.000001382,-0.000000734,-0.000000116,0.000026436,0.000015672,-0.000053212,-0.002107420,0.000264238,0.000005458,-0.000002164,0.000002364,-0.180000000
291,1.237500,-0.000002161,0.000002366,0.020000000,1.000000000,-0.000001441,-0.000000550,-0.000000070,0.000026828,0.000015690,-0.000053314,-0.002110766,0.000274094,0.000005061,-0.000002161,0.000002366,-0.180000000
292,1.241667,-0.000002162,0.000002366,0.020000000,1.000000000,-0.000001424,-0.000000660,-0.000000108,0.000026313,0.000015775,-0.000053233,-0.002109688,0.000261936,0.000005520,-0.000002162,0.000002366,-0.180000000
293,1.245833,-0.000002161,0.000002367,0.020000000,1.000000000,-0.000001457,-0.000000711,-0.000000111,0.000026534,0.000015734,-0.000053349,-0.002105729,0.000273414,0.000005398,-0.000002161,0.000002367,-0.180000000
294,1.250000,-0.000002165,0.000002364,0.020000001,1.000000000,-0.000001456,-0.000000777,-0.000000099,0.000025702,0.000015922,-0.000053034,-0.002113769,0.000241033,0.000005892,-0.000002165,0.000002364,-0.179999999
295,1.254167,-0.000002166,0.000002364,0.020000000,1.000000000,-0.000001329,-0.000000714,-0.000000114,0.000026110,0.000015988,-0.000053021,-0.002121981,0.000244892,0.000005313,-0.000002166,0.000002364,-0.180000000
296,1.258333,-0.000002165,0.000002367,0.019999998,1.000000000,-0.000001393,-0.000000737,-0.000000106,0.000026461,0.000015963,-0.000053109,-0.002117140,0.000260280,0.000004985,-0.000002165,0.000002367,-0.180000002
297,1.262500,-0.000002164,0.000002365,0.020000000,1.000000000,-0.000001314,-0.000000621,-0.000000120,0.000026606,0.000015408,-0.000053208,-0.002108689,0.000260459,0.000005567,-0.000002164,0.000002365,-0.180000000
298,1.266667,-0.000002165,0.000002366,0.020000000,0.999999940,-0.000001477,-0.000000815,-0.000000110,0.000026051,0.000016110,-0.000052964,-0.002122464,0.000244714,0.000005178,-0.000002165,0.000002366,-0.180000000
299,1.270833,-0.000002159,0.000002366,0.020000003,0.999999940,-0.000001289,-0.000000343,-0.000000078,0.000027569,0.000015037,-0.000053565,-0.002104839,0.000288256,0.000005184,-0.000002159,0.000002366,-0.179999997
300,1.275000,-0.000002160,0.000002365,0.020000001,1.000000000,-0.000001368,-0.000000631,-0.000000102,0.000026184,0.000015704,-0.000053021,-0.002108781,0.000252569,0.000005545,-0.000002160,0.000002365,-0.179999999
301,1.279167,-0.000002164,0.000002365,0.019999998,1.000000000,-0.000001352,-0.000000726,-0.000000091,0.000025623,0.000016276,-0.000052942,-0.002118560,0.000241227,0.000005475,-0.000002164,0.000002365,-0.180000002
302,1.283333,-0.000002162,0.000002365,0.020000000,1.000000000,-0.000001320,-0.000000568,-0.000000106,0.000026726,0.000015628,-0.000053226,-0.002113939,0.000264531,0.000005180,-0.000002162,0.000002365,-0.180000000
303,1.287500,-0.000002162,0.000002367,0.019999998,0.999999940,-0.000001495,-0.000000749,-0.000000107,0.000026282,0.000015944,-0.000053061,-0.002115136,0.000256036,0.000005181,-0.000002162,0.000002367,-0.180000002
304,1.291667,-0.000002158,0.000002365,0.020000003,0.999999940,-0.000001421,-0.000000426,-0.000000061,0.000027303,0.000014970,-0.000053529,-0.002102225,0.000281313,0.000005547,-0.000002158,0.000002365,-0.179999997
305,1.295833,-0.000002160,0.000002364,0.020000001,0.999999940,-0.000001344,-0.000000601,-0.000000111,0.000025936,0.000015998,-0.000053112,-0.002110525,0.000254211,0.000005599,-0.000002160,0.000002364,-0.179999999
306,1.300000,-0.000002160,0.000002364,0.020000001,0.999999940,-0.000001392,-0.000000632,-0.000000101,0.000026387,0.000015782,-0.000053226,-0.002110091,0.000263551,0.000005402,-0.000002160,0.000002364,-0.179999999
307,1.304167,-0.000002160,0.000002364,0.020000001,0.999999940,-0.000001413,-0.000000692,-0.000000115,0.000026330,0.000015769,-0.000053125,-0.002113538,0.000255846,0.000005398,-0.000002160,0.000002364,-0.179999999
308,1.308333,-0.000002160,0.000002363,0.020000003,0.999999940,-0.000001455,-0.000000723,-0.000000106,0.000026304,0.000015730,-0.000053082,-0.002118269,0.000248355,0.000005438,-0.000002160,0.000002363,-0.179999997
309,1.312500,-0.000002158,0.000002364,0.020000001,0.999999940,-0.000001353,-0.000000431,-0.000000085,0.000026776,0.000015599,-0.000053159,-0.002118053,0.000259371,0.000005097,-0.000002158,0.000002364,-0.179999999
310,1.316667,-0.000002160,0.000002366,0.020000003,1.000000000,-0.000001486,-0.000000659,-0.000000108,0.000025701,0.000016299,-0.000053006,-0.002120459,0.000243482,0.000005432,-0.000002160,0.000002366,-0.179999997
311,1.320833,-0.000002162,0.000002366,0.019999998,1.000000000,-0.000001472,-0.000000750,-0.000000122,0.000025928,0.000016107,-0.000052957,-0.002122547,0.000241122,0.000005328,-0.000002162,0.000002366,-0.180000002
312,1.325000,-0.000002163,0.000002365,0.020000000,1.000000000,-0.000001495,-0.000000800,-0.000000101,0.000026152,0.000015822,-0.000053078,-0.002120131,0.000244885,0.000005513,-0.000002163,0.000002365,-0.180000000
313,1.329167,-0.000002166,0.000002364,0.019999998,1.000000000,-0.000001356,-0.000000741,-0.000000115,0.000025777,0.000016055,-0.000052966,-0.002121470,0.000237121,0.000005587,-0.000002166,0.000002364,-0.180000002
314,1.333333,-0.000002162,0.000002366,0.020000000,1.000000000,-0.000001285,-0.000000429,-0.000000070,0.000027186,0.000015507,-0.000053424,-0.002110341,0.000281682,0.000004951,-0.000002162,0.000002366,-0.180000000
315,1.337500,-0.000002163,0.000002365,0.020000000,0.999999940,-0.000001382,-0.000000698,-0.000000105,0.000026210,0.000015717,-0.000053147,-0.002105923,0.000259475,0.000005621,-0.000002163,0.000002365,-0.180000000
316,1.341667,-0.000002161,0.000002363,0.020000003,0.999999940,-0.000001311,-0.000000579,-0.000000108,0.000026738,0.000015386,-0.000053167,-0.002113878,0.000257097,0.000005398,-0.000002161,0.000002363,-0.179999997
317,1.345833,-0.000002159,0.000002365,0.020000003,1.000000000,-0.000001534,-0.000000706,-0.000000111,0.000026626,0.000015749,-0.000053151,-0.002113873,0.000263295,0.000005081,-0.000002159,0.000002365,-0.179999997
318,1.350000,-0.000002166,0.000002363,0.019999998,1.000000000,-0.000001331,-0.000000710,-0.000000111,0.000025117,0.000016385,-0.000052874,-0.002118558,0.000229191,0.000005901,-0.000002166,0.000002363,-0.180000002
319,1.354167,-0.000002165,0.000002365,0.020000000,1.000000000,-0.000001391,-0.000000737,-0.000000102,0.000026536,0.000015888,-0.000053269,-0.002113771,0.000267565,0.000005140,-0.000002165,0.000002365,-0.180000000
320,1.358333,-0.000002164,0.000002365,0.020000000,1.000000000,-0.000001454,-0.000000750,-0.000000117,0.000026471,0.000015713,-0.000053080,-0.002117989,0.000252536,0.000005255,-0.000002164,0.000002365,-0.180000000
321,1.362500,-0.000002163,0.000002366,0.020000001,1.000000000,-0.000001481,-0.000000596,-0.000000070,0.000026455,0.000015763,-0.000053204,-0.002115622,0.000258773,0.000005332,-0.000002163,0.000002366,-0.179999999
322,1.366667,-0.000002164,0.000002364,0.020000000,1.000000000,-0.000001391,-0.000000574,-0.000000071,0.000026113,0.000015782,-0.000053024,-0.002117487,0.000244126,0.000005560,-0.000002164,0.000002364,-0.180000000
323,1.370833,-0.000002163,0.000002364,0.020000000,1.000000000,-0.000001342,-0.000000516,-0.000000071,0.000026433,0.000015765,-0.000053085,-0.002119070,0.000251922,0.000005251,-0.000002163,0.000002364,-0.180000000
324,1.375000,-0.000002165,0.000002364,0.019999998,0.999999940,-0.000001451,-0.000000766,-0.000000107,0.000025951,0.000016055,-0.000053021,-0.002116171,0.000248282,0.000005424,-0.000002165,0.000002364,-0.180000002
325,1.379167,-0.000002160,0.000002365,0.020000001,0.999999940,-0.000001388,-0.000000438,-0.000000074,0.000027356,0.000015242,-0.000053516,-0.002107576,0.000284173,0.000005153,-0.000002160,0.000002365,-0.179999999
326,1.383333,-0.000002159,0.000002364,0.020000001,1.000000000,-0.000001459,-0.000000530,-0.000000063,0.000026512,0.000015567,-0.000053238,-0.002105440,0.000266123,0.000005522,-0.000002159,0.000002364,-0.179999999
327,1.387500,-0.000002165,0.000002365,0.020000000,1.000000000,-0.000001379,-0.000000704,-0.000000098,0.000025092,0.000016660,-0.000052823,-0.002129190,0.000223842,0.000005576,-0.000002165,0.000002365,-0.180000000
328,1.391667,-0.000002165,0.000002365,0.019999998,1.000000000,-0.000001409,-0.000000752,-0.000000100,0.000026388,0.000015803,-0.000053129,-0.002114911,0.000257017,0.000005286,-0.000002165,0.000002365,-0.180000002
329,1.395833,-0.000002163,0.000002364,0.020000000,1.000000000,-0.000001339,-0.000000633,-0.000000116,0.000026753,0.000015465,-0.000053328,-0.002106464,0.000270844,0.000005435,-0.000002163,0.000002364,-0.180000000
330,1.400000,-0.000002162,0.000002365,0.019999998,1.000000000,-0.000001370,-0.000000479,-0.000000070,0.000026696,0.000015679,-0.000053240,-0.002108289,0.000271036,0.000005155,-0.000002162,0.000002365,-0.180000002
331,1.404167,-0.000002162,0.000002366,0.019999998,0.999999940,-0.000001481,-0.000000733,-0.000000107,0.000026275,0.000015847,-0.000053115,-0.002114580,0.000255185,0.000005370,-0.000002162,0.000002366,-0.180000002
332,1.408333,-0.000002157,0.000002366,0.020000001,0.999999940,-0.000001414,-0.000000407,-0.000000062,0.000027171,0.000015279,-0.000053399,-0.002111597,0.000273473,0.000005224,-0.000002157,0.000002366,-0.179999999
333,1.412500,-0.000002159,0.000002364,0.020000001,0.999999940,-0.000001342,-0.000000573,-0.000000111,0.000025969,0.000015842,-0.000053048,-0.002112286,0.000247703,0.000005683,-0.000002159,0.000002364,-0.179999999
334,1.416667,-0.000002158,0.000002365,0.020000003,0.999999940,-0.000001396,-0.000000605,-0.000000102,0.000026747,0.000015611,-0.000053397,-0.002104792,0.000277890,0.000005329,-0.000002158,0.000002365,-0.179999997
335,1.420833,-0.000002160,0.000002364,0.020000001,0.999999940,-0.000001420,-0.000000652,-0.000000090,0.000025800,0.000016006,-0.000052911,-0.002118850,0.000237767,0.000005555,-0.000002160,0.000002364,-0.179999999
336,1.425000,-0.000002158,0.000002364,0.020000003,0.999999940,-0.000001442,-0.000000509,-0.000000068,0.000026788,0.000015576,-0.000053197,-0.002118741,0.000259297,0.000005151,-0.000002158,0.000002364,-0.179999997
337,1.429167,-0.000002160,0.000002365,0.020000001,0.999999940,-0.000001410,-0.000000630,-0.000000106,0.000025884,0.000016091,-0.000053048,-0.002117490,0.000246798,0.000005494,-0.000002160,0.000002365,-0.179999999
338,1.433333,-0.000002160,0.000002364,0.020000001,0.999999940,-0.000001424,-0.000000695,-0.000000120,0.000026398,0.000015707,-0.000053235,-0.002108801,0.000263333,0.000005489,-0.000002160,0.000002364,-0.179999999
339,1.437500,-0.000002160,0.000002365,0.020000001,0.999999940,-0.000001469,-0.000000728,-0.000000111,0.000026219,0.000015959,-0.000053054,-0.002122082,0.000247680,0.000005242,-0.000002160,0.000002365,-0.179999999
340,1.441667,-0.000002158,0.000002364,0.020000001,0.999999940,-0.000001370,-0.000000428,-0.000000077,0.000026727,0.000015456,-0.000053260,-0.002111258,0.000263577,0.000005415,-0.000002158,0.000002364,-0.179999999
341,1.445833,-0.000002158,0.000002364,0.020000001,1.000000000,-0.000001481,-0.000000683,-0.000000104,0.000026479,0.000015750,-0.000053326,-0.002105076,0.000272477,0.000005429,-0.000002158,0.000002364,-0.179999999
342,1.450000,-0.000002165,0.000002365,0.020000000,1.000000000,-0.000001299,-0.000000672,-0.000000103,0.000024821,0.000016719,-0.000052778,-0.002129209,0.000217262,0.000005786,-0.000002165,0.000002365,-0.180000000
343,1.454167,-0.000002165,0.000002364,0.020000000,0.999999940,-0.000001498,-0.000000814,-0.000000104,0.000026396,0.000015778,-0.000052963,-0.002123173,0.000244246,0.000005151,-0.000002165,0.000002364,-0.180000000
344,1.458333,-0.000002159,0.000002367,0.020000003,0.999999940,-0.000001314,-0.000000346,-0.000000084,0.000027443,0.000015335,-0.000053553,-0.002110391,0.000286947,0.000004980,-0.000002159,0.000002367,-0.179999997
345,1.462500,-0.000002160,0.000002363,0.020000001,1.000000000,-0.000001389,-0.000000631,-0.000000108,0.000026275,0.000015488,-0.000053033,-0.002104832,0.000253563,0.000005699,-0.000002160,0.000002363,-0.179999999
346,1.466667,-0.000002164,0.000002364,0.019999998,1.000000000,-0.000001375,-0.000000727,-0.000000109,0.000025596,0.000016365,-0.000052939,-0.002120164,0.000241168,0.000005402,-0.000002164,0.000002364,-0.180000002
347,1.470833,-0.000002161,0.000002366,0.020000000,1.000000000,-0.000001294,-0.000000419,-0.000000063,0.000026875,0.000015590,-0.000053380,-0.002110737,0.000274320,0.000005191,-0.000002161,0.000002366,-0.180000000
348,1.475000,-0.000002165,0.000002363,0.020000000,0.999999940,-0.000001352,-0.000000720,-0.000000108,0.000025610,0.000015961,-0.000052780,-0.002120629,0.000226707,0.000005727,-0.000002165,0.000002363,-0.180000000
349,1.479167,-0.000002158,0.000002364,0.020000001,0.999999940,-0.000001325,-0.000000355,-0.000000076,0.000027781,0.000015039,-0.000053531,-0.002104213,0.000293669,0.000004880,-0.000002158,0.000002364,-0.179999999
350,1.483333,-0.000002160,0.000002364,0.020000003,1.000000000,-0.000001412,-0.000000638,-0.000000088,0.000025874,0.000016002,-0.000053034,-0.002114906,0.000246448,0.000005593,-0.000002160,0.000002364,-0.179999997
351,1.487500,-0.000002162,0.000002365,0.020000000,1.000000000,-0.000001444,-0.000000678,-0.000000101,0.000025779,0.000016284,-0.000052986,-0.002120094,0.000244978,0.000005324,-0.000002162,0.000002365,-0.180000000
352,1.491667,-0.000002163,0.000002365,0.020000000,1.000000000,-0.000001452,-0.000000751,-0.000000104,0.000026409,0.000015687,-0.000053276,-0.002109513,0.000263374,0.000005542,-0.000002163,0.000002365,-0.180000000
353,1.495833,-0.000002164,0.000002365,0.020000000,1.000000000,-0.000001326,-0.000000688,-0.000000119,0.000026076,0.000015952,-0.000053036,-0.002121430,0.000243982,0.000005415,-0.000002164,0.000002365,-0.180000000
354,1.500000,-0.000002163,0.000002366,0.020000000,1.000000000,-0.000001381,-0.000000720,-0.000000110,0.000026482,0.000015846,-0.000053155,-0.002116037,0.000260017,0.000005146,-0.000002163,0.000002366,-0.180000000
355,1.504167,-0.000002162,0.000002366,0.020000000,1.000000000,-0.000001462,-0.000000711,-0.000000101,0.000026572,0.000015654,-0.000053249,-0.002108069,0.000267555,0.000005346,-0.000002162,0.000002366,-0.180000000
356,1.508333,-0.000002164,0.000002366,0.019999998,1.000000000,-0.000001452,-0.000000798,-0.000000103,0.000025936,0.000015996,-0.000053062,-0.002116184,0.000247333,0.000005548,-0.000002164,0.000002366,-0.180000002
357,1.512500,-0.000002165,0.000002364,0.019999998,1.000000000,-0.000001471,-0.000000847,-0.000000117,0.000026181,0.000015748,-0.000053049,-0.002117845,0.000245246,0.000005535,-0.000002165,0.000002364,-0.180000002
358,1.516667,-0.000002164,0.000002365,0.020000000,1.000000000,-0.000001405,-0.000000720,-0.000000109,0.000026478,0.000015796,-0.000053325,-0.002113092,0.000265642,0.000005383,-0.000002164,0.000002365,-0.180000000
359,1.520833,-0.000002162,0.000002366,0.020000001,1.000000000,-0.000001451,-0.000000549,-0.000000063,0.000026826,0.000015553,-0.000053263,-0.002113153,0.000266877,0.000005181,-0.000002162,0.000002366,-0.179999999
360,1.525000,-0.000002160,0.000002366,0.020000000,1.000000000,-0.000001398,-0.000000498,-0.000000065,0.000026581,0.000015705,-0.000053196,-0.002114084,0.000261841,0.000005246,-0.000002160,0.000002366,-0.180000000
361,1.529167,-0.000002161,0.000002365,0.020000000,1.000000000,-0.000001339,-0.000000652,-0.000000114,0.000026177,0.000015739,-0.000053112,-0.002112269,0.000252011,0.000005616,-0.000002161,0.000002365,-0.180000000
362,1.533333,-0.000002163,0.000002363,0.019999998,1.000000000,-0.000001370,-0.000000689,-0.000000114,0.000026051,0.000015824,-0.000052935,-0.002116121,0.000242846,0.000005482,-0.000002163,0.000002363,-0.180000002
363,1.537500,-0.000002164,0.000002364,0.019999998,1.000000000,-0.000001405,-0.000000737,-0.000000105,0.000026113,0.000016057,-0.000053094,-0.002118547,0.000251946,0.000005290,-0.000002164,0.000002364,-0.180000002
364,1.541667,-0.000002162,0.000002366,0.020000000,1.000000000,-0.000001483,-0.000000742,-0.000000120,0.000026640,0.000015777,-0.000053332,-0.002112960,0.000269685,0.000005216,-0.000002162,0.000002366,-0.180000000
365,1.545833,-0.000002162,0.000002366,0.019999998,1.000000000,-0.000001371,-0.000000663,-0.000000101,0.000026337,0.000015755,-0.000053147,-0.002113787,0.000255938,0.000005421,-0.000002162,0.000002366,-0.180000002
366,1.550000,-0.000002162,0.000002365,0.020000000,1.000000000,-0.000001399,-0.000000716,-0.000000103,0.000026309,0.000015714,-0.000053074,-0.002117696,0.000248487,0.000005445,-0.000002162,0.000002365,-0.180000000
367,1.554167,-0.000002166,0.000002365,0.019999998,1.000000000,-0.000001412,-0.000000775,-0.000000102,0.000025634,0.000016198,-0.000052872,-0.002121681,0.000234636,0.000005491,-0.000002166,0.000002365,-0.180000002
368,1.558333,-0.000002162,0.000002365,0.020000000,1.000000000,-0.000001336,-0.000000461,-0.000000057,0.000027106,0.000015427,-0.000053501,-0.002104215,0.000285472,0.000005213,-0.000002162,0.000002365,-0.180000000
369,1.562500,-0.000002165,0.000002366,0.020000000,0.999999940,-0.000001419,-0.000000745,-0.000000103,0.000025737,0.000016124,-0.000052976,-0.002115893,0.000243697,0.000005561,-0.000002165,0.000002366,-0.180000000
370,1.566667,-0.000002159,0.000002365,0.020000003,0.999999940,-0.000001373,-0.000000398,-0.000000070,0.000027650,0.000014988,-0.000053547,-0.002103534,0.000290064,0.000005120,-0.000002159,0.000002365,-0.179999997
371,1.570833,-0.000002159,0.000002362,0.020000001,1.000000000,-0.000001441,-0.000000691,-0.000000108,0.000026349,0.000015496,-0.000053007,-0.002110903,0.000248998,0.000005587,-0.000002159,0.000002362,-0.179999999
372,1.575000,-0.000002165,0.000002365,0.020000001,1.000000000,-0.000001446,-0.000000761,-0.000000120,0.000025118,0.000016773,-0.000052910,-0.002127482,0.000231334,0.000005490,-0.000002165,0.000002365,-0.179999999
373,1.579167,-0.000002165,0.000002364,0.020000000,1.000000000,-0.000001466,-0.000000811,-0.000000100,0.000026366,0.000015707,-0.000053081,-0.002118277,0.000249365,0.000005383,-0.000002165,0.000002364,-0.180000000
374,1.583333,-0.000002163,0.000002364,0.019999998,1.000000000,-0.000001358,-0.000000524,-0.000000055,0.000026627,0.000015708,-0.000053223,-0.002115219,0.000262627,0.000005201,-0.000002163,0.000002364,-0.180000002
375,1.587500,-0.000002165,0.000002365,0.020000000,0.999999940,-0.000001451,-0.000000796,-0.000000114,0.000025831,0.000016082,-0.000052896,-0.002126504,0.000232562,0.000005441,-0.000002165,0.000002365,-0.180000000
376,1.591667,-0.000002160,0.000002363,0.020000001,0.999999940,-0.000001381,-0.000000468,-0.000000069,0.000027282,0.000015090,-0.000053387,-0.002107628,0.000275157,0.000005294,-0.000002160,0.000002363,-0.179999999
377,1.595833,-0.000002157,0.000002363,0.020000003,0.999999940,-0.000001343,-0.000000406,-0.000000070,0.000026960,0.000015397,-0.000053386,-0.002106257,0.000276056,0.000005329,-0.000002157,0.000002363,-0.179999997
378,1.600000,-0.000002158,0.000002365,0.020000003,1.000000000,-0.000001474,-0.000000637,-0.000000107,0.000026134,0.000015995,-0.000053235,-0.002107343,0.000265405,0.000005471,-0.000002158,0.000002365,-0.179999997
379,1.604167,-0.000002161,0.000002366,0.019999998,1.000000000,-0.000001317,-0.000000610,-0.000000098,0.000025726,0.000016326,-0.000052987,-0.002120869,0.000243980,0.000005338,-0.000002161,0.000002366,-0.180000002
380,1.608333,-0.000002165,0.000002365,0.020000000,0.999999940,-0.000001474,-0.000000792,-0.000000108,0.000025691,0.000016068,-0.000052908,-0.002120177,0.000235151,0.000005617,-0.000002165,0.000002365,-0.180000000
381,1.612500,-0.000002160,0.000002364,0.020000001,0.999999940,-0.000001405,-0.000000465,-0.000000074,0.000027262,0.000015185,-0.000053388,-0.002109678,0.000275087,0.000005210,-0.000002160,0.000002364,-0.179999999
382,1.616667,-0.000002158,0.000002364,0.020000003,0.999999940,-0.000001351,-0.000000419,-0.000000076,0.000026762,0.000015471,-0.000053260,-0.002110996,0.000265114,0.000005368,-0.000002158,0.000002364,-0.179999997
383,1.620833,-0.000002159,0.000002365,0.020000001,1.000000000,-0.000001471,-0.000000659,-0.000000112,0.000025899,0.000016167,-0.000052988,-0.002117397,0.000247841,0.000005323,-0.000002159,0.000002365,-0.179999999
384,1.625000,-0.000002164,0.000002364,0.020000000,1.000000000,-0.000001460,-0.000000739,-0.000000100,0.000025467,0.000016272,-0.000052969,-0.002119241,0.000237025,0.000005701,-0.000002164,0.000002364,-0.180000000
385,1.629167,-0.000002164,0.000002365,0.020000000,1.000000000,-0.000001458,-0.000000618,-0.000000066,0.000026437,0.000015842,-0.000053223,-0.002118066,0.000258389,0.000005283,-0.000002164,0.000002365,-0.180000000
386,1.633333,-0.000002164,0.000002365,0.019999998,1.000000000,-0.000001409,-0.000000759,-0.000000104,0.000026053,0.000015975,-0.000053005,-0.002120880,0.000243774,0.000005386,-0.000002164,0.000002365,-0.180000002
387,1.637500,-0.000002164,0.000002365,0.020000000,1.000000000,-0.000001473,-0.000000771,-0.000000095,0.000026552,0.000015675,-0.000053295,-0.002109807,0.000266946,0.000005397,-0.000002164,0.000002365,-0.180000000
388,1.641667,-0.000002165,0.000002364,0.020000000,1.000000000,-0.000001341,-0.000000714,-0.000000110,0.000026121,0.000015871,-0.000053135,-0.002115723,0.000251111,0.000005547,-0.000002165,0.000002364,-0.180000000
389,1.645833,-0.000002165,0.000002365,0.019999998,1.000000000,-0.000001398,-0.000000736,-0.000000101,0.000026377,0.000015881,-0.000053178,-0.002110750,0.000264107,0.000005247,-0.000002165,0.000002365,-0.180000002
390,1.650000,-0.000002164,0.000002365,0.020000000,1.000000000,-0.000001455,-0.000000755,-0.000000115,0.000026522,0.000015629,-0.000053204,-0.002112974,0.000259628,0.000005410,-0.000002164,0.000002365,-0.180000000
391,1.654167,-0.000002163,0.000002366,0.020000001,1.000000000,-0.000001482,-0.000000600,-0.000000069,0.000026455,0.000015762,-0.000053203,-0.002115501,0.000258776,0.000005330,-0.000002163,0.000002366,-0.179999999
392,1.658333,-0.000002164,0.000002364,0.020000000,1.000000000,-0.000001393,-0.000000578,-0.000000069,0.000026113,0.000015782,-0.000053024,-0.002117516,0.000244103,0.000005560,-0.000002164,0.000002364,-0.180000000
393,1.662500,-0.000002163,0.000002363,0.020000000,1.000000000,-0.000001337,-0.000000527,-0.000000070,0.000026484,0.000015690,-0.000053186,-0.002113638,0.000259186,0.000005371,-0.000002163,0.000002363,-0.180000000
394,1.666667,-0.000002165,0.000002364,0.019999998,0.999999940,-0.000001446,-0.000000776,-0.000000106,0.000025949,0.000016055,-0.000053019,-0.002116055,0.000248297,0.000005423,-0.000002165,0.000002364,-0.180000002
395,1.670833,-0.000002159,0.000002364,0.020000001,0.999999940,-0.000001384,-0.000000451,-0.000000062,0.000027548,0.000015130,-0.000053557,-0.002106517,0.000288331,0.000005088,-0.000002159,0.000002364,-0.179999999
396,1.675000,-0.000002161,0.000002364,0.020000003,1.000000000,-0.000001474,-0.000000722,-0.000000109,0.000025915,0.000015906,-0.000053067,-0.002114045,0.000246734,0.000005699,-0.000002161,0.000002364,-0.179999997
397,1.679167,-0.000002162,0.000002365,0.020000000,1.000000000,-0.000001357,-0.000000648,-0.000000102,0.000026143,0.000016046,-0.000053184,-0.002114204,0.000258919,0.000005347,-0.000002162,0.000002365,-0.180000000
398,1.683333,-0.000002161,0.000002366,0.019999998,1.000000000,-0.000001406,-0.000000683,-0.000000117,0.000026524,0.000015788,-0.000053239,-0.002110594,0.000267074,0.000005243,-0.000002161,0.000002366,-0.180000002
399,1.687500,-0.000002164,0.000002366,0.019999998,1.000000000,-0.000001433,-0.000000733,-0.000000105,0.000025803,0.000016150,-0.000053118,-0.002114085,0.000251322,0.000005574,-0.000002164,0.000002366,-0.180000002
400,1.691667,-0.000002162,0.000002366,0.020000000,1.000000000,-0.000001460,-0.000000582,-0.000000071,0.000026883,0.000015468,-0.000053296,-0.002112629,0.000267419,0.000005249,-0.000002162,0.000002366,-0.180000000
401,1.695833,-0.000002164,0.000002365,0.020000000,1.000000000,-0.000001405,-0.000000724,-0.000000108,0.000025743,0.000016060,-0.000053044,-0.002116692,0.000243051,0.000005701,-0.000002164,0.000002365,-0.180000000
402,1.700000,-0.000002163,0.000002365,0.019999998,1.000000000,-0.000001436,-0.000000564,-0.000000073,0.000026750,0.000015567,-0.000053204,-0.002112116,0.000264838,0.000005193,-0.000002163,0.000002365,-0.180000002
403,1.704167,-0.000002163,0.000002365,0.019999998,1.000000000,-0.000001419,-0.000000674,-0.000000111,0.000026317,0.000015780,-0.000053229,-0.002109744,0.000262113,0.000005506,-0.000002163,0.000002365,-0.180000002
404,1.708333,-0.000002163,0.000002365,0.019999998,1.000000000,-0.000001451,-0.000000723,-0.000000102,0.000026384,0.000015808,-0.000053316,-0.002106259,0.000270133,0.000005459,-0.000002163,0.000002365,-0.180000002
405,1.712500,-0.000002163,0.000002364,0.019999998,1.000000000,-0.000001475,-0.000000771,-0.000000105,0.000026382,0.000015652,-0.000053161,-0.002112262,0.000256267,0.000005506,-0.000002163,0.000002364,-0.180000002
406,1.716667,-0.000002165,0.000002364,0.019999998,1.000000000,-0.000001340,-0.000000717,-0.000000096,0.000025890,0.000016050,-0.000053019,-0.002122863,0.000239834,0.000005506,-0.000002165,0.000002364,-0.180000002
407,1.720833,-0.000002162,0.000002366,0.020000000,1.000000000,-0.000001400,-0.000000534,-0.000000073,0.000026772,0.000015728,-0.000053164,-0.002120817,0.000259956,0.000004956,-0.000002162,0.000002366,-0.180000000
408,1.725000,-0.000002164,0.000002366,0.019999998,1.000000000,-0.000001344,-0.000000686,-0.000000099,0.000025957,0.000016005,-0.000053111,-0.002110800,0.000254683,0.000005557,-0.000002164,0.000002366,-0.180000002
409,1.729167,-0.000002164,0.000002367,0.019999998,1.000000000,-0.000001400,-0.000000711,-0.000000112,0.000026384,0.000015863,-0.000053197,-0.002110954,0.000264047,0.000005285,-0.000002164,0.000002367,-0.180000002
410,1.733333,-0.000002166,0.000002365,0.020000000,1.000000000,-0.000001413,-0.000000773,-0.000000112,0.000026046,0.000015762,-0.000053001,-0.002116520,0.000242323,0.000005633,-0.000002166,0.000002365,-0.180000000
411,1.737500,-0.000002164,0.000002366,0.020000000,1.000000000,-0.000001458,-0.000000602,-0.000000067,0.000026851,0.000015584,-0.000053240,-0.002113292,0.000267551,0.000005087,-0.000002164,0.000002366,-0.180000000
412,1.741667,-0.000002163,0.000002366,0.019999998,1.000000000,-0.000001389,-0.000000567,-0.000000068,0.000026381,0.000015778,-0.000053070,-0.002118697,0.000250888,0.000005284,-0.000002163,0.000002366,-0.180000002
413,1.745833,-0.000002163,0.000002364,0.019999998,1.000000000,-0.000001368,-0.000000675,-0.000000105,0.000026419,0.000015574,-0.000053240,-0.002106051,0.000263324,0.000005631,-0.000002163,0.000002364,-0.180000002
414,1.750000,-0.000002164,0.000002365,0.019999998,1.000000000,-0.000001402,-0.000000724,-0.000000096,0.000026101,0.000016048,-0.000053088,-0.002118023,0.000251721,0.000005307,-0.000002164,0.000002365,-0.180000002
415,1.754167,-0.000002161,0.000002365,0.020000000,1.000000000,-0.000001309,-0.000000425,-0.000000062,0.000026953,0.000015361,-0.000053373,-0.002105853,0.000275090,0.000005358,-0.000002161,0.000002365,-0.180000000
416,1.758333,-0.000002165,0.000002365,0.020000000,0.999999940,-0.000001372,-0.000000729,-0.000000119,0.000025495,0.000016267,-0.000052773,-0.002126516,0.000225625,0.000005504,-0.000002165,0.000002365,-0.180000000
417,1.762500,-0.000002159,0.000002363,0.020000001,0.999999940,-0.000001342,-0.000000359,-0.000000074,0.000027721,0.000014897,-0.000053510,-0.002100728,0.000291361,0.000005093,-0.000002159,0.000002363,-0.179999999
418,1.766667,-0.000002160,0.000002365,0.020000001,1.000000000,-0.000001434,-0.000000642,-0.000000111,0.000026034,0.000016064,-0.000053119,-0.002111942,0.000257283,0.000005405,-0.000002160,0.000002365,-0.179999999
419,1.770833,-0.000002162,0.000002364,0.020000001,1.000000000,-0.000001433,-0.000000715,-0.000000100,0.000025860,0.000015957,-0.000053045,-0.002115063,0.000245032,0.000005666,-0.000002162,0.000002364,-0.179999999
420,1.775000,-0.000002165,0.000002366,0.019999998,1.000000000,-0.000001446,-0.000000781,-0.000000102,0.000025735,0.000016389,-0.000052995,-0.002122476,0.000244440,0.000005262,-0.000002165,0.000002366,-0.180000002
421,1.779167,-0.000002165,0.000002364,0.019999998,1.000000000,-0.000001483,-0.000000814,-0.000000117,0.000026383,0.000015674,-0.000053186,-0.002113553,0.000256223,0.000005509,-0.000002165,0.000002364,-0.180000002
422,1.783333,-0.000002161,0.000002366,0.019999998,1.000000000,-0.000001399,-0.000000510,-0.000000073,0.000027108,0.000015508,-0.000053347,-0.002114783,0.000273372,0.000004975,-0.000002161,0.000002366,-0.180000002
423,1.787500,-0.000002164,0.000002366,0.020000000,0.999999940,-0.000001489,-0.000000778,-0.000000085,0.000025758,0.000016012,-0.000053042,-0.002115528,0.000243286,0.000005733,-0.000002164,0.000002366,-0.180000000
424,1.791667,-0.000002159,0.000002365,0.020000003,0.999999940,-0.000001406,-0.000000469,-0.000000075,0.000027180,0.000015259,-0.000053319,-0.002115887,0.000267006,0.000005170,-0.000002159,0.000002365,-0.179999997
425,1.795833,-0.000002158,0.000002363,0.020000001,0.999999940,-0.000001353,-0.000000411,-0.000000075,0.000026475,0.000015547,-0.000053044,-0.002113275,0.000252133,0.000005411,-0.000002158,0.000002363,-0.179999999
426,1.800000,-0.000002158,0.000002365,0.020000001,1.000000000,-0.000001486,-0.000000646,-0.000000113,0.000026493,0.000015825,-0.000053314,-0.002106428,0.000273180,0.000005312,-0.000002158,0.000002365,-0.179999999
427,1.804167,-0.000002163,0.000002363,0.020000000,1.000000000,-0.000001447,-0.000000751,-0.000000101,0.000025275,0.000016226,-0.000052855,-0.002121542,0.000225715,0.000005882,-0.000002163,0.000002363,-0.180000000
428,1.808333,-0.000002163,0.000002366,0.019999998,1.000000000,-0.000001321,-0.000000488,-0.000000078,0.000026258,0.000016169,-0.000053230,-0.002118242,0.000262226,0.000005117,-0.000002163,0.000002366,-0.180000002
429,1.812500,-0.000002163,0.000002366,0.020000000,0.999999940,-0.000001453,-0.000000721,-0.000000115,0.000026312,0.000015818,-0.000053137,-0.002114690,0.000255736,0.000005380,-0.000002163,0.000002366,-0.180000000
430,1.816667,-0.000002156,0.000002364,0.020000001,0.999999940,-0.000001384,-0.000000401,-0.000000060,0.000027797,0.000014779,-0.000053492,-0.002104331,0.000286235,0.000005131,-0.000002156,0.000002364,-0.179999999
431,1.820833,-0.000002157,0.000002366,0.020000003,1.000000000,-0.000001501,-0.000000651,-0.000000120,0.000026026,0.000016050,-0.000053149,-0.002112376,0.000256939,0.000005470,-0.000002157,0.000002366,-0.179999997
432,1.825000,-0.000002163,0.000002366,0.020000000,1.000000000,-0.000001327,-0.000000630,-0.000000097,0.000025239,0.000016456,-0.000052827,-0.002125590,0.000226122,0.000005624,-0.000002163,0.000002366,-0.180000000
433,1.829167,-0.000002166,0.000002366,0.020000000,0.999999940,-0.000001486,-0.000000815,-0.000000085,0.000025844,0.000016113,-0.000052925,-0.002121811,0.000239062,0.000005385,-0.000002166,0.000002366,-0.180000000
434,1.833333,-0.000002158,0.000002365,0.020000003,0.999999940,-0.000001299,-0.000000348,-0.000000077,0.000027956,0.000014822,-0.000053645,-0.002102961,0.000296617,0.000005049,-0.000002158,0.000002365,-0.179999997
435,1.837500,-0.000002159,0.000002364,0.020000001,1.000000000,-0.000001393,-0.000000616,-0.000000100,0.000026027,0.000015803,-0.000053068,-0.002105196,0.000255794,0.000005659,-0.000002159,0.000002364,-0.179999999
436,1.841667,-0.000002165,0.000002365,0.020000000,1.000000000,-0.000001363,-0.000000725,-0.000000111,0.000025206,0.000016541,-0.000052804,-0.002126588,0.000225906,0.000005548,-0.000002165,0.000002365,-0.180000000
437,1.845833,-0.000002162,0.000002365,0.020000000,1.000000000,-0.000001417,-0.000000541,-0.000000065,0.000026933,0.000015476,-0.000053266,-0.002112242,0.000268643,0.000005141,-0.000002162,0.000002365,-0.180000000
438,1.850000,-0.000002164,0.000002366,0.020000000,1.000000000,-0.000001351,-0.000000710,-0.000000103,0.000025840,0.000016176,-0.000053048,-0.002119070,0.000246263,0.000005450,-0.000002164,0.000002366,-0.180000000
439,1.854167,-0.000002164,0.000002365,0.020000000,1.000000000,-0.000001384,-0.000000754,-0.000000117,0.000026445,0.000015670,-0.000053222,-0.002107807,0.000264305,0.000005460,-0.000002164,0.000002365,-0.180000000
440,1.858333,-0.000002165,0.000002363,0.019999998,1.000000000,-0.000001436,-0.000000770,-0.000000107,0.000026410,0.000015644,-0.000053117,-0.002110855,0.000257154,0.000005428,-0.000002165,0.000002363,-0.180000002
441,1.862500,-0.000002164,0.000002364,0.020000000,1.000000000,-0.000001458,-0.000000623,-0.000000072,0.000026485,0.000015779,-0.000053303,-0.002112005,0.000265894,0.000005370,-0.000002164,0.000002364,-0.180000000
442,1.866667,-0.000002164,0.000002367,0.020000000,1.000000000,-0.000001412,-0.000000565,-0.000000073,0.000026180,0.000016129,-0.000053227,-0.002116770,0.000260589,0.000005265,-0.000002164,0.000002367,-0.180000000
443,1.870833,-0.000002163,0.000002365,0.020000000,1.000000000,-0.000001375,-0.000000693,-0.000000111,0.000026566,0.000015465,-0.000053196,-0.002109388,0.000259922,0.000005542,-0.000002163,0.000002365,-0.180000000
444,1.875000,-0.000002163,0.000002365,0.019999998,1.000000000,-0.000001421,-0.000000725,-0.000000102,0.000026390,0.000015767,-0.000053190,-0.002108609,0.000263826,0.000005376,-0.000002163,0.000002365,-0.180000002
445,1.879167,-0.000002162,0.000002365,0.020000000,1.000000000,-0.000001484,-0.000000736,-0.000000093,0.000026540,0.000015667,-0.000053288,-0.002109383,0.000266679,0.000005415,-0.000002162,0.000002365,-0.180000000
446,1.883333,-0.000002163,0.000002365,0.020000000,1.000000000,-0.000001352,-0.000000680,-0.000000108,0.000026122,0.000015871,-0.000053135,-0.002115705,0.000251147,0.000005544,-0.000002163,0.000002365,-0.180000000
447,1.887500,-0.000002164,0.000002365,0.019999998,1.000000000,-0.000001400,-0.000000712,-0.000000111,0.000026378,0.000015866,-0.000053203,-0.002111071,0.000263981,0.000005292,-0.000002164,0.000002365,-0.180000002
448,1.891667,-0.000002164,0.000002366,0.020000000,1.000000000,-0.000001434,-0.000000760,-0.000000112,0.000026156,0.000015903,-0.000053124,-0.002116087,0.000252183,0.000005451,-0.000002164,0.000002366,-0.180000000
449,1.895833,-0.000002164,0.000002364,0.019999998,1.000000000,-0.000001450,-0.000000609,-0.000000065,0.000026620,0.000015509,-0.000053264,-0.002105693,0.000267776,0.000005474,-0.000002164,0.000002364,-0.180000002
450,1.900000,-0.000002164,0.000002367,0.020000000,1.000000000,-0.000001400,-0.000000559,-0.000000077,0.000026091,0.000016204,-0.000053153,-0.002122734,0.000252415,0.000005223,-0.000002164,0.000002367,-0.180000000
451,1.904167,-0.000002162,0.000002364,0.020000000,1.000000000,-0.000001343,-0.000000506,-0.000000055,0.000026786,0.000015267,-0.000053238,-0.002106670,0.000264214,0.000005545,-0.000002162,0.000002364,-0.180000000
452,1.908333,-0.000002162,0.000002367,0.019999998,0.999999940,-0.000001475,-0.000000741,-0.000000116,0.000026289,0.000016019,-0.000053246,-0.002108249,0.000269479,0.000005269,-0.000002162,0.000002367,-0.180000002
453,1.912500,-0.000002158,0.000002365,0.020000003,0.999999940,-0.000001410,-0.000000409,-0.000000070,0.000027276,0.000015073,-0.000053508,-0.002103784,0.000281320,0.000005441,-0.000002158,0.000002365,-0.179999997
454,1.916667,-0.000002158,0.000002364,0.020000001,1.000000000,-0.000001496,-0.000000684,-0.000000108,0.000026307,0.000015671,-0.000053093,-0.002110200,0.000255254,0.000005512,-0.000002158,0.000002364,-0.179999999
455,1.920833,-0.000002164,0.000002364,0.020000000,1.000000000,-0.000001314,-0.000000678,-0.000000109,0.000025170,0.000016542,-0.000052850,-0.002127764,0.000224875,0.000005640,-0.000002164,0.000002364,-0.180000000
456,1.925000,-0.000002162,0.000002367,0.019999998,1.000000000,-0.000001396,-0.000000684,-0.000000101,0.000026692,0.000015913,-0.000053253,-0.002113847,0.000271766,0.000004897,-0.000002162,0.000002367,-0.180000002
457,1.929167,-0.000002164,0.000002365,0.020000000,1.000000000,-0.000001421,-0.000000731,-0.000000113,0.000026015,0.000015758,-0.000053008,-0.002116544,0.000241548,0.000005688,-0.000002164,0.000002365,-0.180000000
458,1.933333,-0.000002161,0.000002366,0.020000001,1.000000000,-0.000001467,-0.000000560,-0.000000067,0.000026846,0.000015571,-0.000053264,-0.002113749,0.000267223,0.000005135,-0.000002161,0.000002366,-0.179999999
459,1.937500,-0.000002162,0.000002367,0.019999998,1.000000000,-0.000001438,-0.000000680,-0.000000117,0.000026079,0.000016043,-0.000053136,-0.002112334,0.000257853,0.000005391,-0.000002162,0.000002367,-0.180000002
460,1.941667,-0.000002163,0.000002364,0.020000000,1.000000000,-0.000001436,-0.000000755,-0.000000106,0.000026276,0.000015524,-0.000053170,-0.002109836,0.000252812,0.000005793,-0.000002163,0.000002364,-0.180000000
461,1.945833,-0.000002164,0.000002365,0.019999998,1.000000000,-0.000001329,-0.000000671,-0.000000110,0.000026164,0.000016002,-0.000053180,-0.002113094,0.000259310,0.000005372,-0.000002164,0.000002365,-0.180000002
462,1.950000,-0.000002164,0.000002367,0.019999998,1.000000000,-0.000001400,-0.000000690,-0.000000101,0.000026471,0.000015960,-0.000053234,-0.002113799,0.000266832,0.000005098,-0.000002164,0.000002367,-0.180000002
463,1.954167,-0.000002164,0.000002366,0.020000000,1.000000000,-0.000001431,-0.000000738,-0.000000114,0.000026390,0.000015608,-0.000053161,-0.002111254,0.000256360,0.000005553,-0.000002164,0.000002366,-0.180000000
464,1.958333,-0.000002161,0.000002365,0.020000000,1.000000000,-0.000001456,-0.000000587,-0.000000068,0.000026890,0.000015366,-0.000053279,-0.002109858,0.000267272,0.000005338,-0.000002161,0.000002365,-0.180000000
465,1.962500,-0.000002164,0.000002364,0.020000000,1.000000000,-0.000001401,-0.000000729,-0.000000105,0.000025744,0.000016061,-0.000053041,-0.002116642,0.000243095,0.000005695,-0.000002164,0.000002364,-0.180000000
466,1.966667,-0.000002161,0.000002366,0.020000001,1.000000000,-0.000001448,-0.000000559,-0.000000071,0.000026828,0.000015665,-0.000053274,-0.002115966,0.000267257,0.000005060,-0.000002161,0.000002366,-0.179999999
467,1.970833,-0.000002163,0.000002367,0.019999998,1.000000000,-0.000001415,-0.000000685,-0.000000097,0.000025889,0.000016170,-0.000053021,-0.002118402,0.000247461,0.000005363,-0.000002163,0.000002367,-0.180000002
468,1.975000,-0.000002164,0.000002365,0.019999998,1.000000000,-0.000001441,-0.000000728,-0.000000110,0.000026358,0.000015586,-0.000053296,-0.002101375,0.000268070,0.000005732,-0.000002164,0.000002365,-0.180000002
469,1.979167,-0.000002161,0.000002364,0.020000000,1.000000000,-0.000001467,-0.000000577,-0.000000076,0.000026867,0.000015457,-0.000053280,-0.002111736,0.000267200,0.000005264,-0.000002161,0.000002364,-0.180000000
470,1.983333,-0.000002164,0.000002364,0.020000000,1.000000000,-0.000001393,-0.000000741,-0.000000113,0.000025713,0.000016083,-0.000053060,-0.002117553,0.000242367,0.000005729,-0.000002164,0.000002364,-0.180000000
471,1.987500,-0.000002162,0.000002366,0.020000000,1.000000000,-0.000001452,-0.000000557,-0.000000067,0.000026854,0.000015709,-0.000053327,-0.002111697,0.000274612,0.000005018,-0.000002162,0.000002366,-0.180000000
472,1.991667,-0.000002164,0.000002366,0.020000000,1.000000000,-0.000001409,-0.000000692,-0.000000116,0.000025866,0.000016086,-0.000053061,-0.002117701,0.000246263,0.000005539,-0.000002164,0.000002366,-0.180000000
473,1.995833,-0.000002163,0.000002367,0.020000001,1.000000000,-0.000001434,-0.000000754,-0.000000108,0.000026485,0.000015770,-0.000053197,-0.002115747,0.000259436,0.000005277,-0.000002163,0.000002367,-0.179999999
474,2.000000,-0.000002165,0.000002363,0.019999998,1.000000000,-0.000001457,-0.000000789,-0.000000097,0.000026106,0.000015619,-0.000052965,-0.002112736,0.000243024,0.000005684,-0.000002165,0.000002363,-0.180000002
475,2.004167,-0.000002165,0.000002364,0.020000000,1.000000000,-0.000001498,-0.000000824,-0.000000112,0.000026280,0.000015875,-0.000053186,-0.002117449,0.000254856,0.000005400,-0.000002165,0.000002364,-0.180000000
476,2.008333,-0.000002163,0.000002366,0.019999998,1.000000000,-0.000001393,-0.000000538,-0.000000067,0.000026540,0.000015925,-0.000053224,-0.002119647,0.000261654,0.000005058,-0.000002163,0.000002366,-0.180000002
477,2.012500,-0.000002166,0.000002364,0.020000000,0.999999940,-0.000001461,-0.000000826,-0.000000102,0.000025766,0.000015873,-0.000052889,-0.002122002,0.000229690,0.000005750,-0.000002166,0.000002364,-0.180000000
478,2.016667,-0.000002157,0.000002365,0.020000001,0.999999940,-0.000001295,-0.000000339,-0.000000084,0.000028052,0.000014970,-0.000053638,-0.002105848,0.000299874,0.000004743,-0.000002157,0.000002365,-0.179999999
479,2.020833,-0.000002160,0.000002363,0.020000003,1.000000000,-0.000001372,-0.000000625,-0.000000106,0.000025786,0.000015815,-0.000052916,-0.002114347,0.000236999,0.000005810,-0.000002160,0.000002363,-0.179999997
480,2.025000,-0.000002165,0.000002364,0.020000000,1.000000000,-0.000001355,-0.000000715,-0.000000094,0.000025297,0.000016474,-0.000052874,-0.002120603,0.000234184,0.000005570,-0.000002165,0.000002364,-0.180000000
481,2.029167,-0.000002165,0.000002364,0.020000000,1.000000000,-0.000001388,-0.000000764,-0.000000108,0.000026350,0.000015873,-0.000053152,-0.002116679,0.000256587,0.000005277,-0.000002165,0.000002364,-0.180000000
482,2.033333,-0.000002163,0.000002366,0.020000000,1.000000000,-0.000001429,-0.000000600,-0.000000074,0.000026581,0.000015825,-0.000053118,-0.002121328,0.000255908,0.000005026,-0.000002163,0.000002366,-0.180000000
483,2.037500,-0.000002164,0.000002364,0.019999998,1.000000000,-0.000001377,-0.000000740,-0.000000112,0.000026137,0.000015754,-0.000053006,-0.002116485,0.000244626,0.000005545,-0.000002164,0.000002364,-0.180000002
484,2.041667,-0.000002163,0.000002365,0.020000000,1.000000000,-0.000001411,-0.000000580,-0.000000065,0.000026661,0.000015655,-0.000053238,-0.002114575,0.000263191,0.000005239,-0.000002163,0.000002365,-0.180000000
485,2.045833,-0.000002164,0.000002364,0.020000000,1.000000000,-0.000001377,-0.000000706,-0.000000103,0.000026122,0.000015857,-0.000053106,-0.002114578,0.000251213,0.000005537,-0.000002164,0.000002364,-0.180000000
486,2.050000,-0.000002164,0.000002365,0.020000001,1.000000000,-0.000001401,-0.000000767,-0.000000105,0.000026285,0.000015876,-0.000053151,-0.002116391,0.000255230,0.000005352,-0.000002164,0.000002365,-0.179999999
487,2.054167,-0.000002164,0.000002364,0.019999998,1.000000000,-0.000001454,-0.000000784,-0.000000108,0.000026396,0.000015750,-0.000053100,-0.002112651,0.000257333,0.000005305,-0.000002164,0.000002364,-0.180000002
488,2.058333,-0.000002165,0.000002365,0.019999998,1.000000000,-0.000001330,-0.000000722,-0.000000112,0.000026013,0.000016078,-0.000053032,-0.002123819,0.000243148,0.000005340,-0.000002165,0.000002365,-0.180000002
489,2.062500,-0.000002162,0.000002366,0.020000001,1.000000000,-0.000001309,-0.000000557,-0.000000103,0.000026896,0.000015506,-0.000053260,-0.002112387,0.000268110,0.000005146,-0.000002162,0.000002366,-0.179999999
490,2.066667,-0.000002162,0.000002365,0.019999998,0.999999940,-0.000001464,-0.000000751,-0.000000117,0.000026354,0.000015710,-0.000052959,-0.002114323,0.000250148,0.000005272,-0.000002162,0.000002365,-0.180000002
491,2.070833,-0.000002158,0.000002364,0.020000003,0.999999940,-0.000001399,-0.000000420,-0.000000071,0.000027276,0.000015076,-0.000053501,-0.002103579,0.000281379,0.000005428,-0.000002158,0.000002364,-0.179999997
492,2.075000,-0.000002158,0.000002364,0.020000001,0.999999940,-0.000001319,-0.000000400,-0.000000071,0.000026218,0.000015887,-0.000053090,-0.002114392,0.000254261,0.000005364,-0.000002158,0.000002364,-0.179999999
493,2.079167,-0.000002157,0.000002365,0.020000003,1.000000000,-0.000001451,-0.000000635,-0.000000097,0.000026492,0.000015728,-0.000053167,-0.002113890,0.000259664,0.000005297,-0.000002157,0.000002365,-0.179999997
494,2.083333,-0.000002163,0.000002363,0.020000000,1.000000000,-0.000001432,-0.000000716,-0.000000108,0.000025302,0.000016228,-0.000052819,-0.002120631,0.000226549,0.000005813,-0.000002163,0.000002363,-0.180000000
495,2.087500,-0.000002165,0.000002364,0.020000000,1.000000000,-0.000001444,-0.000000785,-0.000000098,0.000025936,0.000016234,-0.000053195,-0.002118312,0.000254558,0.000005396,-0.000002165,0.000002364,-0.180000000
496,2.091667,-0.000002165,0.000002365,0.019999998,1.000000000,-0.000001316,-0.000000521,-0.000000076,0.000026319,0.000015928,-0.000053232,-0.002113123,0.000262645,0.000005323,-0.000002165,0.000002365,-0.180000002
497,2.095833,-0.000002166,0.000002365,0.020000000,0.999999940,-0.000001426,-0.000000773,-0.000000111,0.000026089,0.000015867,-0.000052926,-0.002123184,0.000237712,0.000005400,-0.000002166,0.000002365,-0.180000000
498,2.100000,-0.000002160,0.000002363,0.020000001,0.999999940,-0.000001354,-0.000000451,-0.000000078,0.000027473,0.000014965,-0.000053411,-0.002105802,0.000279286,0.000005233,-0.000002160,0.000002363,-0.179999999
499,2.104167,-0.000002160,0.000002365,0.020000003,1.000000000,-0.000001473,-0.000000705,-0.000000104,0.000026164,0.000015987,-0.000053011,-0.002120813,0.000247131,0.000005242,-0.000002160,0.000002365,-0.179999997
500,2.108333,-0.000002164,0.000002364,0.019999998,1.000000000,-0.000001307,-0.000000678,-0.000000106,0.000025597,0.000016191,-0.000052872,-0.002121594,0.000233610,0.000005546,-0.000002164,0.000002364,-0.180000002
501,2.112500,-0.000002163,0.000002366,0.019999998,0.999999940,-0.000001531,-0.000000803,-0.000000108,0.000026504,0.000015927,-0.000053146,-0.002117644,0.000260866,0.000005016,-0.000002163,0.000002366,-0.180000002
502,2.116667,-0.000002158,0.000002365,0.020000003,0.999999940,-0.000001318,-0.000000357,-0.000000064,0.000027315,0.000015048,-0.000053412,-0.002113948,0.000269197,0.000005347,-0.000002158,0.000002365,-0.179999997
503,2.120833,-0.000002160,0.000002363,0.020000001,1.000000000,-0.000001384,-0.000000651,-0.000000099,0.000026035,0.000015734,-0.000052980,-0.002108294,0.000249026,0.000005652,-0.000002160,0.000002363,-0.179999999
504,2.125000,-0.000002162,0.000002366,0.019999998,1.000000000,-0.000001417,-0.000000705,-0.000000114,0.000025796,0.000016477,-0.000052925,-0.002128925,0.000240170,0.000005024,-0.000002162,0.000002366,-0.180000002
505,2.129167,-0.000002164,0.000002366,0.019999998,1.000000000,-0.000001449,-0.000000748,-0.000000103,0.000026057,0.000016001,-0.000053262,-0.002108663,0.000262908,0.000005578,-0.000002164,0.000002366,-0.180000002
506,2.133333,-0.000002163,0.000002365,0.019999998,1.000000000,-0.000001449,-0.000000619,-0.000000080,0.000026517,0.000015558,-0.000053123,-0.002116100,0.000252570,0.000005422,-0.000002163,0.000002365,-0.180000002
507,2.137500,-0.000002165,0.000002366,0.019999998,1.000000000,-0.000001432,-0.000000725,-0.000000105,0.000025922,0.000016101,-0.000053153,-0.002113990,0.000254071,0.000005530,-0.000002165,0.000002366,-0.180000002
508,2.141667,-0.000002162,0.000002365,0.020000000,1.000000000,-0.000001453,-0.000000580,-0.000000071,0.000026930,0.000015388,-0.000053394,-0.002106952,0.000274563,0.000005375,-0.000002162,0.000002365,-0.180000000
509,2.145833,-0.000002162,0.000002366,0.020000000,1.000000000,-0.000001404,-0.000000520,-0.000000071,0.000026255,0.000015902,-0.000053220,-0.002111838,0.000261345,0.000005429,-0.000002162,0.000002366,-0.180000000
510,2.150000,-0.000002164,0.000002365,0.020000000,1.000000000,-0.000001335,-0.000000686,-0.000000108,0.000025952,0.000015979,-0.000053064,-0.002115891,0.000247671,0.000005561,-0.000002164,0.000002365,-0.180000000
511,2.154167,-0.000002163,0.000002366,0.019999998,1.000000000,-0.000001412,-0.000000691,-0.000000100,0.000026754,0.000015678,-0.000053239,-0.002108527,0.000272299,0.000005084,-0.000002163,0.000002366,-0.180000002
512,2.158333,-0.000002164,0.000002366,0.019999998,1.000000000,-0.000001442,-0.000000737,-0.000000113,0.000026239,0.000015778,-0.000053276,-0.002104413,0.000266468,0.000005636,-0.000002164,0.000002366,-0.180000002
513,2.162500,-0.000002161,0.000002365,0.020000000,1.000000000,-0.000001469,-0.000000587,-0.000000079,0.000026869,0.000015458,-0.000053285,-0.002111965,0.000267221,0.000005267,-0.000002161,0.000002365,-0.180000000
514,2.166667,-0.000002164,0.000002363,0.020000000,1.000000000,-0.000001391,-0.000000748,-0.000000116,0.000025803,0.000015867,-0.000053064,-0.002113333,0.000243401,0.000005876,-0.000002164,0.000002363,-0.180000000
515,2.170833,-0.000002163,0.000002365,0.020000000,1.000000000,-0.000001476,-0.000000740,-0.000000107,0.000026511,0.000015895,-0.000053249,-0.002113106,0.000267242,0.000005139,-0.000002163,0.000002365,-0.180000000
516,2.175000,-0.000002164,0.000002365,0.019999998,1.000000000,-0.000001369,-0.000000657,-0.000000111,0.000026325,0.000015823,-0.000053219,-0.002110537,0.000262366,0.000005426,-0.000002164,0.000002365,-0.180000002
517,2.179167,-0.000002162,0.000002365,0.020000000,1.000000000,-0.000001402,-0.000000711,-0.000000114,0.000026675,0.000015556,-0.000053227,-0.002112194,0.000263070,0.000005328,-0.000002162,0.000002365,-0.180000000
518,2.183333,-0.000002166,0.000002365,0.019999998,1.000000000,-0.000001417,-0.000000772,-0.000000103,0.000025558,0.000016314,-0.000052862,-0.002123570,0.000233529,0.000005438,-0.000002166,0.000002365,-0.180000002
519,2.187500,-0.000002164,0.000002366,0.019999998,1.000000000,-0.000001447,-0.000000616,-0.000000057,0.000026660,0.000015653,-0.000053152,-0.002119070,0.000256547,0.000005162,-0.000002164,0.000002366,-0.180000002
520,2.191667,-0.000002163,0.000002365,0.019999998,1.000000000,-0.000001388,-0.000000566,-0.000000080,0.000026503,0.000015602,-0.000053287,-0.002107775,0.000265634,0.000005551,-0.000002163,0.000002365,-0.180000002
521,2.195833,-0.000002163,0.000002365,0.019999998,1.000000000,-0.000001371,-0.000000678,-0.000000095,0.000026262,0.000015828,-0.000053047,-0.002119120,0.000248197,0.000005342,-0.000002163,0.000002365,-0.180000002
522,2.200000,-0.000002165,0.000002363,0.020000000,1.000000000,-0.000001400,-0.000000721,-0.000000107,0.000026058,0.000015803,-0.000053086,-0.002113050,0.000249185,0.000005650,-0.000002165,0.000002363,-0.180000000
523,2.204167,-0.000002163,0.000002365,0.020000000,1.000000000,-0.000001431,-0.000000567,-0.000000072,0.000026620,0.000015733,-0.000053140,-0.002120177,0.000256182,0.000005108,-0.000002163,0.000002365,-0.180000000
524,2.208333,-0.000002164,0.000002364,0.019999998,1.000000000,-0.000001383,-0.000000708,-0.000000111,0.000026047,0.000015970,-0.000053001,-0.002120615,0.000243673,0.000005397,-0.000002164,0.000002364,-0.180000002
525,2.212500,-0.000002165,0.000002366,0.019999998,1.000000000,-0.000001422,-0.000000753,-0.000000101,0.000026137,0.000016083,-0.000053175,-0.002114602,0.000259097,0.000005301,-0.000002165,0.000002366,-0.180000002
526,2.216667,-0.000002164,0.000002367,0.019999998,1.000000000,-0.000001476,-0.000000777,-0.000000104,0.000026448,0.000015748,-0.000053105,-0.002119345,0.000252063,0.000005266,-0.000002164,0.000002367,-0.180000002
527,2.220833,-0.000002165,0.000002363,0.019999998,1.000000000,-0.000001487,-0.000000833,-0.000000095,0.000026430,0.000015457,-0.000053180,-0.002108749,0.000256372,0.000005691,-0.000002165,0.000002363,-0.180000002
528,2.225000,-0.000002163,0.000002365,0.020000000,1.000000000,-0.000001398,-0.000000528,-0.000000073,0.000026595,0.000015806,-0.000053352,-0.002114033,0.000268670,0.000005258,-0.000002163,0.000002365,-0.180000000
529,2.229167,-0.000002165,0.000002365,0.020000000,1.000000000,-0.000001339,-0.000000684,-0.000000098,0.000025932,0.000015967,-0.000053061,-0.002115366,0.000247264,0.000005591,-0.000002165,0.000002365,-0.180000000
530,2.233333,-0.000002164,0.000002366,0.019999998,1.000000000,-0.000001406,-0.000000697,-0.000000112,0.000026565,0.000015775,-0.000053222,-0.002109930,0.000268015,0.000005188,-0.000002164,0.000002366,-0.180000002
531,2.237500,-0.000002164,0.000002366,0.020000000,1.000000000,-0.000001431,-0.000000758,-0.000000115,0.000026268,0.000015860,-0.000053146,-0.002115879,0.000254762,0.000005389,-0.000002164,0.000002366,-0.180000000
532,2.241667,-0.000002163,0.000002365,0.020000000,1.000000000,-0.000001478,-0.000000783,-0.000000106,0.000026551,0.000015551,-0.000053213,-0.002111696,0.000259859,0.000005466,-0.000002163,0.000002365,-0.180000000
533,2.245833,-0.000002166,0.000002365,0.019999998,1.000000000,-0.000001369,-0.000000695,-0.000000108,0.000025986,0.000016013,-0.000053136,-0.002112014,0.000255027,0.000005533,-0.000002166,0.000002365,-0.180000002
534,2.250000,-0.000002164,0.000002365,0.019999998,1.000000000,-0.000001377,-0.000000568,-0.000000074,0.000026693,0.000015581,-0.000053209,-0.002112353,0.000263592,0.000005256,-0.000002164,0.000002365,-0.180000002
535,2.254167,-0.000002163,0.000002364,0.019999998,1.000000000,-0.000001358,-0.000000681,-0.000000112,0.000026468,0.000015621,-0.000053082,-0.002115942,0.000252132,0.000005375,-0.000002163,0.000002364,-0.180000002
536,2.258333,-0.000002164,0.000002365,0.019999998,1.000000000,-0.000001392,-0.000000730,-0.000000103,0.000026098,0.000016045,-0.000053087,-0.002117953,0.000251685,0.000005316,-0.000002164,0.000002365,-0.180000002
537,2.262500,-0.000002161,0.000002367,0.019999998,1.000000000,-0.000001450,-0.000000545,-0.000000068,0.000026901,0.000015569,-0.000053330,-0.002108874,0.000275060,0.000005129,-0.000002161,0.000002367,-0.180000002
538,2.266667,-0.000002164,0.000002365,0.019999998,1.000000000,-0.000001386,-0.000000701,-0.000000104,0.000025812,0.000015966,-0.000053128,-0.002110386,0.000250665,0.000005803,-0.000002164,0.000002365,-0.180000002
539,2.270833,-0.000002164,0.000002365,0.020000000,1.000000000,-0.000001408,-0.000000760,-0.000000118,0.000026360,0.000015759,-0.000053160,-0.002114403,0.000256301,0.000005408,-0.000002164,0.000002365,-0.180000000
540,2.275000,-0.000002164,0.000002367,0.020000000,1.000000000,-0.000001493,-0.000000752,-0.000000110,0.000026490,0.000015876,-0.000053243,-0.002112399,0.000266752,0.000005183,-0.000002164,0.000002367,-0.180000000
541,2.279167,-0.000002164,0.000002365,0.019999998,1.000000000,-0.000001516,-0.000000801,-0.000000113,0.000026383,0.000015661,-0.000053137,-0.002111751,0.000256486,0.000005468,-0.000002164,0.000002365,-0.180000002
542,2.283333,-0.000002161,0.000002367,0.020000000,1.000000000,-0.000001426,-0.000000497,-0.000000068,0.000026812,0.000015604,-0.000053397,-0.002111264,0.000272882,0.000005271,-0.000002161,0.000002367,-0.180000000
543,2.287500,-0.000002162,0.000002365,0.020000000,1.000000000,-0.000001369,-0.000000646,-0.000000105,0.000026219,0.000015671,-0.000053184,-0.002106179,0.000259156,0.000005704,-0.000002162,0.000002365,-0.180000000
544,2.291667,-0.000002161,0.000002365,0.019999998,1.000000000,-0.000001416,-0.000000680,-0.000000108,0.000026551,0.000015702,-0.000053230,-0.002108495,0.000267394,0.000005297,-0.000002161,0.000002365,-0.180000002
545,2.295833,-0.000002163,0.000002365,0.019999998,1.000000000,-0.000001447,-0.000000725,-0.000000097,0.000026034,0.000015986,-0.000053239,-0.002107539,0.000262519,0.000005600,-0.000002163,0.000002365,-0.180000002
546,2.300000,-0.000002163,0.000002364,0.020000000,1.000000000,-0.000001485,-0.000000760,-0.000000101,0.000026560,0.000015544,-0.000053240,-0.002112367,0.000259874,0.000005497,-0.000002163,0.000002364,-0.180000000
547,2.304167,-0.000002164,0.000002365,0.020000000,1.000000000,-0.000001357,-0.000000705,-0.000000116,0.000026033,0.000016089,-0.000053129,-0.002119888,0.000250171,0.000005394,-0.000002164,0.000002365,-0.180000000
548,2.308333,-0.000002165,0.000002365,0.020000000,1.000000000,-0.000001392,-0.000000748,-0.000000106,0.000026224,0.000015866,-0.000053182,-0.002110454,0.000260071,0.000005455,-0.000002165,0.000002365,-0.180000000
549,2.312500,-0.000002164,0.000002365,0.019999998,1.000000000,-0.000001446,-0.000000768,-0.000000121,0.000026542,0.000015664,-0.000053156,-0.002112546,0.000260359,0.000005291,-0.000002164,0.000002365,-0.180000002
550,2.316667,-0.000002163,0.000002365,0.020000000,1.000000000,-0.000001495,-0.000000794,-0.000000101,0.000026478,0.000015672,-0.000053201,-0.002113690,0.000258840,0.000005404,-0.000002163,0.000002365,-0.180000000
551,2.320833,-0.000002166,0.000002365,0.019999998,1.000000000,-0.000001360,-0.000000738,-0.000000115,0.000025676,0.000016262,-0.000052957,-0.002125325,0.000235796,0.000005461,-0.000002166,0.000002365,-0.180000002
552,2.325000,-0.000002162,0.000002366,0.020000000,1.000000000,-0.000001287,-0.000000423,-0.000000070,0.000027276,0.000015291,-0.000053433,-0.002106320,0.000282654,0.000005100,-0.000002162,0.000002366,-0.180000000
553,2.329167,-0.000002164,0.000002365,0.020000000,0.999999940,-0.000001383,-0.000000687,-0.000000104,0.000025868,0.000015903,-0.000053068,-0.002107354,0.000252102,0.000005743,-0.000002164,0.000002365,-0.180000000
554,2.333333,-0.000002160,0.000002365,0.020000001,0.999999940,-0.000001307,-0.000000378,-0.000000070,0.000027206,0.000015366,-0.000053346,-0.002111980,0.000275019,0.000005023,-0.000002160,0.000002365,-0.179999999
555,2.337500,-0.000002160,0.000002364,0.020000001,1.000000000,-0.000001383,-0.000000671,-0.000000107,0.000026313,0.000015594,-0.000053011,-0.002113038,0.000248570,0.000005518,-0.000002160,0.000002364,-0.179999999
556,2.341667,-0.000002163,0.000002364,0.019999998,1.000000000,-0.000001409,-0.000000719,-0.000000096,0.000025751,0.000016238,-0.000052889,-0.002123083,0.000237808,0.000005316,-0.000002163,0.000002364,-0.180000002
557,2.345833,-0.000002163,0.000002366,0.019999998,1.000000000,-0.000001469,-0.000000737,-0.000000099,0.000026312,0.000015951,-0.000053154,-0.002118260,0.000256052,0.000005236,-0.000002163,0.000002366,-0.180000002
558,2.350000,-0.000002164,0.000002364,0.019999998,1.000000000,-0.000001331,-0.000000683,-0.000000102,0.000026128,0.000015757,-0.000053063,-0.002118266,0.000244047,0.000005604,-0.000002164,0.000002364,-0.180000002
559,2.354167,-0.000002163,0.000002366,0.019999998,1.000000000,-0.000001390,-0.000000711,-0.000000093,0.000026507,0.000015875,-0.000053227,-0.002111943,0.000267240,0.000005144,-0.000002163,0.000002366,-0.180000002
560,2.358333,-0.000002165,0.000002366,0.020000000,1.000000000,-0.000001423,-0.000000757,-0.000000105,0.000025959,0.000016010,-0.000053082,-0.002116987,0.000247923,0.000005527,-0.000002165,0.000002366,-0.180000000
561,2.362500,-0.000002165,0.000002366,0.020000000,1.000000000,-0.000001476,-0.000000778,-0.000000096,0.000026306,0.000015829,-0.000053070,-0.002120110,0.000248898,0.000005304,-0.000002165,0.000002366,-0.180000000
562,2.366667,-0.000002165,0.000002366,0.020000000,1.000000000,-0.000001361,-0.000000705,-0.000000112,0.000026328,0.000015802,-0.000053266,-0.002111389,0.000262143,0.000005500,-0.000002165,0.000002366,-0.180000000
563,2.370833,-0.000002166,0.000002366,0.020000000,1.000000000,-0.000001391,-0.000000752,-0.000000101,0.000026191,0.000015831,-0.000053096,-0.002113967,0.000252720,0.000005459,-0.000002166,0.000002366,-0.180000000
564,2.375000,-0.000002164,0.000002366,0.020000000,1.000000000,-0.000001430,-0.000000589,-0.000000079,0.000026827,0.000015541,-0.000053153,-0.002116740,0.000260299,0.000005092,-0.000002164,0.000002366,-0.180000000
565,2.379167,-0.000002163,0.000002366,0.020000000,1.000000000,-0.000001375,-0.000000538,-0.000000079,0.000026458,0.000015667,-0.000053176,-0.002112665,0.000258601,0.000005421,-0.000002163,0.000002366,-0.180000000
566,2.383333,-0.000002165,0.000002364,0.020000000,0.999999940,-0.000001462,-0.000000807,-0.000000115,0.000026002,0.000015848,-0.000053063,-0.002113058,0.000248269,0.000005646,-0.000002165,0.000002364,-0.180000000
567,2.387500,-0.000002157,0.000002364,0.020000001,0.999999940,-0.000001275,-0.000000335,-0.000000072,0.000027695,0.000014994,-0.000053398,-0.002112957,0.000278385,0.000004922,-0.000002157,0.000002364,-0.179999999
568,2.391667,-0.000002159,0.000002364,0.020000001,1.000000000,-0.000001378,-0.000000601,-0.000000107,0.000025923,0.000015990,-0.000052984,-0.002113316,0.000247783,0.000005494,-0.000002159,0.000002364,-0.179999999
569,2.395833,-0.000002165,0.000002366,0.020000000,1.000000000,-0.000001363,-0.000000695,-0.000000106,0.000025227,0.000016570,-0.000052887,-0.002122840,0.000232905,0.000005560,-0.000002165,0.000002366,-0.180000000
570,2.400000,-0.000002165,0.000002365,0.020000000,1.000000000,-0.000001395,-0.000000743,-0.000000108,0.000026377,0.000015785,-0.000053152,-0.002115002,0.000256685,0.000005345,-0.000002165,0.000002365,-0.180000000
571,2.404167,-0.000002164,0.000002365,0.020000000,1.000000000,-0.000001457,-0.000000757,-0.000000123,0.000026479,0.000015721,-0.000053078,-0.002118137,0.000252774,0.000005235,-0.000002164,0.000002365,-0.180000000
572,2.408333,-0.000002164,0.000002365,0.019999998,1.000000000,-0.000001476,-0.000000608,-0.000000077,0.000026519,0.000015716,-0.000053256,-0.002109488,0.000266540,0.000005347,-0.000002164,0.000002365,-0.180000002
573,2.412500,-0.000002164,0.000002365,0.020000000,1.000000000,-0.000001424,-0.000000757,-0.000000104,0.000026282,0.000015757,-0.000053191,-0.002114849,0.000254514,0.000005545,-0.000002164,0.000002365,-0.180000000
574,2.416667,-0.000002162,0.000002366,0.020000001,1.000000000,-0.000001469,-0.000000584,-0.000000069,0.000026643,0.000015672,-0.000053221,-0.002114428,0.000262885,0.000005225,-0.000002162,0.000002366,-0.179999999
575,2.420833,-0.000002162,0.000002364,0.020000000,1.000000000,-0.000001396,-0.000000547,-0.000000070,0.000026304,0.000015701,-0.000053147,-0.002112568,0.000254861,0.000005539,-0.000002162,0.000002364,-0.180000000
576,2.425000,-0.000002164,0.000002365,0.019999998,1.000000000,-0.000001341,-0.000000699,-0.000000107,0.000025951,0.000016112,-0.000053114,-0.002113240,0.000254933,0.000005442,-0.000002164,0.000002365,-0.180000002
577,2.429167,-0.000002164,0.000002364,0.019999998,1.000000000,-0.000001375,-0.000000744,-0.000000121,0.000026441,0.000015667,-0.000053221,-0.002107634,0.000264276,0.000005467,-0.000002164,0.000002364,-0.180000002
578,2.433333,-0.000002162,0.000002366,0.019999998,1.000000000,-0.000001433,-0.000000558,-0.000000063,0.000026678,0.000015763,-0.000053281,-0.002111298,0.000270785,0.000005123,-0.000002162,0.000002366,-0.180000002
579,2.437500,-0.000002163,0.000002366,0.020000000,1.000000000,-0.000001401,-0.000000686,-0.000000112,0.000026263,0.000015766,-0.000053165,-0.002114338,0.000254172,0.000005537,-0.000002163,0.000002366,-0.180000000
580,2.441667,-0.000002164,0.000002365,0.020000001,1.000000000,-0.000001422,-0.000000743,-0.000000114,0.000026194,0.000015820,-0.000053120,-0.002114383,0.000252589,0.000005497,-0.000002164,0.000002365,-0.179999999
581,2.445833,-0.000002163,0.000002366,0.020000000,1.000000000,-0.000001479,-0.000000763,-0.000000117,0.000026480,0.000015792,-0.000053150,-0.002114885,0.000259606,0.000005208,-0.000002163,0.000002366,-0.180000000
582,2.450000,-0.000002165,0.000002364,0.020000000,1.000000000,-0.000001345,-0.000000703,-0.000000108,0.000025998,0.000015857,-0.000053104,-0.002114621,0.000247840,0.000005676,-0.000002165,0.000002364,-0.180000000
583,2.454167,-0.000002164,0.000002365,0.019999998,1.000000000,-0.000001393,-0.000000738,-0.000000123,0.000026533,0.000015797,-0.000053236,-0.002110715,0.000267372,0.000005219,-0.000002164,0.000002365,-0.180000002
584,2.458333,-0.000002161,0.000002366,0.019999998,1.000000000,-0.000001451,-0.000000553,-0.000000065,0.000026848,0.000015594,-0.000053315,-0.002108795,0.000274094,0.000005145,-0.000002161,0.000002366,-0.180000002
585,2.462500,-0.000002162,0.000002367,0.019999998,1.000000000,-0.000001408,-0.000000691,-0.000000104,0.000026058,0.000015978,-0.000053098,-0.002116651,0.000250428,0.000005466,-0.000002162,0.000002367,-0.180000002
586,2.466667,-0.000002164,0.000002365,0.020000000,1.000000000,-0.000001433,-0.000000738,-0.000000115,0.000026040,0.000015780,-0.000053012,-0.002117355,0.000242081,0.000005635,-0.000002164,0.000002365,-0.180000000
587,2.470833,-0.000002162,0.000002363,0.019999998,1.000000000,-0.000001451,-0.000000592,-0.000000070,0.000026967,0.000015329,-0.000053335,-0.002104183,0.000275386,0.000005333,-0.000002162,0.000002363,-0.180000002
588,2.475000,-0.000002163,0.000002367,0.020000000,1.000000000,-0.000001425,-0.000000721,-0.000000108,0.000025929,0.000016269,-0.000053114,-0.002122852,0.000248869,0.000005306,-0.000002163,0.000002367,-0.180000000
589,2.479167,-0.000002162,0.000002365,0.020000000,1.000000000,-0.000001492,-0.000000725,-0.000000099,0.000026592,0.000015535,-0.000053206,-0.002111395,0.000260651,0.000005430,-0.000002162,0.000002365,-0.180000000
590,2.483333,-0.000002162,0.000002365,0.019999998,1.000000000,-0.000001338,-0.000000489,-0.000000065,0.000026320,0.000015775,-0.000053148,-0.002114239,0.000255558,0.000005425,-0.000002162,0.000002365,-0.180000002
591,2.487500,-0.000002163,0.000002365,0.020000000,0.999999940,-0.000001452,-0.000000737,-0.000000101,0.000026115,0.000015897,-0.000053000,-0.002119133,0.000245010,0.000005398,-0.000002163,0.000002365,-0.180000000
592,2.491667,-0.000002158,0.000002364,0.020000003,0.999999940,-0.000001384,-0.000000410,-0.000000067,0.000027240,0.000015157,-0.000053406,-0.002109426,0.000274442,0.000005290,-0.000002158,0.000002364,-0.179999997
593,2.495833,-0.000002158,0.000002364,0.020000003,0.999999940,-0.000001314,-0.000000381,-0.000000068,0.000026468,0.000015736,-0.000053316,-0.002104396,0.000272304,0.000005452,-0.000002158,0.000002364,-0.179999997
594,2.500000,-0.000002158,0.000002364,0.020000001,1.000000000,-0.000001431,-0.000000624,-0.000000105,0.000026337,0.000015772,-0.000053072,-0.002112073,0.000256307,0.000005333,-0.000002158,0.000002364,-0.179999999
595,2.504167,-0.000002163,0.000002366,0.020000000,1.000000000,-0.000001419,-0.000000716,-0.000000093,0.000025179,0.000016655,-0.000052891,-0.002124472,0.000232350,0.000005523,-0.000002163,0.000002366,-0.180000000
596,2.508333,-0.000002164,0.000002366,0.019999998,1.000000000,-0.000001445,-0.000000771,-0.000000107,0.000026410,0.000015814,-0.000053231,-0.002111146,0.000264044,0.000005343,-0.000002164,0.000002366,-0.180000002
597,2.512500,-0.000002163,0.000002365,0.020000000,1.000000000,-0.000001483,-0.000000807,-0.000000110,0.000026546,0.000015532,-0.000053234,-0.002111823,0.000259641,0.000005522,-0.000002163,0.000002365,-0.180000000
598,2.516667,-0.000002163,0.000002366,0.020000000,1.000000000,-0.000001409,-0.000000686,-0.000000103,0.000026248,0.000015980,-0.000053146,-0.002118452,0.000254788,0.000005271,-0.000002163,0.000002366,-0.180000000
599,2.520833,-0.000002164,0.000002365,0.020000000,1.000000000,-0.000001435,-0.000000735,-0.000000116,0.000026231,0.000015763,-0.000053208,-0.002109017,0.000259616,0.000005601,-0.000002164,0.000002365,-0.180000000
600,2.525000,-0.000002161,0.000002364,0.020000000,1.000000000,-0.000001461,-0.000000583,-0.000000070,0.000026895,0.000015369,-0.000053282,-0.002110163,0.000267308,0.000005333,-0.000002161,0.000002364,-0.180000000
601,2.529167,-0.000002164,0.000002365,0.020000000,1.000000000,-0.000001410,-0.000000728,-0.000000107,0.000025655,0.000016277,-0.000053038,-0.002120892,0.000242042,0.000005551,-0.000002164,0.000002365,-0.180000000
602,2.533333,-0.000002162,0.000002366,0.020000001,1.000000000,-0.000001456,-0.000000556,-0.000000061,0.000026855,0.000015575,-0.000053278,-0.002114333,0.000267326,0.000005134,-0.000002162,0.000002366,-0.179999999
603,2.537500,-0.000002163,0.000002366,0.020000000,1.000000000,-0.000001424,-0.000000680,-0.000000111,0.000026046,0.000016000,-0.000053083,-0.002116694,0.000250281,0.000005441,-0.000002163,0.000002366,-0.180000000
604,2.541667,-0.000002163,0.000002366,0.020000000,1.000000000,-0.000001452,-0.000000732,-0.000000102,0.000026367,0.000015786,-0.000053246,-0.002110643,0.000263063,0.000005443,-0.000002163,0.000002366,-0.180000000
605,2.545833,-0.000002164,0.000002365,0.020000000,1.000000000,-0.000001471,-0.000000781,-0.000000116,0.000026166,0.000015735,-0.000053043,-0.002117248,0.000244986,0.000005563,-0.000002164,0.000002365,-0.180000000
606,2.550000,-0.000002164,0.000002364,0.020000000,1.000000000,-0.000001493,-0.000000833,-0.000000108,0.000026302,0.000015759,-0.000053078,-0.002118825,0.000248469,0.000005400,-0.000002164,0.000002364,-0.180000000
607,2.554167,-0.000002163,0.000002365,0.020000000,1.000000000,-0.000001383,-0.000000548,-0.000000085,0.000026381,0.000015867,-0.000053131,-0.002122524,0.000250874,0.000005241,-0.000002163,0.000002365,-0.180000000
608,2.558333,-0.000002166,0.000002364,0.019999998,1.000000000,-0.000001323,-0.000000701,-0.000000098,0.000025796,0.000016063,-0.000053006,-0.002115820,0.000244410,0.000005583,-0.000002166,0.000002364,-0.180000002
609,2.562500,-0.000002164,0.000002366,0.020000000,1.000000000,-0.000001384,-0.000000731,-0.000000102,0.000026661,0.000015794,-0.000053292,-0.002112276,0.000270380,0.000005124,-0.000002164,0.000002366,-0.180000000
610,2.566667,-0.000002163,0.000002367,0.020000000,1.000000000,-0.000001467,-0.000000725,-0.000000117,0.000026690,0.000015663,-0.000053282,-0.002109107,0.000270640,0.000005231,-0.000002163,0.000002367,-0.180000000
611,2.570833,-0.000002163,0.000002365,0.020000000,1.000000000,-0.000001485,-0.000000776,-0.000000108,0.000026371,0.000015525,-0.000053077,-0.002113901,0.000249004,0.000005590,-0.000002163,0.000002365,-0.180000000
612,2.575000,-0.000002165,0.000002364,0.020000000,1.000000000,-0.000001352,-0.000000717,-0.000000110,0.000025981,0.000015954,-0.000053099,-0.002116399,0.000248065,0.000005580,-0.000002165,0.000002364,-0.180000000
613,2.579167,-0.000002162,0.000002366,0.019999998,1.000000000,-0.000001419,-0.000000523,-0.000000076,0.000026882,0.000015678,-0.000053306,-0.002110439,0.000275288,0.000005000,-0.000002162,0.000002366,-0.180000002
614,2.583333,-0.000002164,0.000002366,0.020000000,0.999999940,-0.000001505,-0.000000799,-0.000000112,0.000025940,0.000015958,-0.000053182,-0.002111664,0.000253790,0.000005713,-0.000002164,0.000002366,-0.180000000
615,2.587500,-0.000002160,0.000002366,0.020000003,0.999999940,-0.000001422,-0.000000489,-0.000000067,0.000026985,0.000015365,-0.000053277,-0.002116705,0.000262851,0.000005234,-0.000002160,0.000002366,-0.179999997
616,2.591667,-0.000002157,0.000002364,0.020000000,0.999999940,-0.000001376,-0.000000430,-0.000000081,0.000027027,0.000015292,-0.000053247,-0.002107319,0.000270713,0.000005234,-0.000002157,0.000002364,-0.180000000
617,2.595833,-0.000002160,0.000002363,0.020000001,1.000000000,-0.000001449,-0.000000714,-0.000000092,0.000025549,0.000016109,-0.000052910,-0.002120377,0.000232309,0.000005745,-0.000002160,0.000002363,-0.179999999
618,2.600000,-0.000002164,0.000002364,0.020000000,1.000000000,-0.000001441,-0.000000796,-0.000000104,0.000025607,0.000016301,-0.000053005,-0.002120970,0.000240539,0.000005537,-0.000002164,0.000002364,-0.180000000
619,2.604167,-0.000002164,0.000002365,0.020000001,1.000000000,-0.000001493,-0.000000821,-0.000000119,0.000026268,0.000015986,-0.000053183,-0.002119750,0.000255057,0.000005282,-0.000002164,0.000002365,-0.179999999
620,2.608333,-0.000002163,0.000002366,0.020000000,1.000000000,-0.000001390,-0.000000529,-0.000000074,0.000026653,0.000015736,-0.000053308,-0.002111448,0.000269880,0.000005215,-0.000002163,0.000002366,-0.180000000
621,2.612500,-0.000002165,0.000002365,0.020000000,0.999999940,-0.000001477,-0.000000798,-0.000000110,0.000025994,0.000015839,-0.000053064,-0.002112880,0.000248071,0.000005670,-0.000002165,0.000002365,-0.180000000
622,2.616667,-0.000002160,0.000002364,0.020000001,0.999999940,-0.000001254,-0.000000365,-0.000000066,0.000027240,0.000015228,-0.000053476,-0.002106192,0.000281248,0.000005266,-0.000002160,0.000002364,-0.179999999
623,2.620833,-0.000002160,0.000002365,0.020000003,1.000000000,-0.000001366,-0.000000628,-0.000000102,0.000026223,0.000015879,-0.000052988,-0.002118164,0.000248030,0.000005274,-0.000002160,0.000002365,-0.179999997
624,2.625000,-0.000002165,0.000002364,0.019999998,1.000000000,-0.000001345,-0.000000724,-0.000000090,0.000025508,0.000016262,-0.000052879,-0.002116468,0.000238429,0.000005560,-0.000002165,0.000002364,-0.180000002
625,2.629167,-0.000002163,0.000002366,0.020000000,1.000000000,-0.000001433,-0.000000719,-0.000000117,0.000026594,0.000015850,-0.000053130,-0.002122434,0.000256058,0.000004998,-0.000002163,0.000002366,-0.180000000
626,2.633333,-0.000002163,0.000002365,0.019999998,1.000000000,-0.000001450,-0.000000568,-0.000000070,0.000026602,0.000015493,-0.000053261,-0.002105132,0.000267396,0.000005511,-0.000002163,0.000002365,-0.180000002
627,2.637500,-0.000002163,0.000002365,0.019999998,1.000000000,-0.000001407,-0.000000706,-0.000000109,0.000026070,0.000015988,-0.000053096,-0.002116957,0.000250684,0.000005438,-0.000002163,0.000002365,-0.180000002
628,2.641667,-0.000002164,0.000002367,0.020000000,1.000000000,-0.000001443,-0.000000757,-0.000000111,0.000026253,0.000015965,-0.000053154,-0.002118342,0.000254893,0.000005293,-0.000002164,0.000002367,-0.180000000
629,2.645833,-0.000002163,0.000002364,0.020000000,1.000000000,-0.000001488,-0.000000781,-0.000000114,0.000026614,0.000015424,-0.000053218,-0.002109361,0.000260645,0.000005548,-0.000002163,0.000002364,-0.180000000
630,2.650000,-0.000002165,0.000002366,0.020000000,1.000000000,-0.000001359,-0.000000724,-0.000000117,0.000025883,0.000016163,-0.000053093,-0.002120328,0.000246876,0.000005452,-0.000002165,0.000002366,-0.180000000
631,2.654167,-0.000002162,0.000002367,0.019999998,1.000000000,-0.000001426,-0.000000528,-0.000000071,0.000026909,0.000015589,-0.000053310,-0.002108810,0.000275409,0.000005073,-0.000002162,0.000002367,-0.180000002
632,2.658333,-0.000002164,0.000002365,0.020000000,0.999999940,-0.000001508,-0.000000803,-0.000000107,0.000026029,0.000015742,-0.000053182,-0.002107393,0.000254818,0.000005857,-0.000002164,0.000002365,-0.180000000
633,2.662500,-0.000002158,0.000002364,0.020000003,0.999999940,-0.000001301,-0.000000354,-0.000000075,0.000027516,0.000015069,-0.000053396,-0.002114171,0.000274359,0.000005055,-0.000002158,0.000002364,-0.179999997
634,2.666667,-0.000002160,0.000002365,0.020000001,1.000000000,-0.000001399,-0.000000623,-0.000000099,0.000025954,0.000016032,-0.000053072,-0.002109993,0.000255144,0.000005489,-0.000002160,0.000002365,-0.179999999
635,2.670833,-0.000002166,0.000002364,0.020000000,1.000000000,-0.000001366,-0.000000727,-0.000000097,0.000025146,0.000016398,-0.000052781,-0.002123097,0.000223562,0.000005761,-0.000002166,0.000002364,-0.180000000
636,2.675000,-0.000002162,0.000002364,0.019999998,1.000000000,-0.000001410,-0.000000557,-0.000000075,0.000027094,0.000015406,-0.000053296,-0.002111671,0.000272270,0.000005061,-0.000002162,0.000002364,-0.180000002
637,2.679167,-0.000002162,0.000002365,0.019999998,1.000000000,-0.000001372,-0.000000490,-0.000000064,0.000026407,0.000015875,-0.000053262,-0.002112413,0.000265020,0.000005318,-0.000002162,0.000002365,-0.180000002
638,2.683333,-0.000002163,0.000002366,0.019999998,0.999999940,-0.000001483,-0.000000740,-0.000000100,0.000025944,0.000016040,-0.000053047,-0.002116576,0.000247920,0.000005478,-0.000002163,0.000002366,-0.180000002
639,2.687500,-0.000002160,0.000002363,0.020000003,0.999999940,-0.000001390,-0.000000437,-0.000000066,0.000027067,0.000015117,-0.000053331,-0.002113126,0.000263381,0.000005483,-0.000002160,0.000002363,-0.179999997
640,2.691667,-0.000002157,0.000002363,0.020000003,0.999999940,-0.000001313,-0.000000420,-0.000000067,0.000026766,0.000015501,-0.000053235,-0.002110903,0.000265452,0.000005299,-0.000002157,0.000002363,-0.179999997
641,2.695833,-0.000002159,0.000002364,0.020000003,1.000000000,-0.000001442,-0.000000648,-0.000000102,0.000025948,0.000016025,-0.000053018,-0.002115321,0.000248192,0.000005460,-0.000002159,0.000002364,-0.179999997
642,2.700000,-0.000002163,0.000002364,0.019999998,1.000000000,-0.000001435,-0.000000728,-0.000000116,0.000025630,0.000016344,-0.000053030,-0.002115734,0.000248098,0.000005470,-0.000002163,0.000002364,-0.180000002
643,2.704167,-0.000002163,0.000002365,0.019999998,1.000000000,-0.000001474,-0.000000766,-0.000000107,0.000026311,0.000015887,-0.000053174,-0.002117521,0.000255611,0.000005330,-0.000002163,0.000002365,-0.180000002
644,2.708333,-0.000002164,0.000002364,0.020000000,1.000000000,-0.000001513,-0.000000797,-0.000000097,0.000026145,0.000015848,-0.000053158,-0.002115974,0.000251374,0.000005564,-0.000002164,0.000002364,-0.180000000
645,2.712500,-0.000002164,0.000002366,0.020000000,1.000000000,-0.000001369,-0.000000555,-0.000000063,0.000026214,0.000016061,-0.000053257,-0.002116404,0.000260715,0.000005324,-0.000002164,0.000002366,-0.180000000
646,2.716667,-0.000002162,0.000002367,0.019999998,1.000000000,-0.000001353,-0.000000464,-0.000000076,0.000026810,0.000015599,-0.000053210,-0.002112634,0.000266871,0.000005101,-0.000002162,0.000002367,-0.180000002
647,2.720833,-0.000002162,0.000002365,0.020000000,0.999999940,-0.000001455,-0.000000724,-0.000000089,0.000026340,0.000015578,-0.000053055,-0.002114088,0.000248888,0.000005550,-0.000002162,0.000002365,-0.180000000
648,2.725000,-0.000002157,0.000002364,0.020000000,0.999999940,-0.000001374,-0.000000412,-0.000000067,0.000027218,0.000015198,-0.000053358,-0.002108806,0.000274411,0.000005220,-0.000002157,0.000002364,-0.180000000
649,2.729167,-0.000002159,0.000002366,0.020000003,1.000000000,-0.000001488,-0.000000662,-0.000000115,0.000025863,0.000016096,-0.000053075,-0.002118165,0.000246386,0.000005548,-0.000002159,0.000002366,-0.179999997
650,2.733333,-0.000002164,0.000002364,0.019999998,1.000000000,-0.000001322,-0.000000632,-0.000000104,0.000025458,0.000016276,-0.000052843,-0.002122604,0.000230452,0.000005584,-0.000002164,0.000002364,-0.180000002
651,2.737500,-0.000002165,0.000002366,0.019999998,0.999999940,-0.000001485,-0.000000824,-0.000000094,0.000026089,0.000016139,-0.000052990,-0.002124090,0.000245417,0.000005125,-0.000002165,0.000002366,-0.180000002
652,2.741667,-0.000002159,0.000002365,0.020000003,0.999999940,-0.000001293,-0.000000355,-0.000000073,0.000027598,0.000014865,-0.000053517,-0.002106721,0.000281543,0.000005312,-0.000002159,0.000002365,-0.179999997
653,2.745833,-0.000002160,0.000002363,0.020000003,1.000000000,-0.000001369,-0.000000646,-0.000000097,0.000026153,0.000015662,-0.000052964,-0.002112937,0.000245174,0.000005586,-0.000002160,0.000002363,-0.179999997
654,2.750000,-0.000002163,0.000002364,0.020000000,1.000000000,-0.000001396,-0.000000692,-0.000000109,0.000025540,0.000016443,-0.000052852,-0.002126170,0.000233647,0.000005300,-0.000002163,0.000002364,-0.180000000
655,2.754167,-0.000002165,0.000002367,0.019999998,1.000000000,-0.000001431,-0.000000739,-0.000000122,0.000025917,0.000016281,-0.000053049,-0.002121867,0.000248217,0.000005223,-0.000002165,0.000002367,-0.180000002
656,2.758333,-0.000002164,0.000002363,0.019999998,1.000000000,-0.000001439,-0.000000600,-0.000000076,0.000026793,0.000015231,-0.000053175,-0.002111094,0.000257529,0.000005516,-0.000002164,0.000002363,-0.180000002
657,2.762500,-0.000002164,0.000002365,0.020000000,1.000000000,-0.000001412,-0.000000731,-0.000000092,0.000026153,0.000016076,-0.000053151,-0.002120121,0.000253282,0.000005288,-0.000002164,0.000002365,-0.180000000
658,2.766667,-0.000002162,0.000002365,0.019999998,1.000000000,-0.000001448,-0.000000563,-0.000000069,0.000026773,0.000015498,-0.000053286,-0.002106130,0.000271578,0.000005325,-0.000002162,0.000002365,-0.180000002
659,2.770833,-0.000002163,0.000002366,0.020000000,1.000000000,-0.000001419,-0.000000690,-0.000000107,0.000026024,0.000016057,-0.000053123,-0.002118891,0.000249959,0.000005443,-0.000002163,0.000002366,-0.180000000
660,2.775000,-0.000002164,0.000002366,0.020000000,1.000000000,-0.000001447,-0.000000740,-0.000000108,0.000026176,0.000015897,-0.000053206,-0.002111692,0.000258952,0.000005509,-0.000002164,0.000002366,-0.180000000
661,2.779167,-0.000002162,0.000002366,0.020000001,1.000000000,-0.000001474,-0.000000586,-0.000000085,0.000026679,0.000015570,-0.000053248,-0.002113112,0.000263100,0.000005332,-0.000002162,0.000002366,-0.179999999
662,2.783333,-0.000002163,0.000002365,0.019999998,1.000000000,-0.000001397,-0.000000552,-0.000000086,0.000026105,0.000015909,-0.000053074,-0.002114668,0.000251273,0.000005461,-0.000002163,0.000002365,-0.180000002
663,2.787500,-0.000002163,0.000002364,0.020000000,1.000000000,-0.000001363,-0.000000678,-0.000000100,0.000026352,0.000015658,-0.000053178,-0.002112751,0.000255576,0.000005558,-0.000002163,0.000002364,-0.180000000
664,2.791667,-0.000002164,0.000002365,0.019999998,1.000000000,-0.000001411,-0.000000711,-0.000000103,0.000026371,0.000015862,-0.000053196,-0.002110732,0.000263839,0.000005299,-0.000002164,0.000002365,-0.180000002
665,2.795833,-0.000002164,0.000002365,0.020000000,1.000000000,-0.000001445,-0.000000761,-0.000000117,0.000026306,0.000015829,-0.000053156,-0.002115560,0.000255507,0.000005390,-0.000002164,0.000002365,-0.180000000
666,2.800000,-0.000002163,0.000002366,0.020000001,1.000000000,-0.000001472,-0.000000606,-0.000000070,0.000026461,0.000015767,-0.000053208,-0.002115851,0.000258818,0.000005322,-0.000002163,0.000002366,-0.179999999
667,2.804167,-0.000002165,0.000002365,0.019999998,1.000000000,-0.000001419,-0.000000743,-0.000000108,0.000026001,0.000015934,-0.000053131,-0.002110081,0.000255128,0.000005606,-0.000002165,0.000002365,-0.180000002
668,2.808333,-0.000002163,0.000002365,0.020000000,1.000000000,-0.000001483,-0.000000756,-0.000000112,0.000026704,0.000015604,-0.000053326,-0.002109389,0.000270248,0.000005329,-0.000002163,0.000002365,-0.180000000
669,2.812500,-0.000002164,0.000002365,0.019999998,1.000000000,-0.000001375,-0.000000671,-0.000000103,0.000026170,0.000015895,-0.000053179,-0.002110784,0.000258955,0.000005485,-0.000002164,0.000002365,-0.180000002
670,2.816667,-0.000002164,0.000002365,0.019999998,1.000000000,-0.000001411,-0.000000720,-0.000000094,0.000026562,0.000015679,-0.000053250,-0.002108675,0.000267388,0.000005332,-0.000002164,0.000002365,-0.180000002
671,2.820833,-0.000002160,0.000002364,0.020000000,1.000000000,-0.000001318,-0.000000424,-0.000000072,0.000027088,0.000015275,-0.000053397,-0.002104608,0.000278167,0.000005319,-0.000002160,0.000002364,-0.180000000
672,2.825000,-0.000002164,0.000002366,0.020000000,0.999999940,-0.000001400,-0.000000711,-0.000000107,0.000025475,0.000016389,-0.000052858,-0.002124616,0.000232222,0.000005460,-0.000002164,0.000002366,-0.180000000
673,2.829167,-0.000002160,0.000002366,0.020000003,0.999999940,-0.000001308,-0.000000415,-0.000000061,0.000027038,0.000015344,-0.000053254,-0.002115786,0.000264062,0.000005170,-0.000002160,0.000002366,-0.179999997
674,2.833333,-0.000002158,0.000002364,0.020000003,1.000000000,-0.000001436,-0.000000652,-0.000000099,0.000026709,0.000015430,-0.000053163,-0.002107526,0.000263782,0.000005372,-0.000002158,0.000002364,-0.179999997
675,2.837500,-0.000002161,0.000002367,0.020000000,1.000000000,-0.000001465,-0.000000701,-0.000000112,0.000025713,0.000016402,-0.000053064,-0.002117680,0.000250646,0.000005340,-0.000002161,0.000002367,-0.180000000
676,2.841667,-0.000002164,0.000002365,0.020000001,1.000000000,-0.000001465,-0.000000767,-0.000000112,0.000025878,0.000015866,-0.000053087,-0.002114420,0.000244739,0.000005796,-0.000002164,0.000002365,-0.179999999
677,2.845833,-0.000002164,0.000002366,0.020000000,1.000000000,-0.000001318,-0.000000526,-0.000000067,0.000026230,0.000015999,-0.000053055,-0.002123090,0.000247967,0.000005183,-0.000002164,0.000002366,-0.180000000
678,2.850000,-0.000002164,0.000002365,0.019999998,0.999999940,-0.000001431,-0.000000773,-0.000000104,0.000026335,0.000015733,-0.000053005,-0.002116113,0.000249533,0.000005322,-0.000002164,0.000002365,-0.180000002
679,2.854167,-0.000002160,0.000002365,0.020000003,0.999999940,-0.000001368,-0.000000444,-0.000000082,0.000027120,0.000015332,-0.000053311,-0.002116831,0.000266158,0.000005148,-0.000002160,0.000002365,-0.179999997
680,2.858333,-0.000002159,0.000002363,0.020000003,1.000000000,-0.000001459,-0.000000717,-0.000000097,0.000026546,0.000015486,-0.000053238,-0.002103965,0.000266396,0.000005574,-0.000002159,0.000002363,-0.179999997
681,2.862500,-0.000002161,0.000002364,0.019999998,1.000000000,-0.000001345,-0.000000635,-0.000000112,0.000025950,0.000016104,-0.000053013,-0.002117092,0.000248374,0.000005350,-0.000002161,0.000002364,-0.180000002
682,2.866667,-0.000002162,0.000002364,0.020000000,1.000000000,-0.000001381,-0.000000677,-0.000000101,0.000026221,0.000015854,-0.000053207,-0.002110895,0.000259818,0.000005500,-0.000002162,0.000002364,-0.180000000
683,2.870833,-0.000002164,0.000002364,0.019999998,1.000000000,-0.000001397,-0.000000742,-0.000000091,0.000025914,0.000016140,-0.000052945,-0.002122613,0.000241264,0.000005290,-0.000002164,0.000002364,-0.180000002
684,2.875000,-0.000002162,0.000002366,0.020000000,1.000000000,-0.000001444,-0.000000569,-0.000000068,0.000026628,0.000015769,-0.000053234,-0.002116799,0.000262915,0.000005145,-0.000002162,0.000002366,-0.180000000
685,2.879167,-0.000002163,0.000002366,0.020000000,1.000000000,-0.000001412,-0.000000696,-0.000000118,0.000026097,0.000015946,-0.000053109,-0.002116407,0.000251097,0.000005471,-0.000002163,0.000002366,-0.180000000
686,2.883333,-0.000002164,0.000002368,0.019999998,1.000000000,-0.000001445,-0.000000745,-0.000000108,0.000026116,0.000016068,-0.000053072,-0.002118160,0.000252200,0.000005250,-0.000002164,0.000002368,-0.180000002
687,2.887500,-0.000002163,0.000002366,0.019999998,1.000000000,-0.000001469,-0.000000589,-0.000000085,0.000026769,0.000015353,-0.000053255,-0.002109005,0.000264091,0.000005483,-0.000002163,0.000002366,-0.180000002
688,2.891667,-0.000002164,0.000002364,0.019999998,1.000000000,-0.000001403,-0.000000746,-0.000000123,0.000026123,0.000015791,-0.000053113,-0.002113358,0.000250894,0.000005622,-0.000002164,0.000002364,-0.180000002
689,2.895833,-0.000002162,0.000002366,0.020000000,1.000000000,-0.000001481,-0.000000751,-0.000000092,0.000026646,0.000015781,-0.000053326,-0.002112892,0.000269885,0.000005187,-0.000002162,0.000002366,-0.180000000
690,2.900000,-0.000002163,0.000002366,0.019999998,1.000000000,-0.000001348,-0.000000695,-0.000000108,0.000026123,0.000015880,-0.000053113,-0.002115314,0.000251307,0.000005510,-0.000002163,0.000002366,-0.180000002
691,2.904167,-0.000002165,0.000002364,0.019999998,1.000000000,-0.000001375,-0.000000738,-0.000000119,0.000026070,0.000015822,-0.000053063,-0.002112934,0.000249555,0.000005587,-0.000002165,0.000002364,-0.180000002
692,2.908333,-0.000002163,0.000002365,0.020000000,1.000000000,-0.000001416,-0.000000573,-0.000000073,0.000026612,0.000015732,-0.000053140,-0.002120172,0.000255981,0.000005119,-0.000002163,0.000002365,-0.180000000
693,2.912500,-0.000002163,0.000002366,0.019999998,1.000000000,-0.000001404,-0.000000677,-0.000000112,0.000026276,0.000015872,-0.000053111,-0.002115072,0.000255284,0.000005335,-0.000002163,0.000002366,-0.180000002
694,2.916667,-0.000002164,0.000002367,0.020000000,1.000000000,-0.000001439,-0.000000726,-0.000000102,0.000026096,0.000016034,-0.000053118,-0.002118611,0.000251440,0.000005366,-0.000002164,0.000002367,-0.180000000
695,2.920833,-0.000002161,0.000002365,0.020000000,1.000000000,-0.000001464,-0.000000573,-0.000000067,0.000026961,0.000015243,-0.000053295,-0.002107961,0.000268202,0.000005414,-0.000002161,0.000002365,-0.180000000
696,2.925000,-0.000002164,0.000002365,0.020000000,1.000000000,-0.000001409,-0.000000716,-0.000000104,0.000025743,0.000016061,-0.000053038,-0.002116527,0.000243036,0.000005693,-0.000002164,0.000002365,-0.180000000
697,2.929167,-0.000002164,0.000002365,0.020000000,1.000000000,-0.000001439,-0.000000768,-0.000000107,0.000026354,0.000015885,-0.000053251,-0.002112837,0.000263232,0.000005350,-0.000002164,0.000002365,-0.180000000
698,2.933333,-0.000002164,0.000002365,0.019999998,1.000000000,-0.000001457,-0.000000619,-0.000000072,0.000026586,0.000015591,-0.000053265,-0.002107323,0.000267448,0.000005423,-0.000002164,0.000002365,-0.180000002
699,2.937500,-0.000002164,0.000002368,0.020000000,1.000000000,-0.000001432,-0.000000748,-0.000000111,0.000025941,0.000016279,-0.000053122,-0.002123377,0.000249072,0.000005285,-0.000002164,0.000002368,-0.180000000
700,2.941667,-0.000002163,0.000002364,0.019999998,1.000000000,-0.000001447,-0.000000597,-0.000000076,0.000026863,0.000015220,-0.000053311,-0.002101252,0.000272125,0.000005562,-0.000002163,0.000002364,-0.180000002
701,2.945833,-0.000002163,0.000002367,0.019999998,1.000000000,-0.000001436,-0.000000710,-0.000000103,0.000026164,0.000016124,-0.000053213,-0.002116106,0.000260304,0.000005271,-0.000002163,0.000002367,-0.180000002
702,2.950000,-0.000002165,0.000002364,0.020000000,1.000000000,-0.000001423,-0.000000794,-0.000000115,0.000026087,0.000015631,-0.000053130,-0.002110851,0.000248719,0.000005865,-0.000002165,0.000002364,-0.180000000
703,2.954167,-0.000002167,0.000002364,0.020000000,1.000000000,-0.000001456,-0.000000831,-0.000000105,0.000025934,0.000016039,-0.000053004,-0.002122299,0.000240904,0.000005449,-0.000002167,0.000002364,-0.180000000
704,2.958333,-0.000002165,0.000002366,0.020000000,1.000000000,-0.000001360,-0.000000536,-0.000000072,0.000026758,0.000015734,-0.000053267,-0.002117150,0.000265879,0.000005060,-0.000002165,0.000002366,-0.180000000
705,2.962500,-0.000002165,0.000002366,0.019999998,0.999999940,-0.000001470,-0.000000791,-0.000000110,0.000026278,0.000015858,-0.000053093,-0.002114153,0.000255413,0.000005327,-0.000002165,0.000002366,-0.180000002
706,2.966667,-0.000002161,0.000002365,0.020000003,0.999999940,-0.000001386,-0.000000479,-0.000000076,0.000027029,0.000015212,-0.000053302,-0.002114151,0.000263177,0.000005389,-0.000002161,0.000002365,-0.179999997
707,2.970833,-0.000002157,0.000002364,0.020000003,0.999999940,-0.000001351,-0.000000410,-0.000000077,0.000027014,0.000015278,-0.000053268,-0.002107532,0.000270292,0.000005287,-0.000002157,0.000002364,-0.179999997
708,2.975000,-0.000002158,0.000002365,0.020000003,1.000000000,-0.000001482,-0.000000641,-0.000000114,0.000026133,0.000015996,-0.000053232,-0.002107262,0.000265462,0.000005471,-0.000002158,0.000002365,-0.179999997
709,2.979167,-0.000002161,0.000002365,0.020000000,1.000000000,-0.000001488,-0.000000710,-0.000000104,0.000026006,0.000016020,-0.000053142,-0.002112324,0.000255504,0.000005501,-0.000002161,0.000002365,-0.180000000
710,2.983333,-0.000002164,0.000002365,0.019999998,1.000000000,-0.000001473,-0.000000799,-0.000000117,0.000025640,0.000016210,-0.000053100,-0.002114855,0.000247406,0.000005691,-0.000002164,0.000002365,-0.180000002
711,2.987500,-0.000002165,0.000002366,0.020000000,1.000000000,-0.000001516,-0.000000831,-0.000000107,0.000026081,0.000016083,-0.000053164,-0.002121106,0.000250903,0.000005376,-0.000002165,0.000002366,-0.180000000
712,2.991667,-0.000002162,0.000002367,0.020000000,1.000000000,-0.000001426,-0.000000530,-0.000000075,0.000026976,0.000015548,-0.000053416,-0.002110812,0.000276638,0.000005156,-0.000002162,0.000002367,-0.180000000
713,2.995833,-0.000002164,0.000002365,0.020000000,1.000000000,-0.000001353,-0.000000695,-0.000000111,0.000026015,0.000015741,-0.000053056,-0.002110613,0.000248145,0.000005751,-0.000002164,0.000002365,-0.180000000
714,3.000000,-0.000002164,0.000002364,0.020000000,1.000000000,-0.000001386,-0.000000739,-0.000000125,0.000026442,0.000015672,-0.000053211,-0.002107497,0.000264345,0.000005450,-0.000002164,0.000002364,-0.180000000
715,3.004167,-0.000002162,0.000002366,0.020000000,1.000000000,-0.000001444,-0.000000553,-0.000000067,0.000026679,0.000015763,-0.000053283,-0.002111214,0.000270859,0.000005120,-0.000002162,0.000002366,-0.180000000
716,3.008333,-0.000002161,0.000002366,0.020000000,1.000000000,-0.000001390,-0.000000503,-0.000000079,0.000026435,0.000015758,-0.000053184,-0.002114782,0.000258464,0.000005353,-0.000002161,0.000002366,-0.180000000
717,3.012500,-0.000002164,0.000002366,0.020000000,1.000000000,-0.000001330,-0.000000656,-0.000000092,0.000025789,0.000016049,-0.000053028,-0.002116116,0.000244156,0.000005635,-0.000002164,0.000002366,-0.180000000
718,3.016667,-0.000002163,0.000002367,0.020000000,1.000000000,-0.000001388,-0.000000686,-0.000000107,0.000026731,0.000015682,-0.000053274,-0.002109531,0.000271619,0.000005148,-0.000002163,0.000002367,-0.180000000
719,3.020833,-0.000002164,0.000002364,0.020000000,1.000000000,-0.000001405,-0.000000742,-0.000000108,0.000026265,0.000015588,-0.000053118,-0.002109563,0.000253225,0.000005680,-0.000002164,0.000002364,-0.180000000
720,3.025000,-0.000002163,0.000002366,0.019999998,1.000000000,-0.000001438,-0.000000582,-0.000000085,0.000026454,0.000015884,-0.000053146,-0.002116558,0.000259541,0.000005131,-0.000002163,0.000002366,-0.180000002
721,3.029167,-0.000002163,0.000002367,0.019999998,1.000000000,-0.000001423,-0.000000693,-0.000000112,0.000026262,0.000015912,-0.000053234,-0.002112539,0.000261406,0.000005421,-0.000002163,0.000002367,-0.180000002
722,3.033333,-0.000002163,0.000002365,0.019999998,1.000000000,-0.000001452,-0.000000740,-0.000000102,0.000026474,0.000015591,-0.000053324,-0.002102120,0.000271123,0.000005608,-0.000002163,0.000002365,-0.180000002
723,3.037500,-0.000002163,0.000002364,0.020000000,1.000000000,-0.000001489,-0.000000773,-0.000000116,0.000026355,0.000015645,-0.000053188,-0.002112793,0.000255479,0.000005579,-0.000002163,0.000002364,-0.180000000
724,3.041667,-0.000002164,0.000002366,0.019999998,1.000000000,-0.000001385,-0.000000690,-0.000000108,0.000026095,0.000016124,-0.000053177,-0.002115440,0.000258283,0.000005309,-0.000002164,0.000002366,-0.180000002
725,3.045833,-0.000002164,0.000002365,0.020000000,1.000000000,-0.000001401,-0.000000757,-0.000000098,0.000026333,0.000015710,-0.000053076,-0.002117737,0.000249004,0.000005419,-0.000002164,0.000002365,-0.180000000
726,3.050000,-0.000002164,0.000002365,0.019999998,1.000000000,-0.000001456,-0.000000776,-0.000000113,0.000026539,0.000015662,-0.000053152,-0.002112283,0.000260373,0.000005292,-0.000002164,0.000002365,-0.180000002
727,3.054167,-0.000002163,0.000002366,0.020000000,1.000000000,-0.000001475,-0.000000633,-0.000000067,0.000026390,0.000015873,-0.000053222,-0.002118268,0.000257749,0.000005303,-0.000002163,0.000002366,-0.180000000
728,3.058333,-0.000002162,0.000002365,0.020000001,1.000000000,-0.000001437,-0.000000555,-0.000000068,0.000026489,0.000015583,-0.000053227,-0.002112539,0.000258552,0.000005535,-0.000002162,0.000002365,-0.179999999
729,3.062500,-0.000002160,0.000002364,0.020000000,1.000000000,-0.000001382,-0.000000502,-0.000000069,0.000026683,0.000015500,-0.000053202,-0.002110214,0.000263177,0.000005364,-0.000002160,0.000002364,-0.180000000
730,3.066667,-0.000002162,0.000002364,0.020000000,1.000000000,-0.000001321,-0.000000662,-0.000000106,0.000025881,0.000016030,-0.000052977,-0.002120977,0.000239966,0.000005508,-0.000002162,0.000002364,-0.180000000
731,3.070833,-0.000002161,0.000002366,0.019999998,1.000000000,-0.000001397,-0.000000670,-0.000000109,0.000026451,0.000015979,-0.000053118,-0.002117896,0.000259945,0.000004992,-0.000002161,0.000002366,-0.180000002
732,3.075000,-0.000002164,0.000002366,0.019999998,1.000000000,-0.000001422,-0.000000719,-0.000000109,0.000025868,0.000016023,-0.000053128,-0.002111811,0.000252190,0.000005656,-0.000002164,0.000002366,-0.180000002
733,3.079167,-0.000002161,0.000002367,0.020000000,1.000000000,-0.000001468,-0.000000548,-0.000000063,0.000026849,0.000015572,-0.000053271,-0.002114003,0.000267281,0.000005139,-0.000002161,0.000002367,-0.180000000
734,3.083333,-0.000002165,0.000002365,0.020000000,1.000000000,-0.000001386,-0.000000719,-0.000000098,0.000025616,0.000016043,-0.000053002,-0.002115077,0.000239909,0.000005833,-0.000002165,0.000002365,-0.180000000
735,3.087500,-0.000002163,0.000002365,0.020000000,1.000000000,-0.000001424,-0.000000553,-0.000000064,0.000026699,0.000015634,-0.000053129,-0.002118086,0.000257501,0.000005115,-0.000002163,0.000002365,-0.180000000
736,3.091667,-0.000002164,0.000002363,0.019999998,1.000000000,-0.000001353,-0.000000512,-0.000000076,0.000026284,0.000015678,-0.000053035,-0.002115716,0.000247939,0.000005485,-0.000002164,0.000002363,-0.180000002
737,3.095833,-0.000002163,0.000002365,0.020000001,0.999999940,-0.000001476,-0.000000763,-0.000000090,0.000026356,0.000015924,-0.000053101,-0.002122567,0.000250986,0.000005175,-0.000002163,0.000002365,-0.179999999
738,3.100000,-0.000002160,0.000002364,0.020000000,0.999999940,-0.000001377,-0.000000465,-0.000000068,0.000026879,0.000015392,-0.000053268,-0.002110170,0.000267100,0.000005314,-0.000002160,0.000002364,-0.180000000
739,3.104167,-0.000002157,0.000002364,0.020000003,0.999999940,-0.000001329,-0.000000412,-0.000000081,0.000026782,0.000015416,-0.000053197,-0.002114890,0.000258745,0.000005354,-0.000002157,0.000002364,-0.179999997
740,3.108333,-0.000002159,0.000002365,0.020000003,1.000000000,-0.000001460,-0.000000642,-0.000000105,0.000025884,0.000016153,-0.000053011,-0.002117689,0.000247307,0.000005378,-0.000002159,0.000002365,-0.179999997
741,3.112500,-0.000002163,0.000002364,0.019999998,1.000000000,-0.000001443,-0.000000727,-0.000000106,0.000025606,0.000016199,-0.000052877,-0.002122030,0.000233738,0.000005530,-0.000002163,0.000002364,-0.180000002
742,3.116667,-0.000002162,0.000002364,0.020000000,1.000000000,-0.000001462,-0.000000582,-0.000000071,0.000026486,0.000015772,-0.000053243,-0.002117177,0.000259196,0.000005327,-0.000002162,0.000002364,-0.180000000
743,3.120833,-0.000002162,0.000002366,0.020000000,1.000000000,-0.000001406,-0.000000534,-0.000000071,0.000026206,0.000016025,-0.000053250,-0.002115244,0.000260558,0.000005378,-0.000002162,0.000002366,-0.180000000
744,3.125000,-0.000002164,0.000002366,0.020000000,1.000000000,-0.000001337,-0.000000699,-0.000000109,0.000025952,0.000015978,-0.000053067,-0.002115907,0.000247665,0.000005562,-0.000002164,0.000002366,-0.180000000
745,3.129167,-0.000002165,0.000002365,0.020000000,1.000000000,-0.000001380,-0.000000733,-0.000000110,0.000026435,0.000015670,-0.000053218,-0.002107596,0.000264138,0.000005465,-0.000002165,0.000002365,-0.180000000
746,3.133333,-0.000002163,0.000002364,0.019999998,1.000000000,-0.000001410,-0.000000572,-0.000000064,0.000026751,0.000015459,-0.000053190,-0.002109324,0.000264547,0.000005304,-0.000002163,0.000002364,-0.180000002
747,3.137500,-0.000002163,0.000002366,0.019999998,1.000000000,-0.000001397,-0.000000685,-0.000000102,0.000026230,0.000015998,-0.000053224,-0.002113938,0.000261160,0.000005353,-0.000002163,0.000002366,-0.180000002
748,3.141667,-0.000002165,0.000002365,0.019999998,1.000000000,-0.000001422,-0.000000736,-0.000000115,0.000026027,0.000015956,-0.000053162,-0.002111577,0.000255685,0.000005579,-0.000002165,0.000002365,-0.180000002
749,3.145833,-0.000002162,0.000002364,0.020000000,1.000000000,-0.000001442,-0.000000589,-0.000000069,0.000026952,0.000015297,-0.000053389,-0.002104948,0.000274692,0.000005446,-0.000002162,0.000002364,-0.180000000
750,3.150000,-0.000002163,0.000002365,0.020000000,1.000000000,-0.000001411,-0.000000718,-0.000000107,0.000026025,0.000016068,-0.000053094,-0.002118278,0.000250178,0.000005397,-0.000002163,0.000002365,-0.180000000
751,3.154167,-0.000002163,0.000002366,0.019999998,1.000000000,-0.000001468,-0.000000735,-0.000000098,0.000026334,0.000015869,-0.000053124,-0.002115701,0.000256346,0.000005267,-0.000002163,0.000002366,-0.180000002
752,3.158333,-0.000002162,0.000002366,0.020000000,1.000000000,-0.000001486,-0.000000592,-0.000000063,0.000026635,0.000015587,-0.000053264,-0.002113790,0.000262096,0.000005382,-0.000002162,0.000002366,-0.180000000
753,3.162500,-0.000002163,0.000002364,0.019999998,1.000000000,-0.000001391,-0.000000577,-0.000000076,0.000026133,0.000015792,-0.000053119,-0.002113591,0.000251085,0.000005617,-0.000002163,0.000002364,-0.180000002
754,3.166667,-0.000002163,0.000002365,0.019999998,1.000000000,-0.000001380,-0.000000681,-0.000000114,0.000026290,0.000015875,-0.000053139,-0.002116036,0.000255370,0.000005342,-0.000002163,0.000002365,-0.180000002
755,3.170833,-0.000002164,0.000002366,0.019999998,1.000000000,-0.000001415,-0.000000730,-0.000000104,0.000026102,0.000016048,-0.000053094,-0.002118265,0.000251722,0.000005314,-0.000002164,0.000002366,-0.180000002
756,3.175000,-0.000002161,0.000002367,0.020000000,1.000000000,-0.000001461,-0.000000559,-0.000000058,0.000026839,0.000015563,-0.000053270,-0.002113661,0.000267064,0.000005160,-0.000002161,0.000002367,-0.180000000
757,3.179167,-0.000002163,0.000002364,0.020000000,1.000000000,-0.000001403,-0.000000702,-0.000000106,0.000025983,0.000015770,-0.000053082,-0.002112011,0.000247323,0.000005789,-0.000002163,0.000002364,-0.180000000
758,3.183333,-0.000002165,0.000002366,0.019999998,1.000000000,-0.000001437,-0.000000749,-0.000000120,0.000025906,0.000016276,-0.000053031,-0.002121187,0.000248165,0.000005226,-0.000002165,0.000002366,-0.180000002
759,3.187500,-0.000002165,0.000002365,0.019999998,1.000000000,-0.000001468,-0.000000789,-0.000000111,0.000026364,0.000015633,-0.000053097,-0.002116910,0.000249146,0.000005492,-0.000002165,0.000002365,-0.180000002
760,3.191667,-0.000002165,0.000002364,0.019999998,1.000000000,-0.000001506,-0.000000823,-0.000000113,0.000026302,0.000015790,-0.000053160,-0.002114981,0.000255023,0.000005442,-0.000002165,0.000002364,-0.180000002
761,3.195833,-0.000002161,0.000002368,0.019999998,1.000000000,-0.000001418,-0.000000527,-0.000000070,0.000027072,0.000015650,-0.000053446,-0.002113650,0.000279663,0.000004950,-0.000002161,0.000002368,-0.180000002
762,3.200000,-0.000002165,0.000002366,0.020000000,0.999999940,-0.000001500,-0.000000797,-0.000000104,0.000025681,0.000015921,-0.000053110,-0.002108799,0.000247216,0.000005998,-0.000002165,0.000002366,-0.180000000
763,3.204167,-0.000002160,0.000002366,0.020000001,0.999999940,-0.000001278,-0.000000364,-0.000000072,0.000027226,0.000015328,-0.000053481,-0.002108393,0.000281373,0.000005174,-0.000002160,0.000002366,-0.179999999
764,3.208333,-0.000002160,0.000002365,0.020000003,1.000000000,-0.000001386,-0.000000626,-0.000000107,0.000026311,0.000015661,-0.000052994,-0.002113990,0.000248926,0.000005426,-0.000002160,0.000002365,-0.179999997
765,3.212500,-0.000002165,0.000002364,0.019999998,1.000000000,-0.000001365,-0.000000721,-0.000000095,0.000025507,0.000016263,-0.000052873,-0.002116282,0.000238478,0.000005556,-0.000002165,0.000002364,-0.180000002
766,3.216667,-0.000002162,0.000002365,0.019999998,1.000000000,-0.000001419,-0.000000539,-0.000000061,0.000026899,0.000015559,-0.000053260,-0.002113604,0.000268392,0.000005083,-0.000002162,0.000002365,-0.180000002
767,3.220833,-0.000002164,0.000002365,0.020000000,0.999999940,-0.000001504,-0.000000816,-0.000000097,0.000025941,0.000015959,-0.000053179,-0.002111607,0.000253842,0.000005708,-0.000002164,0.000002365,-0.180000000
768,3.225000,-0.000002159,0.000002364,0.020000001,0.999999940,-0.000001297,-0.000000365,-0.000000077,0.000027332,0.000015194,-0.000053335,-0.002115054,0.000270517,0.000005071,-0.000002159,0.000002364,-0.179999999
769,3.229167,-0.000002160,0.000002365,0.020000005,1.000000000,-0.000001394,-0.000000639,-0.000000113,0.000026072,0.000015904,-0.000053079,-0.002114370,0.000250678,0.000005517,-0.000002160,0.000002365,-0.179999995
770,3.233333,-0.000002160,0.000002364,0.020000000,1.000000000,-0.000001423,-0.000000685,-0.000000116,0.000026400,0.000015779,-0.000053078,-0.002112596,0.000257691,0.000005242,-0.000002160,0.000002364,-0.180000000
771,3.237500,-0.000002163,0.000002364,0.020000000,1.000000000,-0.000001418,-0.000000766,-0.000000106,0.000025811,0.000016088,-0.000053133,-0.002113277,0.000251104,0.000005657,-0.000002163,0.000002364,-0.180000000
772,3.241667,-0.000002164,0.000002366,0.020000001,1.000000000,-0.000001492,-0.000000768,-0.000000096,0.000026080,0.000016160,-0.000053122,-0.002121487,0.000251478,0.000005239,-0.000002164,0.000002366,-0.179999999
773,3.245833,-0.000002163,0.000002366,0.019999998,1.000000000,-0.000001353,-0.000000516,-0.000000062,0.000026538,0.000015723,-0.000053268,-0.002110069,0.000266960,0.000005331,-0.000002163,0.000002366,-0.180000002
774,3.250000,-0.000002164,0.000002366,0.020000001,0.999999940,-0.000001471,-0.000000761,-0.000000121,0.000026089,0.000015883,-0.000053030,-0.002119583,0.000244184,0.000005484,-0.000002164,0.000002366,-0.179999999
775,3.254167,-0.000002160,0.000002366,0.020000000,0.999999940,-0.000001373,-0.000000469,-0.000000066,0.000027209,0.000015306,-0.000053345,-0.002110789,0.000274725,0.000005082,-0.000002160,0.000002366,-0.180000000
776,3.258333,-0.000002158,0.000002366,0.020000001,1.000000000,-0.000001530,-0.000000671,-0.000000116,0.000026663,0.000015508,-0.000053205,-0.002110213,0.000262934,0.000005387,-0.000002158,0.000002366,-0.179999999
777,3.262500,-0.000002164,0.000002363,0.020000000,1.000000000,-0.000001327,-0.000000672,-0.000000104,0.000025130,0.000016269,-0.000052916,-0.002117221,0.000228857,0.000006063,-0.000002164,0.000002363,-0.180000000
778,3.266667,-0.000002163,0.000002366,0.019999998,1.000000000,-0.000001408,-0.000000678,-0.000000096,0.000026696,0.000015920,-0.000053246,-0.002113849,0.000271915,0.000004878,-0.000002163,0.000002366,-0.180000002
779,3.270833,-0.000002164,0.000002366,0.019999998,1.000000000,-0.000001438,-0.000000724,-0.000000109,0.000026239,0.000015776,-0.000053282,-0.002104499,0.000266478,0.000005645,-0.000002164,0.000002366,-0.180000002
780,3.275000,-0.000002161,0.000002365,0.020000000,1.000000000,-0.000001465,-0.000000573,-0.000000075,0.000026869,0.000015458,-0.000053285,-0.002111924,0.000267213,0.000005265,-0.000002161,0.000002365,-0.180000000
781,3.279167,-0.000002164,0.000002363,0.020000000,1.000000000,-0.000001387,-0.000000735,-0.000000111,0.000025802,0.000015866,-0.000053065,-0.002113295,0.000243381,0.000005875,-0.000002164,0.000002363,-0.180000000
782,3.283333,-0.000002161,0.000002365,0.020000000,1.000000000,-0.000001446,-0.000000551,-0.000000066,0.000026853,0.000015709,-0.000053323,-0.002111529,0.000274680,0.000005015,-0.000002161,0.000002365,-0.180000000
783,3.287500,-0.000002162,0.000002364,0.020000000,1.000000000,-0.000001401,-0.000000687,-0.000000115,0.000026120,0.000015849,-0.000053106,-0.002114292,0.000251239,0.000005552,-0.000002162,0.000002364,-0.180000000
784,3.291667,-0.000002163,0.000002367,0.020000001,1.000000000,-0.000001429,-0.000000747,-0.000000106,0.000026047,0.000016166,-0.000053114,-0.002121179,0.000250874,0.000005266,-0.000002163,0.000002367,-0.179999999
785,3.295833,-0.000002164,0.000002365,0.020000000,1.000000000,-0.000001486,-0.000000755,-0.000000108,0.000026460,0.000015596,-0.000053214,-0.002106022,0.000264363,0.000005514,-0.000002164,0.000002365,-0.180000000
786,3.300000,-0.000002164,0.000002364,0.020000000,1.000000000,-0.000001481,-0.000000632,-0.000000073,0.000026317,0.000015765,-0.000053174,-0.002114784,0.000255330,0.000005470,-0.000002164,0.000002364,-0.180000000
787,3.304167,-0.000002161,0.000002365,0.020000001,1.000000000,-0.000001446,-0.000000561,-0.000000075,0.000026746,0.000015618,-0.000053295,-0.002115231,0.000265068,0.000005251,-0.000002161,0.000002365,-0.179999999
788,3.308333,-0.000002163,0.000002365,0.019999998,1.000000000,-0.000001411,-0.000000686,-0.000000089,0.000025919,0.000016085,-0.000053018,-0.002116682,0.000247673,0.000005423,-0.000002163,0.000002365,-0.180000002
789,3.312500,-0.000002164,0.000002365,0.019999998,1.000000000,-0.000001441,-0.000000731,-0.000000102,0.000026269,0.000015802,-0.000053290,-0.002105529,0.000267101,0.000005583,-0.000002164,0.000002365,-0.180000002
790,3.316667,-0.000002161,0.000002365,0.020000000,1.000000000,-0.000001467,-0.000000580,-0.000000068,0.000026868,0.000015456,-0.000053286,-0.002111918,0.000267189,0.000005271,-0.000002161,0.000002365,-0.180000000
791,3.320833,-0.000002164,0.000002364,0.020000000,1.000000000,-0.000001413,-0.000000723,-0.000000105,0.000025744,0.000016061,-0.000053043,-0.002116650,0.000243073,0.000005698,-0.000002164,0.000002364,-0.180000000
792,3.325000,-0.000002161,0.000002367,0.020000001,1.000000000,-0.000001461,-0.000000553,-0.000000059,0.000026764,0.000015792,-0.000053269,-0.002118344,0.000266405,0.000004984,-0.000002161,0.000002367,-0.179999999
793,3.329167,-0.000002163,0.000002366,0.019999998,1.000000000,-0.000001428,-0.000000672,-0.000000109,0.000026168,0.000015827,-0.000053145,-0.002108298,0.000258839,0.000005544,-0.000002163,0.000002366,-0.180000002
794,3.333333,-0.000002163,0.000002364,0.019999998,1.000000000,-0.000001437,-0.000000739,-0.000000100,0.000026448,0.000015619,-0.000053339,-0.002103107,0.000270552,0.000005624,-0.000002163,0.000002364,-0.180000002
795,3.337500,-0.000002164,0.000002366,0.019999998,1.000000000,-0.000001477,-0.000000777,-0.000000114,0.000026069,0.000016070,-0.000053114,-0.002119191,0.000250937,0.000005358,-0.000002164,0.000002366,-0.180000002
796,3.341667,-0.000002164,0.000002364,0.019999998,1.000000000,-0.000001492,-0.000000835,-0.000000106,0.000026354,0.000015681,-0.000053186,-0.002113510,0.000255671,0.000005530,-0.000002164,0.000002364,-0.180000002
797,3.345833,-0.000002163,0.000002366,0.019999998,1.000000000,-0.000001383,-0.000000549,-0.000000083,0.000026379,0.000015866,-0.000053131,-0.002122388,0.000250914,0.000005241,-0.000002163,0.000002366,-0.180000002
798,3.350000,-0.000002163,0.000002363,0.020000000,1.000000000,-0.000001347,-0.000000675,-0.000000109,0.000026405,0.000015522,-0.000053181,-0.002109947,0.000256272,0.000005657,-0.000002163,0.000002363,-0.180000000
799,3.354167,-0.000002163,0.000002364,0.019999998,1.000000000,-0.000001394,-0.000000708,-0.000000112,0.000026370,0.000015862,-0.000053193,-0.002110697,0.000263806,0.000005296,-0.000002163,0.000002364,-0.180000002
800,3.358333,-0.000002166,0.000002366,0.020000000,1.000000000,-0.000001430,-0.000000753,-0.000000112,0.000025726,0.000016305,-0.000053046,-0.002121968,0.000243782,0.000005430,-0.000002166,0.000002366,-0.180000000
801,3.362500,-0.000002164,0.000002364,0.019999998,1.000000000,-0.000001429,-0.000000626,-0.000000066,0.000026751,0.000015379,-0.000053147,-0.002113344,0.000257339,0.000005364,-0.000002164,0.000002364,-0.180000002
802,3.366667,-0.000002165,0.000002365,0.019999998,1.000000000,-0.000001398,-0.000000754,-0.000000105,0.000026032,0.000016074,-0.000053095,-0.002118565,0.000250299,0.000005385,-0.000002165,0.000002365,-0.180000002
803,3.370833,-0.000002164,0.000002364,0.019999998,1.000000000,-0.000001450,-0.000000776,-0.000000119,0.000026516,0.000015624,-0.000053109,-0.002117069,0.000252961,0.000005332,-0.000002164,0.000002364,-0.180000002
804,3.375000,-0.000002164,0.000002366,0.020000000,1.000000000,-0.000001469,-0.000000633,-0.000000073,0.000026392,0.000015874,-0.000053221,-0.002118230,0.000257778,0.000005298,-0.000002164,0.000002366,-0.180000000
805,3.379167,-0.000002160,0.000002365,0.020000000,1.000000000,-0.000001447,-0.000000545,-0.000000075,0.000027035,0.000015336,-0.000053402,-0.002105945,0.000277179,0.000005324,-0.000002160,0.000002365,-0.180000000
806,3.383333,-0.000002163,0.000002365,0.020000000,1.000000000,-0.000001384,-0.000000701,-0.000000100,0.000025745,0.000016092,-0.000053118,-0.002112538,0.000249791,0.000005725,-0.000002163,0.000002365,-0.180000000
807,3.387500,-0.000002165,0.000002364,0.020000001,1.000000000,-0.000001405,-0.000000756,-0.000000112,0.000026021,0.000015945,-0.000053090,-0.002116134,0.000248912,0.000005534,-0.000002165,0.000002364,-0.179999999
808,3.391667,-0.000002165,0.000002367,0.019999998,1.000000000,-0.000001464,-0.000000775,-0.000000104,0.000026254,0.000016102,-0.000053094,-0.002119598,0.000255723,0.000005063,-0.000002165,0.000002367,-0.180000002
809,3.395833,-0.000002164,0.000002365,0.020000000,1.000000000,-0.000001501,-0.000000810,-0.000000095,0.000026575,0.000015444,-0.000053240,-0.002110254,0.000259758,0.000005594,-0.000002164,0.000002365,-0.180000000
810,3.400000,-0.000002162,0.000002366,0.020000000,1.000000000,-0.000001392,-0.000000530,-0.000000074,0.000026714,0.000015676,-0.000053197,-0.002120475,0.000258209,0.000005124,-0.000002162,0.000002366,-0.180000000
811,3.404167,-0.000002165,0.000002364,0.020000000,1.000000000,-0.000001330,-0.000000679,-0.000000109,0.000025650,0.000016024,-0.000052988,-0.002114384,0.000240638,0.000005796,-0.000002165,0.000002364,-0.180000000
812,3.408333,-0.000002165,0.000002366,0.020000000,1.000000000,-0.000001380,-0.000000717,-0.000000099,0.000026268,0.000016025,-0.000053033,-0.002123057,0.000249173,0.000005081,-0.000002165,0.000002366,-0.180000000
813,3.412500,-0.000002162,0.000002366,0.020000000,1.000000000,-0.000001418,-0.000000555,-0.000000054,0.000027038,0.000015334,-0.000053196,-0.002113837,0.000264426,0.000005117,-0.000002162,0.000002366,-0.180000000
814,3.416667,-0.000002161,0.000002364,0.019999998,1.000000000,-0.000001363,-0.000000500,-0.000000066,0.000026471,0.000015596,-0.000053153,-0.002110618,0.000258627,0.000005465,-0.000002161,0.000002364,-0.180000002
815,3.420833,-0.000002163,0.000002366,0.020000000,0.999999940,-0.000001478,-0.000000751,-0.000000102,0.000025849,0.000016244,-0.000053061,-0.002120940,0.000246722,0.000005372,-0.000002163,0.000002366,-0.180000000
816,3.425000,-0.000002159,0.000002365,0.020000003,0.999999940,-0.000001394,-0.000000439,-0.000000068,0.000027049,0.000015236,-0.000053290,-0.002114487,0.000263662,0.000005320,-0.000002159,0.000002365,-0.179999997
817,3.429167,-0.000002160,0.000002363,0.020000001,0.999999940,-0.000001315,-0.000000615,-0.000000106,0.000026116,0.000015752,-0.000052971,-0.002115093,0.000244519,0.000005534,-0.000002160,0.000002363,-0.179999999
818,3.433333,-0.000002159,0.000002364,0.020000003,0.999999940,-0.000001373,-0.000000643,-0.000000108,0.000026549,0.000015749,-0.000053252,-0.002110114,0.000267458,0.000005269,-0.000002159,0.000002364,-0.179999997
819,3.437500,-0.000002159,0.000002364,0.020000003,0.999999940,-0.000001435,-0.000000654,-0.000000111,0.000026306,0.000015804,-0.000053041,-0.002118600,0.000249062,0.000005306,-0.000002159,0.000002364,-0.179999997
820,3.441667,-0.000002160,0.000002364,0.020000003,0.999999940,-0.000001469,-0.000000697,-0.000000102,0.000026248,0.000015857,-0.000053078,-0.002120702,0.000247699,0.000005355,-0.000002160,0.000002364,-0.179999997
821,3.445833,-0.000002161,0.000002365,0.020000003,0.999999940,-0.000001360,-0.000000616,-0.000000105,0.000026114,0.000015969,-0.000053132,-0.002117740,0.000251346,0.000005435,-0.000002161,0.000002365,-0.179999997
822,3.450000,-0.000002160,0.000002363,0.020000001,0.999999940,-0.000001386,-0.000000666,-0.000000096,0.000026618,0.000015464,-0.000053151,-0.002108364,0.000261199,0.000005420,-0.000002160,0.000002363,-0.179999999
823,3.454167,-0.000002159,0.000002365,0.020000001,0.999999940,-0.000001452,-0.000000681,-0.000000111,0.000026368,0.000015948,-0.000053062,-0.002122176,0.000251387,0.000005089,-0.000002159,0.000002365,-0.179999999
824,3.458333,-0.000002160,0.000002363,0.020000003,0.999999940,-0.000001492,-0.000000707,-0.000000101,0.000026240,0.000015671,-0.000053237,-0.002107938,0.000259208,0.000005723,-0.000002160,0.000002363,-0.179999997
825,3.462500,-0.000002159,0.000002364,0.020000001,0.999999940,-0.000001361,-0.000000450,-0.000000056,0.000026400,0.000015928,-0.000053172,-0.002118134,0.000258350,0.000005171,-0.000002159,0.000002364,-0.179999999
826,3.466667,-0.000002160,0.000002366,0.020000003,1.000000000,-0.000001475,-0.000000702,-0.000000116,0.000026046,0.000016055,-0.000053104,-0.002118416,0.000250527,0.000005405,-0.000002160,0.000002366,-0.179999997
827,3.470833,-0.000002165,0.000002365,0.019999998,1.000000000,-0.000001309,-0.000000672,-0.000000105,0.000025451,0.000016269,-0.000052842,-0.002122327,0.000230414,0.000005599,-0.000002165,0.000002365,-0.180000002
828,3.475000,-0.000002165,0.000002364,0.019999998,0.999999940,-0.000001508,-0.000000815,-0.000000106,0.000026375,0.000015762,-0.000052949,-0.002122265,0.000243874,0.000005184,-0.000002165,0.000002364,-0.180000002
829,3.479167,-0.000002159,0.000002367,0.020000001,0.999999940,-0.000001323,-0.000000346,-0.000000086,0.000027445,0.000015336,-0.000053553,-0.002110420,0.000286960,0.000004976,-0.000002159,0.000002367,-0.179999999
830,3.483333,-0.000002160,0.000002363,0.020000003,1.000000000,-0.000001387,-0.000000646,-0.000000098,0.000026206,0.000015467,-0.000052997,-0.002109924,0.000245253,0.000005783,-0.000002160,0.000002363,-0.179999997
831,3.487500,-0.000002162,0.000002365,0.020000000,1.000000000,-0.000001415,-0.000000697,-0.000000112,0.000025882,0.000016259,-0.000052922,-0.002124416,0.000241152,0.000005170,-0.000002162,0.000002365,-0.180000000
832,3.491667,-0.000002165,0.000002365,0.019999998,1.000000000,-0.000001420,-0.000000768,-0.000000113,0.000025758,0.000016153,-0.000052937,-0.002122698,0.000237262,0.000005460,-0.000002165,0.000002365,-0.180000002
833,3.495833,-0.000002164,0.000002365,0.020000000,1.000000000,-0.000001484,-0.000000779,-0.000000104,0.000026561,0.000015684,-0.000053300,-0.002110245,0.000267102,0.000005380,-0.000002164,0.000002365,-0.180000000
834,3.500000,-0.000002165,0.000002364,0.020000000,1.000000000,-0.000001352,-0.000000723,-0.000000119,0.000026121,0.000015871,-0.000053135,-0.002115754,0.000251047,0.000005547,-0.000002165,0.000002364,-0.180000000
835,3.504167,-0.000002162,0.000002365,0.020000000,1.000000000,-0.000001406,-0.000000541,-0.000000061,0.000026840,0.000015580,-0.000053242,-0.002113281,0.000267249,0.000005108,-0.000002162,0.000002365,-0.180000000
836,3.508333,-0.000002164,0.000002365,0.020000000,1.000000000,-0.000001337,-0.000000708,-0.000000098,0.000025931,0.000015962,-0.000053054,-0.002114955,0.000247315,0.000005593,-0.000002164,0.000002365,-0.180000000
837,3.512500,-0.000002164,0.000002367,0.020000000,1.000000000,-0.000001397,-0.000000734,-0.000000112,0.000026296,0.000016081,-0.000053193,-0.002115160,0.000263097,0.000005132,-0.000002164,0.000002367,-0.180000000
838,3.516667,-0.000002163,0.000002365,0.019999998,1.000000000,-0.000001426,-0.000000573,-0.000000078,0.000026816,0.000015330,-0.000053205,-0.002107195,0.000265370,0.000005393,-0.000002163,0.000002365,-0.180000002
839,3.520833,-0.000002163,0.000002365,0.019999998,1.000000000,-0.000001408,-0.000000683,-0.000000116,0.000026317,0.000015781,-0.000053225,-0.002109544,0.000262159,0.000005497,-0.000002163,0.000002365,-0.180000002
840,3.525000,-0.000002164,0.000002366,0.019999998,1.000000000,-0.000001436,-0.000000738,-0.000000106,0.000026154,0.000015973,-0.000053191,-0.002112803,0.000258917,0.000005431,-0.000002164,0.000002366,-0.180000002
841,3.529167,-0.000002162,0.000002366,0.020000000,1.000000000,-0.000001462,-0.000000584,-0.000000083,0.000026679,0.000015569,-0.000053250,-0.002113182,0.000263081,0.000005334,-0.000002162,0.000002366,-0.180000000
842,3.533333,-0.000002162,0.000002364,0.019999998,1.000000000,-0.000001389,-0.000000547,-0.000000084,0.000026303,0.000015701,-0.000053144,-0.002112515,0.000254869,0.000005535,-0.000002162,0.000002364,-0.180000002
843,3.537500,-0.000002165,0.000002366,0.020000000,1.000000000,-0.000001334,-0.000000702,-0.000000097,0.000025700,0.000016255,-0.000053047,-0.002120810,0.000242967,0.000005524,-0.000002165,0.000002366,-0.180000000
844,3.541667,-0.000002165,0.000002366,0.020000000,1.000000000,-0.000001386,-0.000000730,-0.000000110,0.000026366,0.000015839,-0.000053128,-0.002115259,0.000256944,0.000005271,-0.000002165,0.000002366,-0.180000000
845,3.545833,-0.000002163,0.000002365,0.020000000,1.000000000,-0.000001424,-0.000000563,-0.000000064,0.000026695,0.000015520,-0.000053119,-0.002115256,0.000257021,0.000005240,-0.000002163,0.000002365,-0.180000000
846,3.550000,-0.000002163,0.000002364,0.019999998,1.000000000,-0.000001353,-0.000000523,-0.000000075,0.000026286,0.000015680,-0.000053032,-0.002115680,0.000247990,0.000005478,-0.000002163,0.000002364,-0.180000002
847,3.554167,-0.000002164,0.000002366,0.020000001,0.999999940,-0.000001475,-0.000000772,-0.000000101,0.000026164,0.000016036,-0.000053061,-0.002123636,0.000246844,0.000005240,-0.000002164,0.000002366,-0.179999999
848,3.558333,-0.000002158,0.000002364,0.020000003,0.999999940,-0.000001400,-0.000000453,-0.000000080,0.000027444,0.000015017,-0.000053518,-0.002103069,0.000285203,0.000005313,-0.000002158,0.000002364,-0.179999997
849,3.562500,-0.000002158,0.000002364,0.020000003,0.999999940,-0.000001343,-0.000000611,-0.000000107,0.000026261,0.000015749,-0.000053124,-0.002112624,0.000254422,0.000005510,-0.000002158,0.000002364,-0.179999997
850,3.566667,-0.000002159,0.000002364,0.020000003,0.999999940,-0.000001390,-0.000000642,-0.000000097,0.000026376,0.000015774,-0.000053219,-0.002109607,0.000263375,0.000005418,-0.000002159,0.000002364,-0.179999997
851,3.570833,-0.000002158,0.000002364,0.020000003,0.999999940,-0.000001453,-0.000000655,-0.000000112,0.000026463,0.000015735,-0.000053075,-0.002118294,0.000252430,0.000005231,-0.000002158,0.000002364,-0.179999997
852,3.575000,-0.000002158,0.000002365,0.020000001,0.999999940,-0.000001362,-0.000000555,-0.000000104,0.000026361,0.000015841,-0.000053306,-0.002106678,0.000269718,0.000005437,-0.000002158,0.000002365,-0.179999999
853,3.579167,-0.000002158,0.000002365,0.020000003,0.999999940,-0.000001380,-0.000000623,-0.000000106,0.000026284,0.000015809,-0.000053067,-0.002119384,0.000248438,0.000005358,-0.000002158,0.000002365,-0.179999997
854,3.583333,-0.000002160,0.000002365,0.020000001,0.999999940,-0.000001406,-0.000000672,-0.000000119,0.000025941,0.000016035,-0.000052952,-0.002120812,0.000241255,0.000005395,-0.000002160,0.000002365,-0.179999999
855,3.587500,-0.000002159,0.000002366,0.020000001,0.999999940,-0.000001471,-0.000000686,-0.000000099,0.000026456,0.000015837,-0.000053086,-0.002120764,0.000252786,0.000005126,-0.000002159,0.000002366,-0.179999999
856,3.591667,-0.000002160,0.000002364,0.020000003,0.999999940,-0.000001487,-0.000000739,-0.000000112,0.000026114,0.000015703,-0.000052986,-0.002121649,0.000237028,0.000005620,-0.000002160,0.000002364,-0.179999997
857,3.595833,-0.000002159,0.000002364,0.020000001,0.999999940,-0.000001371,-0.000000460,-0.000000067,0.000026366,0.000015868,-0.000053018,-0.002126183,0.000244177,0.000005145,-0.000002159,0.000002364,-0.179999999
858,3.600000,-0.000002161,0.000002366,0.020000003,1.000000000,-0.000001484,-0.000000710,-0.000000115,0.000025898,0.000016131,-0.000053071,-0.002118957,0.000247233,0.000005457,-0.000002161,0.000002366,-0.179999997
859,3.604167,-0.000002166,0.000002365,0.020000000,1.000000000,-0.000001472,-0.000000790,-0.000000103,0.000025475,0.000016288,-0.000052945,-0.002118966,0.000237340,0.000005646,-0.000002166,0.000002365,-0.180000000
860,3.608333,-0.000002165,0.000002364,0.019999998,1.000000000,-0.000001472,-0.000000662,-0.000000069,0.000026481,0.000015716,-0.000053104,-0.002118922,0.000252516,0.000005258,-0.000002165,0.000002364,-0.180000002
861,3.612500,-0.000002164,0.000002366,0.019999998,1.000000000,-0.000001446,-0.000000576,-0.000000069,0.000026373,0.000015902,-0.000053197,-0.002118078,0.000257568,0.000005273,-0.000002164,0.000002366,-0.180000002
862,3.616667,-0.000002163,0.000002367,0.019999998,1.000000000,-0.000001393,-0.000000527,-0.000000070,0.000026383,0.000015894,-0.000053183,-0.002117567,0.000257816,0.000005255,-0.000002163,0.000002367,-0.180000002
863,3.620833,-0.000002166,0.000002363,0.020000000,0.999999940,-0.000001457,-0.000000812,-0.000000105,0.000025862,0.000015664,-0.000052891,-0.002118000,0.000230813,0.000005880,-0.000002166,0.000002363,-0.180000000
864,3.625000,-0.000002158,0.000002364,0.020000003,0.999999940,-0.000001273,-0.000000344,-0.000000086,0.000027821,0.000015003,-0.000053454,-0.002114625,0.000281523,0.000004822,-0.000002158,0.000002364,-0.179999997
865,3.629167,-0.000002159,0.000002363,0.020000003,1.000000000,-0.000001351,-0.000000637,-0.000000099,0.000026079,0.000015779,-0.000052962,-0.002115131,0.000244061,0.000005539,-0.000002159,0.000002363,-0.179999997
866,3.633333,-0.000002162,0.000002363,0.019999998,1.000000000,-0.000001394,-0.000000662,-0.000000111,0.000025861,0.000016196,-0.000053038,-0.002113118,0.000253052,0.000005368,-0.000002162,0.000002363,-0.180000002
867,3.637500,-0.000002163,0.000002365,0.020000000,1.000000000,-0.000001428,-0.000000715,-0.000000113,0.000026059,0.000016105,-0.000053052,-0.002125015,0.000244317,0.000005274,-0.000002163,0.000002365,-0.180000000
868,3.641667,-0.000002165,0.000002363,0.020000000,1.000000000,-0.000001432,-0.000000781,-0.000000102,0.000026083,0.000015776,-0.000053195,-0.002108915,0.000255855,0.000005751,-0.000002165,0.000002363,-0.180000000
869,3.645833,-0.000002166,0.000002366,0.020000000,1.000000000,-0.000001491,-0.000000803,-0.000000116,0.000025998,0.000016246,-0.000053022,-0.002126971,0.000243701,0.000005150,-0.000002166,0.000002366,-0.180000000
870,3.650000,-0.000002162,0.000002367,0.019999998,1.000000000,-0.000001388,-0.000000516,-0.000000073,0.000027003,0.000015555,-0.000053387,-0.002110271,0.000277372,0.000005081,-0.000002162,0.000002367,-0.180000002
871,3.654167,-0.000002164,0.000002364,0.020000000,0.999999940,-0.000001473,-0.000000783,-0.000000107,0.000026063,0.000015599,-0.000053085,-0.002108550,0.000248514,0.000005890,-0.000002164,0.000002364,-0.180000000
872,3.658333,-0.000002161,0.000002364,0.020000003,0.999999940,-0.000001242,-0.000000360,-0.000000075,0.000026959,0.000015455,-0.000053270,-0.002118237,0.000262815,0.000005155,-0.000002161,0.000002364,-0.179999997
873,3.662500,-0.000002161,0.000002366,0.020000001,1.000000000,-0.000001363,-0.000000614,-0.000000111,0.000026212,0.000016004,-0.000052949,-0.002119740,0.000248446,0.000005098,-0.000002161,0.000002366,-0.179999999
874,3.666667,-0.000002164,0.000002366,0.020000000,1.000000000,-0.000001362,-0.000000693,-0.000000099,0.000025693,0.000016156,-0.000053055,-0.002112533,0.000248614,0.000005635,-0.000002164,0.000002366,-0.180000000
875,3.670833,-0.000002164,0.000002365,0.019999998,1.000000000,-0.000001407,-0.000000726,-0.000000114,0.000026630,0.000015588,-0.000053247,-0.002106983,0.000268434,0.000005356,-0.000002164,0.000002365,-0.180000002
876,3.675000,-0.000002161,0.000002366,0.020000000,1.000000000,-0.000001325,-0.000000419,-0.000000068,0.000026841,0.000015565,-0.000053358,-0.002109276,0.000273686,0.000005240,-0.000002161,0.000002366,-0.180000000
877,3.679167,-0.000002165,0.000002366,0.020000000,0.999999940,-0.000001387,-0.000000721,-0.000000114,0.000025523,0.000016178,-0.000052776,-0.002124848,0.000225780,0.000005576,-0.000002165,0.000002366,-0.180000000
878,3.683333,-0.000002158,0.000002366,0.020000000,0.999999940,-0.000001344,-0.000000375,-0.000000070,0.000027774,0.000015003,-0.000053450,-0.002107953,0.000286884,0.000004854,-0.000002158,0.000002366,-0.180000000
879,3.687500,-0.000002161,0.000002364,0.020000003,1.000000000,-0.000001407,-0.000000676,-0.000000103,0.000025593,0.000015972,-0.000052994,-0.002113055,0.000239287,0.000005939,-0.000002161,0.000002364,-0.179999997
880,3.691667,-0.000002164,0.000002366,0.020000000,1.000000000,-0.000001435,-0.000000724,-0.000000105,0.000025752,0.000016348,-0.000052903,-0.002125873,0.000238186,0.000005204,-0.000002164,0.000002366,-0.180000000
881,3.695833,-0.000002161,0.000002366,0.020000000,1.000000000,-0.000001462,-0.000000573,-0.000000071,0.000026882,0.000015467,-0.000053300,-0.002112740,0.000267368,0.000005256,-0.000002161,0.000002366,-0.180000000
882,3.700000,-0.000002164,0.000002365,0.020000000,1.000000000,-0.000001407,-0.000000715,-0.000000107,0.000025743,0.000016060,-0.000053045,-0.002116630,0.000243095,0.000005702,-0.000002164,0.000002365,-0.180000000
883,3.704167,-0.000002164,0.000002365,0.020000000,1.000000000,-0.000001436,-0.000000767,-0.000000098,0.000026379,0.000015796,-0.000053248,-0.002110980,0.000263341,0.000005418,-0.000002164,0.000002365,-0.180000000
884,3.708333,-0.000002164,0.000002366,0.019999998,1.000000000,-0.000001474,-0.000000599,-0.000000063,0.000026528,0.000015785,-0.000053241,-0.002110578,0.000267222,0.000005245,-0.000002164,0.000002366,-0.180000002
885,3.712500,-0.000002163,0.000002365,0.020000000,1.000000000,-0.000001391,-0.000000578,-0.000000064,0.000026462,0.000015592,-0.000053222,-0.002112485,0.000258020,0.000005552,-0.000002163,0.000002365,-0.180000000
886,3.716667,-0.000002164,0.000002362,0.020000000,1.000000000,-0.000001352,-0.000000701,-0.000000101,0.000026220,0.000015649,-0.000053109,-0.002110479,0.000252511,0.000005662,-0.000002164,0.000002362,-0.180000000
887,3.720833,-0.000002164,0.000002365,0.020000000,1.000000000,-0.000001393,-0.000000750,-0.000000116,0.000026257,0.000016097,-0.000053202,-0.002115603,0.000262239,0.000005170,-0.000002164,0.000002365,-0.180000000
888,3.725000,-0.000002163,0.000002365,0.020000000,1.000000000,-0.000001475,-0.000000740,-0.000000107,0.000026579,0.000015658,-0.000053255,-0.002108469,0.000267638,0.000005340,-0.000002163,0.000002365,-0.180000000
889,3.729167,-0.000002163,0.000002365,0.019999998,1.000000000,-0.000001367,-0.000000658,-0.000000111,0.000026325,0.000015824,-0.000053214,-0.002110358,0.000262446,0.000005417,-0.000002163,0.000002365,-0.180000002
890,3.733333,-0.000002164,0.000002365,0.020000000,1.000000000,-0.000001400,-0.000000707,-0.000000112,0.000026333,0.000015742,-0.000053153,-0.002113800,0.000255631,0.000005452,-0.000002164,0.000002365,-0.180000000
891,3.737500,-0.000002165,0.000002364,0.020000001,1.000000000,-0.000001421,-0.000000764,-0.000000114,0.000026191,0.000015817,-0.000053119,-0.002114245,0.000252585,0.000005501,-0.000002165,0.000002364,-0.179999999
892,3.741667,-0.000002164,0.000002367,0.020000001,1.000000000,-0.000001467,-0.000000591,-0.000000068,0.000026414,0.000015980,-0.000053163,-0.002118999,0.000258956,0.000005081,-0.000002164,0.000002367,-0.179999999
893,3.745833,-0.000002163,0.000002365,0.019999998,1.000000000,-0.000001395,-0.000000553,-0.000000069,0.000026490,0.000015586,-0.000053061,-0.002114806,0.000252481,0.000005365,-0.000002163,0.000002365,-0.180000002
894,3.750000,-0.000002161,0.000002363,0.019999998,1.000000000,-0.000001354,-0.000000484,-0.000000069,0.000026758,0.000015387,-0.000053309,-0.002104189,0.000270785,0.000005506,-0.000002161,0.000002363,-0.180000002
895,3.754167,-0.000002163,0.000002365,0.019999998,0.999999940,-0.000001467,-0.000000736,-0.000000106,0.000025846,0.000016251,-0.000053031,-0.002120243,0.000246814,0.000005337,-0.000002163,0.000002365,-0.180000002
896,3.758333,-0.000002160,0.000002364,0.020000001,0.999999940,-0.000001388,-0.000000420,-0.000000071,0.000027068,0.000015250,-0.000053391,-0.002110885,0.000270541,0.000005376,-0.000002160,0.000002364,-0.179999999
897,3.762500,-0.000002160,0.000002365,0.020000003,1.000000000,-0.000001481,-0.000000696,-0.000000109,0.000026211,0.000015863,-0.000053143,-0.002115429,0.000253742,0.000005461,-0.000002160,0.000002365,-0.179999997
898,3.766667,-0.000002164,0.000002365,0.020000000,1.000000000,-0.000001485,-0.000000758,-0.000000109,0.000025471,0.000016317,-0.000053023,-0.002114853,0.000243961,0.000005690,-0.000002164,0.000002365,-0.180000000
899,3.770833,-0.000002164,0.000002366,0.019999998,1.000000000,-0.000001506,-0.000000609,-0.000000075,0.000026529,0.000015833,-0.000053276,-0.002112722,0.000267142,0.000005221,-0.000002164,0.000002366,-0.180000002
900,3.775000,-0.000002164,0.000002365,0.020000000,1.000000000,-0.000001412,-0.000000601,-0.000000064,0.000026224,0.000015750,-0.000053133,-0.002119750,0.000246552,0.000005579,-0.000002164,0.000002365,-0.180000000
