step,sim_time_s,px_m,py_m,pz_m,qw,qx,qy,qz,vx_mps,vy_mps,vz_mps,wx_radps,wy_radps,wz_radps,local_x_m,local_y_m,local_z_m
1,0.029167,0.000000000,0.000000000,0.615231276,1.000000000,0.000000000,0.000000000,0.000000000,0.000000000,0.000000000,-0.286125004,0.000000000,0.000000000,0.000000000,0.000000000,0.000000000,0.415231276
2,0.033333,0.000000000,0.000000000,0.613868773,1.000000000,0.000000000,0.000000000,0.000000000,0.000000000,0.000000000,-0.327000022,0.000000000,0.000000000,0.000000000,0.000000000,0.000000000,0.413868773
3,0.037500,0.000000000,0.000000000,0.612335980,1.000000000,0.000000000,0.000000000,0.000000000,0.000000000,0.000000000,-0.367875040,0.000000000,0.000000000,0.000000000,0.000000000,0.000000000,0.412335980
4,0.041667,0.000000000,0.000000000,0.610632837,1.000000000,0.000000000,0.000000000,0.000000000,0.000000000,0.000000000,-0.408750057,0.000000000,0.000000000,0.000000000,0.000000000,0.000000000,0.410632837
5,0.045833,0.000000000,0.000000000,0.608759403,1.000000000,0.000000000,0.000000000,0.000000000,0.000000000,0.000000000,-0.449625075,0.000000000,0.000000000,0.000000000,0.000000000,0.000000000,0.408759403
6,0.050000,0.000000000,0.000000000,0.606715679,1.000000000,0.000000000,0.000000000,0.000000000,0.000000000,0.000000000,-0.490500093,0.000000000,0.000000000,0.000000000,0.000000000,0.000000000,0.406715679
7,0.054167,0.000000000,0.000000000,0.604501605,1.000000000,0.000000000,0.000000000,0.000000000,0.000000000,0.000000000,-0.531375110,0.000000000,0.000000000,0.000000000,0.000000000,0.000000000,0.404501605
8,0.058333,0.000000000,0.000000000,0.602117240,1.000000000,0.000000000,0.000000000,0.000000000,0.000000000,0.000000000,-0.572250128,0.000000000,0.000000000,0.000000000,0.000000000,0.000000000,0.402117240
9,0.062500,0.000000000,0.000000000,0.599562526,1.000000000,0.000000000,0.000000000,0.000000000,0.000000000,0.000000000,-0.613125145,0.000000000,0.000000000,0.000000000,0.000000000,0.000000000,0.399562526
10,0.066667,0.000000000,0.000000000,0.596837521,1.000000000,0.000000000,0.000000000,0.000000000,0.000000000,0.000000000,-0.654000163,0.000000000,0.000000000,0.000000000,0.000000000,0.000000000,0.396837521
11,0.070833,0.000000000,0.000000000,0.593942225,1.000000000,0.000000000,0.000000000,0.000000000,0.000000000,0.000000000,-0.694875181,0.000000000,0.000000000,0.000000000,0.000000000,0.000000000,0.393942225
12,0.075000,0.000000000,0.000000000,0.590876579,1.000000000,0.000000000,0.000000000,0.000000000,0.000000000,0.000000000,-0.735750198,0.000000000,0.000000000,0.000000000,0.000000000,0.000000000,0.390876579
13,0.079167,0.000000000,0.000000000,0.587640643,1.000000000,0.000000000,0.000000000,0.000000000,0.000000000,0.000000000,-0.776625216,0.000000000,0.000000000,0.000000000,0.000000000,0.000000000,0.387640643
14,0.083333,0.000000000,0.000000000,0.584234416,1.000000000,0.000000000,0.000000000,0.000000000,0.000000000,0.000000000,-0.817500234,0.000000000,0.000000000,0.000000000,0.000000000,0.000000000,0.384234416
15,0.087500,0.000000000,0.000000000,0.580657840,1.000000000,0.000000000,0.000000000,0.000000000,0.000000000,0.000000000,-0.858375251,0.000000000,0.000000000,0.000000000,0.000000000,0.000000000,0.380657840
16,0.091667,0.000000000,0.000000000,0.576910973,1.000000000,0.000000000,0.000000000,0.000000000,0.000000000,0.000000000,-0.899250269,0.000000000,0.000000000,0.000000000,0.000000000,0.000000000,0.376910973
17,0.095833,0.000000000,0.000000000,0.572993755,1.000000000,0.000000000,0.000000000,0.000000000,0.000000000,0.000000000,-0.940125287,0.000000000,0.000000000,0.000000000,0.000000000,0.000000000,0.372993755
18,0.100000,0.000000000,0.000000000,0.568906248,1.000000000,0.000000000,0.000000000,0.000000000,0.000000000,0.000000000,-0.981000304,0.000000000,0.000000000,0.000000000,0.000000000,0.000000000,0.368906248
19,0.104167,0.000000000,0.000000000,0.564648449,1.000000000,0.000000000,0.000000000,0.000000000,0.000000000,0.000000000,-1.021875262,0.000000000,0.000000000,0.000000000,0.000000000,0.000000000,0.364648449
20,0.108333,0.000000000,0.000000000,0.560220301,1.000000000,0.000000000,0.000000000,0.000000000,0.000000000,0.000000000,-1.062750220,0.000000000,0.000000000,0.000000000,0.000000000,0.000000000,0.360220301
21,0.112500,0.000000000,0.000000000,0.555621862,1.000000000,0.000000000,0.000000000,0.000000000,0.000000000,0.000000000,-1.103625178,0.000000000,0.000000000,0.000000000,0.000000000,0.000000000,0.355621862
22,0.116667,0.000000000,0.000000000,0.550853133,1.000000000,0.000000000,0.000000000,0.000000000,0.000000000,0.000000000,-1.144500136,0.000000000,0.000000000,0.000000000,0.000000000,0.000000000,0.350853133
23,0.120833,0.000000000,0.000000000,0.545914054,1.000000000,0.000000000,0.000000000,0.000000000,0.000000000,0.000000000,-1.185375094,0.000000000,0.000000000,0.000000000,0.000000000,0.000000000,0.345914054
24,0.125000,0.000000000,0.000000000,0.540804684,1.000000000,0.000000000,0.000000000,0.000000000,0.000000000,0.000000000,-1.226250052,0.000000000,0.000000000,0.000000000,0.000000000,0.000000000,0.340804684
25,0.129167,0.000000000,0.000000000,0.535525024,1.000000000,0.000000000,0.000000000,0.000000000,0.000000000,0.000000000,-1.267125010,0.000000000,0.000000000,0.000000000,0.000000000,0.000000000,0.335525024
26,0.133333,0.000000000,0.000000000,0.530075014,1.000000000,0.000000000,0.000000000,0.000000000,0.000000000,0.000000000,-1.307999969,0.000000000,0.000000000,0.000000000,0.000000000,0.000000000,0.330075014
27,0.137500,0.000000000,0.000000000,0.524454713,1.000000000,0.000000000,0.000000000,0.000000000,0.000000000,0.000000000,-1.348874927,0.000000000,0.000000000,0.000000000,0.000000000,0.000000000,0.324454713
28,0.141667,0.000000000,0.000000000,0.518664062,1.000000000,0.000000000,0.000000000,0.000000000,0.000000000,0.000000000,-1.389749885,0.000000000,0.000000000,0.000000000,0.000000000,0.000000000,0.318664062
29,0.145833,0.000000000,0.000000000,0.512703121,1.000000000,0.000000000,0.000000000,0.000000000,0.000000000,0.000000000,-1.430624843,0.000000000,0.000000000,0.000000000,0.000000000,0.000000000,0.312703121
30,0.150000,0.000000000,0.000000000,0.506571889,1.000000000,0.000000000,0.000000000,0.000000000,0.000000000,0.000000000,-1.471499801,0.000000000,0.000000000,0.000000000,0.000000000,0.000000000,0.306571889
31,0.154167,0.000000000,0.000000000,0.500270307,1.000000000,0.000000000,0.000000000,0.000000000,0.000000000,0.000000000,-1.512374759,0.000000000,0.000000000,0.000000000,0.000000000,0.000000000,0.300270307
32,0.158333,0.000000000,0.000000000,0.493798435,1.000000000,0.000000000,0.000000000,0.000000000,0.000000000,0.000000000,-1.553249717,0.000000000,0.000000000,0.000000000,0.000000000,0.000000000,0.293798435
33,0.162500,0.000000000,0.000000000,0.487156242,1.000000000,0.000000000,0.000000000,0.000000000,0.000000000,0.000000000,-1.594124675,0.000000000,0.000000000,0.000000000,0.000000000,0.000000000,0.287156242
34,0.166667,0.000000000,0.000000000,0.480343729,1.000000000,0.000000000,0.000000000,0.000000000,0.000000000,0.000000000,-1.634999633,0.000000000,0.000000000,0.000000000,0.000000000,0.000000000,0.280343729
35,0.170833,0.000000000,0.000000000,0.473360926,1.000000000,0.000000000,0.000000000,0.000000000,0.000000000,0.000000000,-1.675874591,0.000000000,0.000000000,0.000000000,0.000000000,0.000000000,0.273360926
36,0.175000,0.000000000,0.000000000,0.466207802,1.000000000,0.000000000,0.000000000,0.000000000,0.000000000,0.000000000,-1.716749549,0.000000000,0.000000000,0.000000000,0.000000000,0.000000000,0.266207802
37,0.179167,0.000000000,0.000000000,0.458884358,1.000000000,0.000000000,0.000000000,0.000000000,0.000000000,0.000000000,-1.757624507,0.000000000,0.000000000,0.000000000,0.000000000,0.000000000,0.258884358
38,0.183333,0.000000000,0.000000000,0.451390624,1.000000000,0.000000000,0.000000000,0.000000000,0.000000000,0.000000000,-1.798499465,0.000000000,0.000000000,0.000000000,0.000000000,0.000000000,0.251390624
39,0.187500,0.000000000,0.000000000,0.443726569,1.000000000,0.000000000,0.000000000,0.000000000,0.000000000,0.000000000,-1.839374423,0.000000000,0.000000000,0.000000000,0.000000000,0.000000000,0.243726569
40,0.191667,0.000000000,0.000000000,0.435892195,1.000000000,0.000000000,0.000000000,0.000000000,0.000000000,0.000000000,-1.880249381,0.000000000,0.000000000,0.000000000,0.000000000,0.000000000,0.235892195
41,0.195833,0.000000000,0.000000000,0.427887499,1.000000000,0.000000000,0.000000000,0.000000000,0.000000000,0.000000000,-1.921124339,0.000000000,0.000000000,0.000000000,0.000000000,0.000000000,0.227887499
42,0.200000,0.000000000,0.000000000,0.419712514,1.000000000,0.000000000,0.000000000,0.000000000,0.000000000,0.000000000,-1.961999297,0.000000000,0.000000000,0.000000000,0.000000000,0.000000000,0.219712514
43,0.204167,0.000000000,0.000000000,0.411367208,1.000000000,0.000000000,0.000000000,0.000000000,0.000000000,0.000000000,-2.002874374,0.000000000,0.000000000,0.000000000,0.000000000,0.000000000,0.211367208
44,0.208333,0.000000000,0.000000000,0.402851582,1.000000000,0.000000000,0.000000000,0.000000000,0.000000000,0.000000000,-2.043749332,0.000000000,0.000000000,0.000000000,0.000000000,0.000000000,0.202851582
45,0.212500,0.000000000,0.000000000,0.394165635,1.000000000,0.000000000,0.000000000,0.000000000,0.000000000,0.000000000,-2.084624290,0.000000000,0.000000000,0.000000000,0.000000000,0.000000000,0.194165635
46,0.216667,0.000000000,0.000000000,0.385309398,1.000000000,0.000000000,0.000000000,0.000000000,0.000000000,0.000000000,-2.125499249,0.000000000,0.000000000,0.000000000,0.000000000,0.000000000,0.185309398
47,0.220833,0.000000000,0.000000000,0.376282841,1.000000000,0.000000000,0.000000000,0.000000000,0.000000000,0.000000000,-2.166374207,0.000000000,0.000000000,0.000000000,0.000000000,0.000000000,0.176282841
48,0.225000,0.000000000,0.000000000,0.367085963,1.000000000,0.000000000,0.000000000,0.000000000,0.000000000,0.000000000,-2.207249165,0.000000000,0.000000000,0.000000000,0.000000000,0.000000000,0.167085963
49,0.229167,0.000000000,0.000000000,0.357718766,1.000000000,0.000000000,0.000000000,0.000000000,0.000000000,0.000000000,-2.248124123,0.000000000,0.000000000,0.000000000,0.000000000,0.000000000,0.157718766
50,0.233333,0.000000000,0.000000000,0.348181278,1.000000000,0.000000000,0.000000000,0.000000000,0.000000000,0.000000000,-2.288999081,0.000000000,0.000000000,0.000000000,0.000000000,0.000000000,0.148181278
51,0.237500,0.000000000,0.000000000,0.338473469,1.000000000,0.000000000,0.000000000,0.000000000,0.000000000,0.000000000,-2.329874039,0.000000000,0.000000000,0.000000000,0.000000000,0.000000000,0.138473469
52,0.241667,0.000000000,0.000000000,0.328595340,1.000000000,0.000000000,0.000000000,0.000000000,0.000000000,0.000000000,-2.370748997,0.000000000,0.000000000,0.000000000,0.000000000,0.000000000,0.128595340
53,0.245833,0.000000000,0.000000000,0.318546921,1.000000000,0.000000000,0.000000000,0.000000000,0.000000000,0.000000000,-2.411623955,0.000000000,0.000000000,0.000000000,0.000000000,0.000000000,0.118546921
54,0.250000,0.000000000,0.000000000,0.308328182,1.000000000,0.000000000,0.000000000,0.000000000,0.000000000,0.000000000,-2.452498913,0.000000000,0.000000000,0.000000000,0.000000000,0.000000000,0.108328182
55,0.254167,0.000000000,0.000000000,0.297939122,1.000000000,0.000000000,0.000000000,0.000000000,0.000000000,0.000000000,-2.493373871,0.000000000,0.000000000,0.000000000,0.000000000,0.000000000,0.097939122
56,0.258333,0.000000000,0.000000000,0.287379742,1.000000000,0.000000000,0.000000000,0.000000000,0.000000000,0.000000000,-2.534248829,0.000000000,0.000000000,0.000000000,0.000000000,0.000000000,0.087379742
57,0.262500,0.000000000,0.000000000,0.276650071,1.000000000,0.000000000,0.000000000,0.000000000,0.000000000,0.000000000,-2.575123787,0.000000000,0.000000000,0.000000000,0.000000000,0.000000000,0.076650071
58,0.266667,0.000000000,0.000000000,0.265750080,1.000000000,0.000000000,0.000000000,0.000000000,0.000000000,0.000000000,-2.615998745,0.000000000,0.000000000,0.000000000,0.000000000,0.000000000,0.065750080
59,0.270833,0.000000000,0.000000000,0.254679769,1.000000000,0.000000000,0.000000000,0.000000000,0.000000000,0.000000000,-2.656873703,0.000000000,0.000000000,0.000000000,0.000000000,0.000000000,0.054679769
60,0.275000,0.000000000,0.000000000,0.243439153,1.000000000,0.000000000,0.000000000,0.000000000,0.000000000,0.000000000,-2.697748661,0.000000000,0.000000000,0.000000000,0.000000000,0.000000000,0.043439153
61,0.279167,0.000000000,0.000000000,0.232028216,1.000000000,0.000000000,0.000000000,0.000000000,0.000000000,0.000000000,-2.738623619,0.000000000,0.000000000,0.000000000,0.000000000,0.000000000,0.032028216
62,0.283333,0.000000000,0.000000000,0.220446974,1.000000000,0.000000000,0.000000000,0.000000000,0.000000000,0.000000000,-2.779498577,0.000000000,0.000000000,0.000000000,0.000000000,0.000000000,0.020446974
63,0.287500,0.000004940,0.000002781,0.224999502,0.999999940,-0.000168191,0.000180683,0.000001456,-0.051314153,-0.061820935,-0.003279105,1.626531720,-1.106579542,0.001657486,0.000004940,0.000002781,0.024999502
64,0.291667,-0.000150866,-0.000183519,0.224999994,0.999999940,0.000000229,-0.000000227,0.000003633,-0.037249643,-0.044806022,-0.000003557,-0.000174744,-0.000016777,0.000599786,-0.000150866,-0.000183519,0.024999994
65,0.295833,-0.000252322,-0.000305667,0.224999994,1.000000000,0.000000575,0.000000455,0.000004123,-0.024186186,-0.029086400,-0.000000205,-0.000015958,-0.000007170,0.000323561,-0.000252322,-0.000305667,0.024999994
66,0.300000,-0.000300347,-0.000363509,0.224999994,0.999999940,0.000000319,0.000000282,0.000004783,-0.011126881,-0.013365889,-0.000000766,-0.000051235,-0.000009252,-0.000032610,-0.000300347,-0.000363509,0.024999994
67,0.304167,-0.000300072,-0.000363311,0.224999994,0.999999940,-0.000004311,0.000005128,0.000004968,-0.000523149,-0.000476487,-0.000165411,0.017414771,-0.010526021,-0.001464459,-0.000300072,-0.000363311,0.024999994
68,0.308333,-0.000300375,-0.000363576,0.224999979,0.999999940,0.000001149,0.000000094,0.000004783,-0.000199912,-0.000075146,-0.000029437,0.003829462,-0.006379983,-0.000165557,-0.000300375,-0.000363576,0.024999979
69,0.312500,-0.000300440,-0.000363594,0.224999994,0.999999940,0.000001231,-0.000000712,0.000004778,0.000024707,-0.000029954,-0.000053742,0.002483082,0.000228961,0.000008955,-0.000300440,-0.000363594,0.024999994
70,0.316667,-0.000300429,-0.000363589,0.224999994,1.000000000,0.000001310,-0.000000536,0.000004758,0.000028799,-0.000013676,-0.000054033,0.002090885,0.000310022,-0.000005763,-0.000300429,-0.000363589,0.024999994
71,0.320833,-0.000300429,-0.000363588,0.224999994,0.999999940,0.000001399,-0.000000814,0.000004782,0.000026134,-0.000015678,-0.000053151,0.002104642,0.000257852,-0.000005765,-0.000300429,-0.000363588,0.024999994
72,0.325000,-0.000300428,-0.000363589,0.224999994,0.999999940,0.000001287,-0.000000538,0.000004747,0.000026681,-0.000015592,-0.000053353,0.002109746,0.000269632,-0.000005398,-0.000300428,-0.000363589,0.024999994
73,0.329167,-0.000300428,-0.000363590,0.224999994,1.000000000,0.000001402,-0.000000796,0.000004784,0.000026275,-0.000015858,-0.000053216,0.002110762,0.000261648,-0.000005449,-0.000300428,-0.000363590,0.024999994
74,0.333333,-0.000300429,-0.000363590,0.224999994,1.000000000,0.000001443,-0.000000831,0.000004773,0.000026168,-0.000015859,-0.000053238,0.002111717,0.000258506,-0.000005596,-0.000300429,-0.000363590,0.024999994
75,0.337500,-0.000300428,-0.000363589,0.224999994,1.000000000,0.000001332,-0.000000550,0.000004750,0.000026707,-0.000015492,-0.000053367,0.002108119,0.000269667,-0.000005502,-0.000300428,-0.000363589,0.024999994
76,0.341667,-0.000300430,-0.000363592,0.224999994,0.999999940,0.000001431,-0.000000826,0.000004786,0.000025831,-0.000016269,-0.000053155,0.002117241,0.000252912,-0.000005456,-0.000300430,-0.000363592,0.024999994
77,0.345833,-0.000300428,-0.000363589,0.224999994,0.999999940,0.000001337,-0.000000728,0.000004778,0.000026801,-0.000015288,-0.000053371,0.002104243,0.000270797,-0.000005623,-0.000300428,-0.000363589,0.024999994
78,0.350000,-0.000300428,-0.000363589,0.224999994,0.999999940,0.000001241,-0.000000645,0.000004779,0.000026355,-0.000015728,-0.000053234,0.002108814,0.000262722,-0.000005515,-0.000300428,-0.000363589,0.024999994
79,0.354167,-0.000300429,-0.000363589,0.224999994,1.000000000,0.000001286,-0.000000686,0.000004791,0.000026421,-0.000015624,-0.000053217,0.002106356,0.000263789,-0.000005538,-0.000300429,-0.000363589,0.024999994
80,0.358333,-0.000300431,-0.000363591,0.224999994,0.999999940,0.000001472,-0.000000854,0.000004779,0.000025908,-0.000016235,-0.000053146,0.002116595,0.000254466,-0.000005378,-0.000300431,-0.000363591,0.024999994
81,0.362500,-0.000300428,-0.000363590,0.224999994,0.999999940,0.000001363,-0.000000570,0.000004756,0.000026904,-0.000015316,-0.000053421,0.002106220,0.000273391,-0.000005522,-0.000300428,-0.000363590,0.024999994
82,0.366667,-0.000300429,-0.000363589,0.224999994,1.000000000,0.000001458,-0.000000840,0.000004793,0.000026308,-0.000015677,-0.000053245,0.002107895,0.000261341,-0.000005651,-0.000300429,-0.000363589,0.024999994
83,0.370833,-0.000300430,-0.000363591,0.224999994,1.000000000,0.000001506,-0.000000869,0.000004784,0.000026061,-0.000016092,-0.000053248,0.002116651,0.000257076,-0.000005466,-0.000300430,-0.000363591,0.024999994
84,0.375000,-0.000300429,-0.000363590,0.224999994,1.000000000,0.000001362,-0.000000621,0.000004761,0.000026543,-0.000015506,-0.000053364,0.002108249,0.000265551,-0.000005684,-0.000300429,-0.000363590,0.024999994
85,0.379167,-0.000300428,-0.000363589,0.224999994,0.999999940,0.000001480,-0.000000864,0.000004787,0.000026540,-0.000015554,-0.000053296,0.002107112,0.000266253,-0.000005564,-0.000300428,-0.000363589,0.024999994
86,0.383333,-0.000300428,-0.000363591,0.224999994,0.999999940,0.000001382,-0.000000779,0.000004791,0.000026217,-0.000015997,-0.000053290,0.002115836,0.000260424,-0.000005431,-0.000300428,-0.000363591,0.024999994
87,0.387500,-0.000300429,-0.000363590,0.224999994,0.999999940,0.000001288,-0.000000686,0.000004781,0.000026377,-0.000015664,-0.000053267,0.002108732,0.000262553,-0.000005597,-0.000300429,-0.000363590,0.024999994
88,0.391667,-0.000300430,-0.000363590,0.224999994,1.000000000,0.000001337,-0.000000721,0.000004792,0.000026196,-0.000015833,-0.000053186,0.002109692,0.000259337,-0.000005538,-0.000300430,-0.000363590,0.024999994
89,0.395833,-0.000300429,-0.000363591,0.224999994,1.000000000,0.000001243,-0.000000641,0.000004795,0.000026476,-0.000015779,-0.000053279,0.002111337,0.000265768,-0.000005354,-0.000300429,-0.000363591,0.024999994
90,0.400000,-0.000300430,-0.000363590,0.224999994,0.999999940,0.000001287,-0.000000685,0.000004783,0.000026443,-0.000015596,-0.000053212,0.002105628,0.000264233,-0.000005532,-0.000300430,-0.000363590,0.024999994
91,0.404167,-0.000300428,-0.000363590,0.224999994,1.000000000,0.000001335,-0.000000727,0.000004773,0.000026752,-0.000015446,-0.000053296,0.002105128,0.000270934,-0.000005421,-0.000300428,-0.000363590,0.024999994
92,0.408333,-0.000300429,-0.000363590,0.224999994,1.000000000,0.000001238,-0.000000641,0.000004785,0.000026180,-0.000015824,-0.000053200,0.002109745,0.000258902,-0.000005583,-0.000300429,-0.000363590,0.024999994
93,0.412500,-0.000300429,-0.000363590,0.224999994,0.999999940,0.000001283,-0.000000686,0.000004786,0.000026430,-0.000015696,-0.000053216,0.002107836,0.000264367,-0.000005439,-0.000300429,-0.000363590,0.024999994
94,0.416667,-0.000300428,-0.000363589,0.224999994,1.000000000,0.000001331,-0.000000728,0.000004776,0.000026752,-0.000015445,-0.000053299,0.002105150,0.000270945,-0.000005423,-0.000300428,-0.000363589,0.024999994
95,0.420833,-0.000300429,-0.000363591,0.224999994,1.000000000,0.000001370,-0.000000777,0.000004788,0.000026091,-0.000016040,-0.000053195,0.002113986,0.000257914,-0.000005438,-0.000300429,-0.000363591,0.024999994
96,0.425000,-0.000300429,-0.000363591,0.224999994,1.000000000,0.000001278,-0.000000685,0.000004790,0.000026373,-0.000015743,-0.000053274,0.002110511,0.000262894,-0.000005518,-0.000300429,-0.000363591,0.024999994
97,0.429167,-0.000300429,-0.000363591,0.224999994,0.999999940,0.000001327,-0.000000723,0.000004791,0.000026403,-0.000015706,-0.000053231,0.002108403,0.000263723,-0.000005476,-0.000300429,-0.000363591,0.024999994
98,0.433333,-0.000300428,-0.000363590,0.224999994,1.000000000,0.000001378,-0.000000757,0.000004782,0.000026733,-0.000015461,-0.000053317,0.002106010,0.000270454,-0.000005446,-0.000300428,-0.000363590,0.024999994
99,0.437500,-0.000300429,-0.000363590,0.224999994,1.000000000,0.000001285,-0.000000664,0.000004794,0.000026161,-0.000015840,-0.000053216,0.002110580,0.000258415,-0.000005606,-0.000300429,-0.000363590,0.024999994
100,0.441667,-0.000300427,-0.000363591,0.224999994,0.999999940,0.000001337,-0.000000707,0.000004785,0.000026688,-0.000015654,-0.000053303,0.002109549,0.000270400,-0.000005261,-0.000300427,-0.000363591,0.024999994
101,0.445833,-0.000300428,-0.000363589,0.224999994,1.000000000,0.000001363,-0.000000757,0.000004785,0.000026298,-0.000015510,-0.000053219,0.002103976,0.000260026,-0.000005823,-0.000300428,-0.000363589,0.024999994
102,0.450000,-0.000300430,-0.000363591,0.224999994,1.000000000,0.000001405,-0.000000798,0.000004798,0.000026090,-0.000016072,-0.000053217,0.002115378,0.000257842,-0.000005424,-0.000300430,-0.000363591,0.024999994
103,0.454167,-0.000300429,-0.000363591,0.224999994,1.000000000,0.000001316,-0.000000705,0.000004789,0.000026514,-0.000015676,-0.000053316,0.002110405,0.000265974,-0.000005465,-0.000300429,-0.000363591,0.024999994
104,0.458333,-0.000300428,-0.000363591,0.224999994,0.999999940,0.000001367,-0.000000741,0.000004779,0.000026540,-0.000015636,-0.000053270,0.002108092,0.000266761,-0.000005432,-0.000300428,-0.000363591,0.024999994
105,0.462500,-0.000300429,-0.000363590,0.224999994,0.999999940,0.000001271,-0.000000653,0.000004792,0.000026376,-0.000015650,-0.000053248,0.002107749,0.000262671,-0.000005598,-0.000300429,-0.000363590,0.024999994
106,0.466667,-0.000300430,-0.000363590,0.224999994,1.000000000,0.000001317,-0.000000692,0.000004780,0.000026208,-0.000015826,-0.000053177,0.002109254,0.000259674,-0.000005519,-0.000300430,-0.000363590,0.024999994
107,0.470833,-0.000300429,-0.000363591,0.224999994,0.999999940,0.000001371,-0.000000729,0.000004782,0.000026525,-0.000015734,-0.000053277,0.002110397,0.000266763,-0.000005343,-0.000300429,-0.000363591,0.024999994
108,0.475000,-0.000300427,-0.000363589,0.224999994,0.999999940,0.000001251,-0.000000669,0.000004773,0.000026787,-0.000015262,-0.000053337,0.002102492,0.000270680,-0.000005636,-0.000300427,-0.000363589,0.024999994
109,0.479167,-0.000300427,-0.000363591,0.224999994,1.000000000,0.000001323,-0.000000690,0.000004786,0.000026467,-0.000015832,-0.000053228,0.002110813,0.000266208,-0.000005250,-0.000300427,-0.000363591,0.024999994
110,0.483333,-0.000300431,-0.000363591,0.224999994,0.999999940,0.000001483,-0.000000872,0.000004784,0.000025685,-0.000016095,-0.000053102,0.002112415,0.000248091,-0.000005769,-0.000300431,-0.000363591,0.024999994
111,0.487500,-0.000300428,-0.000363590,0.224999994,0.999999940,0.000001228,-0.000000472,0.000004751,0.000026881,-0.000015425,-0.000053430,0.002108795,0.000273314,-0.000005431,-0.000300428,-0.000363590,0.024999994
112,0.491667,-0.000300428,-0.000363589,0.224999994,0.999999940,0.000001484,-0.000000849,0.000004786,0.000026377,-0.000015622,-0.000053195,0.002105456,0.000262996,-0.000005579,-0.000300428,-0.000363589,0.024999994
113,0.495833,-0.000300429,-0.000363590,0.224999994,0.999999940,0.000001362,-0.000000785,0.000004789,0.000026075,-0.000016001,-0.000053265,0.002115239,0.000256843,-0.000005574,-0.000300429,-0.000363590,0.024999994
114,0.500000,-0.000300427,-0.000363591,0.224999994,0.999999940,0.000001293,-0.000000676,0.000004781,0.000026871,-0.000015485,-0.000053368,0.002108146,0.000273763,-0.000005303,-0.000300427,-0.000363591,0.024999994
115,0.504167,-0.000300427,-0.000363591,0.224999994,1.000000000,0.000001342,-0.000000714,0.000004782,0.000026369,-0.000015707,-0.000053220,0.002107955,0.000263059,-0.000005507,-0.000300427,-0.000363591,0.024999994
116,0.508333,-0.000300428,-0.000363591,0.224999994,1.000000000,0.000001245,-0.000000628,0.000004794,0.000026193,-0.000015834,-0.000053207,0.002110284,0.000259130,-0.000005563,-0.000300428,-0.000363591,0.024999994
117,0.512500,-0.000300430,-0.000363592,0.224999994,0.999999940,0.000001291,-0.000000671,0.000004794,0.000026174,-0.000015934,-0.000053170,0.002111307,0.000259406,-0.000005429,-0.000300430,-0.000363592,0.024999994
118,0.516667,-0.000300428,-0.000363589,0.224999994,1.000000000,0.000001336,-0.000000711,0.000004783,0.000026849,-0.000015234,-0.000053308,0.002101320,0.000272035,-0.000005560,-0.000300428,-0.000363589,0.024999994
119,0.520833,-0.000300429,-0.000363591,0.224999994,1.000000000,0.000001375,-0.000000760,0.000004796,0.000026089,-0.000016040,-0.000053190,0.002113812,0.000257876,-0.000005435,-0.000300429,-0.000363591,0.024999994
120,0.525000,-0.000300428,-0.000363592,0.224999994,1.000000000,0.000001418,-0.000000807,0.000004788,0.000026650,-0.000015684,-0.000053343,0.002111289,0.000269439,-0.000005316,-0.000300428,-0.000363592,0.024999994
121,0.529167,-0.000300429,-0.000363590,0.224999994,1.000000000,0.000001325,-0.000000704,0.000004801,0.000026232,-0.000015639,-0.000053243,0.002107387,0.000258904,-0.000005784,-0.000300429,-0.000363590,0.024999994
122,0.533333,-0.000300429,-0.000363591,0.224999994,1.000000000,0.000001229,-0.000000620,0.000004779,0.000026352,-0.000015766,-0.000053240,0.002109927,0.000262722,-0.000005474,-0.000300429,-0.000363591,0.024999994
123,0.537500,-0.000300428,-0.000363591,0.224999994,0.999999940,0.000001274,-0.000000668,0.000004792,0.000026573,-0.000015616,-0.000053247,0.002107098,0.000267510,-0.000005393,-0.000300428,-0.000363591,0.024999994
124,0.541667,-0.000300429,-0.000363590,0.224999994,1.000000000,0.000001321,-0.000000704,0.000004780,0.000026406,-0.000015626,-0.000053223,0.002106488,0.000263474,-0.000005556,-0.000300429,-0.000363590,0.024999994
125,0.545833,-0.000300429,-0.000363590,0.224999994,0.999999940,0.000001374,-0.000000735,0.000004781,0.000026384,-0.000015723,-0.000053245,0.002109126,0.000263333,-0.000005498,-0.000300429,-0.000363590,0.024999994
126,0.550000,-0.000300428,-0.000363589,0.224999994,0.999999940,0.000001389,-0.000000806,0.000004784,0.000026512,-0.000015595,-0.000053293,0.002107921,0.000265668,-0.000005540,-0.000300428,-0.000363589,0.024999994
127,0.554167,-0.000300429,-0.000363590,0.224999994,0.999999940,0.000001432,-0.000000843,0.000004785,0.000026119,-0.000015958,-0.000053229,0.002113342,0.000257957,-0.000005532,-0.000300429,-0.000363590,0.024999994
128,0.558333,-0.000300428,-0.000363590,0.224999994,0.999999940,0.000001322,-0.000000562,0.000004762,0.000026693,-0.000015507,-0.000053366,0.002108401,0.000269363,-0.000005502,-0.000300428,-0.000363590,0.024999994
129,0.562500,-0.000300428,-0.000363590,0.224999994,1.000000000,0.000001436,-0.000000815,0.000004787,0.000026331,-0.000015741,-0.000053227,0.002108782,0.000262339,-0.000005527,-0.000300428,-0.000363590,0.024999994
130,0.566667,-0.000300429,-0.000363591,0.224999994,1.000000000,0.000001481,-0.000000847,0.000004788,0.000026092,-0.000015993,-0.000053239,0.002114336,0.000257381,-0.000005535,-0.000300429,-0.000363591,0.024999994
131,0.570833,-0.000300429,-0.000363591,0.224999994,1.000000000,0.000001486,-0.000000718,0.000004742,0.000026465,-0.000015716,-0.000053350,0.002112079,0.000264807,-0.000005514,-0.000300429,-0.000363591,0.024999994
132,0.575000,-0.000300430,-0.000363592,0.224999994,1.000000000,0.000001466,-0.000000829,0.000004791,0.000026030,-0.000016024,-0.000053252,0.002115184,0.000256048,-0.000005600,-0.000300430,-0.000363592,0.024999994
133,0.579167,-0.000300430,-0.000363590,0.224999994,1.000000000,0.000001486,-0.000000882,0.000004793,0.000026415,-0.000015568,-0.000053312,0.002108037,0.000262746,-0.000005711,-0.000300430,-0.000363590,0.024999994
134,0.583333,-0.000300429,-0.000363591,0.224999994,1.000000000,0.000001364,-0.000000611,0.000004748,0.000026468,-0.000015704,-0.000053340,0.002111496,0.000264930,-0.000005515,-0.000300429,-0.000363591,0.024999994
135,0.587500,-0.000300429,-0.000363591,0.224999994,0.999999940,0.000001483,-0.000000859,0.000004785,0.000026484,-0.000015673,-0.000053286,0.002109165,0.000265566,-0.000005485,-0.000300429,-0.000363591,0.024999994
136,0.591667,-0.000300429,-0.000363591,0.224999994,0.999999940,0.000001530,-0.000000885,0.000004788,0.000026306,-0.000015780,-0.000053296,0.002111778,0.000261385,-0.000005581,-0.000300429,-0.000363591,0.024999994
137,0.595833,-0.000300427,-0.000363590,0.224999994,0.999999940,0.000001389,-0.000000637,0.000004766,0.000026637,-0.000015541,-0.000053396,0.002109874,0.000268075,-0.000005564,-0.000300427,-0.000363590,0.024999994
138,0.600000,-0.000300428,-0.000363590,0.224999994,0.999999940,0.000001361,-0.000000760,0.000004780,0.000026320,-0.000015684,-0.000053262,0.002108654,0.000261530,-0.000005643,-0.000300428,-0.000363590,0.024999994
139,0.604167,-0.000300428,-0.000363588,0.224999994,0.999999940,0.000001264,-0.000000667,0.000004781,0.000026441,-0.000015539,-0.000053265,0.002106090,0.000263518,-0.000005663,-0.000300428,-0.000363588,0.024999994
140,0.608333,-0.000300429,-0.000363589,0.224999994,1.000000000,0.000001312,-0.000000707,0.000004781,0.000026181,-0.000015915,-0.000053176,0.002111052,0.000259464,-0.000005447,-0.000300429,-0.000363589,0.024999994
141,0.612500,-0.000300429,-0.000363592,0.224999994,0.999999940,0.000001501,-0.000000876,0.000004794,0.000026244,-0.000016061,-0.000053234,0.002115736,0.000261675,-0.000005267,-0.000300429,-0.000363592,0.024999994
142,0.616667,-0.000300427,-0.000363590,0.224999994,0.999999940,0.000001246,-0.000000475,0.000004749,0.000026884,-0.000015315,-0.000053425,0.002106188,0.000273003,-0.000005549,-0.000300427,-0.000363590,0.024999994
143,0.620833,-0.000300430,-0.000363588,0.224999994,1.000000000,0.000001328,-0.000000755,0.000004782,0.000025890,-0.000015809,-0.000053093,0.002106181,0.000251997,-0.000005851,-0.000300430,-0.000363588,0.024999994
144,0.625000,-0.000300429,-0.000363590,0.224999994,1.000000000,0.000001259,-0.000000646,0.000004796,0.000026475,-0.000015874,-0.000053282,0.002113436,0.000266203,-0.000005248,-0.000300429,-0.000363590,0.024999994
145,0.629167,-0.000300429,-0.000363590,0.224999994,0.999999940,0.000001307,-0.000000690,0.000004786,0.000026558,-0.000015618,-0.000053259,0.002107340,0.000267232,-0.000005417,-0.000300429,-0.000363590,0.024999994
146,0.633333,-0.000300428,-0.000363590,0.224999994,1.000000000,0.000001357,-0.000000726,0.000004787,0.000026586,-0.000015523,-0.000053271,0.002105897,0.000267242,-0.000005509,-0.000300428,-0.000363590,0.024999994
147,0.637500,-0.000300429,-0.000363589,0.224999994,1.000000000,0.000001371,-0.000000792,0.000004788,0.000026181,-0.000015762,-0.000053217,0.002109059,0.000258485,-0.000005672,-0.000300429,-0.000363589,0.024999994
148,0.641667,-0.000300428,-0.000363592,0.224999994,1.000000000,0.000001438,-0.000000814,0.000004791,0.000026430,-0.000015961,-0.000053291,0.002115349,0.000265610,-0.000005212,-0.000300428,-0.000363592,0.024999994
149,0.645833,-0.000300430,-0.000363591,0.224999994,1.000000000,0.000001347,-0.000000711,0.000004792,0.000026174,-0.000015769,-0.000053246,0.002110078,0.000258126,-0.000005704,-0.000300430,-0.000363591,0.024999994
150,0.650000,-0.000300429,-0.000363591,0.224999994,1.000000000,0.000001363,-0.000000788,0.000004783,0.000026522,-0.000015669,-0.000053292,0.002109411,0.000266331,-0.000005437,-0.000300429,-0.000363591,0.024999994
151,0.654167,-0.000300428,-0.000363592,0.224999994,1.000000000,0.000001294,-0.000000675,0.000004786,0.000026506,-0.000015734,-0.000053290,0.002110663,0.000266324,-0.000005381,-0.000300428,-0.000363592,0.024999994
152,0.658333,-0.000300429,-0.000363591,0.224999994,0.999999940,0.000001340,-0.000000709,0.000004785,0.000026231,-0.000015723,-0.000053188,0.002107446,0.000259653,-0.000005622,-0.000300429,-0.000363591,0.024999994
153,0.662500,-0.000300429,-0.000363589,0.224999994,1.000000000,0.000001366,-0.000000764,0.000004787,0.000026657,-0.000015340,-0.000053296,0.002102934,0.000267892,-0.000005663,-0.000300429,-0.000363589,0.024999994
154,0.666667,-0.000300430,-0.000363591,0.224999994,1.000000000,0.000001409,-0.000000805,0.000004800,0.000026077,-0.000016061,-0.000053211,0.002114881,0.000257581,-0.000005447,-0.000300430,-0.000363591,0.024999994
155,0.670833,-0.000300428,-0.000363590,0.224999994,1.000000000,0.000001320,-0.000000710,0.000004792,0.000026721,-0.000015484,-0.000053364,0.002107916,0.000269956,-0.000005488,-0.000300428,-0.000363590,0.024999994
156,0.675000,-0.000300429,-0.000363589,0.224999994,0.999999940,0.000001370,-0.000000740,0.000004781,0.000026397,-0.000015624,-0.000053239,0.002106945,0.000263133,-0.000005588,-0.000300429,-0.000363589,0.024999994
157,0.679167,-0.000300430,-0.000363590,0.224999994,0.999999940,0.000001389,-0.000000808,0.000004782,0.000026083,-0.000015998,-0.000053214,0.002113746,0.000257282,-0.000005514,-0.000300430,-0.000363590,0.024999994
158,0.683333,-0.000300428,-0.000363590,0.224999994,0.999999940,0.000001320,-0.000000692,0.000004786,0.000026710,-0.000015566,-0.000053345,0.002109024,0.000270215,-0.000005384,-0.000300428,-0.000363590,0.024999994
159,0.687500,-0.000300429,-0.000363591,0.224999994,1.000000000,0.000001371,-0.000000727,0.000004786,0.000026326,-0.000015756,-0.000053223,0.002109079,0.000262236,-0.000005507,-0.000300429,-0.000363591,0.024999994
160,0.691667,-0.000300430,-0.000363591,0.224999994,1.000000000,0.000001388,-0.000000794,0.000004799,0.000026164,-0.000015857,-0.000053224,0.002111288,0.000258449,-0.000005593,-0.000300430,-0.000363591,0.024999994
161,0.695833,-0.000300429,-0.000363591,0.224999994,1.000000000,0.000001298,-0.000000701,0.000004790,0.000026514,-0.000015677,-0.000053312,0.002110227,0.000265991,-0.000005460,-0.000300429,-0.000363591,0.024999994
162,0.700000,-0.000300428,-0.000363591,0.224999994,0.999999940,0.000001349,-0.000000738,0.000004780,0.000026540,-0.000015635,-0.000053271,0.002108110,0.000266705,-0.000005432,-0.000300428,-0.000363591,0.024999994
163,0.704167,-0.000300429,-0.000363590,0.224999994,0.999999940,0.000001253,-0.000000650,0.000004793,0.000026376,-0.000015650,-0.000053248,0.002107734,0.000262658,-0.000005595,-0.000300429,-0.000363590,0.024999994
164,0.708333,-0.000300428,-0.000363589,0.224999994,1.000000000,0.000001298,-0.000000693,0.000004794,0.000026612,-0.000015514,-0.000053255,0.002105344,0.000267888,-0.000005471,-0.000300428,-0.000363589,0.024999994
165,0.712500,-0.000300429,-0.000363589,0.224999994,0.999999940,0.000001348,-0.000000724,0.000004782,0.000026196,-0.000015820,-0.000053193,0.002109541,0.000259345,-0.000005557,-0.000300429,-0.000363589,0.024999994
166,0.716667,-0.000300427,-0.000363589,0.224999994,0.999999940,0.000001254,-0.000000643,0.000004786,0.000026921,-0.000015363,-0.000053369,0.002105539,0.000274458,-0.000005387,-0.000300427,-0.000363589,0.024999994
167,0.720833,-0.000300428,-0.000363590,0.224999994,1.000000000,0.000001302,-0.000000684,0.000004786,0.000026163,-0.000015899,-0.000053169,0.002110374,0.000259108,-0.000005481,-0.000300428,-0.000363590,0.024999994
168,0.725000,-0.000300428,-0.000363590,0.224999994,0.999999940,0.000001353,-0.000000717,0.000004787,0.000026360,-0.000015757,-0.000053237,0.002109644,0.000262817,-0.000005476,-0.000300428,-0.000363590,0.024999994
169,0.729167,-0.000300429,-0.000363589,0.224999994,0.999999940,0.000001365,-0.000000788,0.000004788,0.000026221,-0.000015737,-0.000053219,0.002108691,0.000259275,-0.000005654,-0.000300429,-0.000363589,0.024999994
170,0.733333,-0.000300428,-0.000363591,0.224999994,0.999999940,0.000001299,-0.000000678,0.000004791,0.000026589,-0.000015811,-0.000053319,0.002113149,0.000268680,-0.000005221,-0.000300428,-0.000363591,0.024999994
171,0.737500,-0.000300428,-0.000363589,0.224999994,1.000000000,0.000001344,-0.000000714,0.000004791,0.000026466,-0.000015495,-0.000053231,0.002104187,0.000264161,-0.000005647,-0.000300428,-0.000363589,0.024999994
172,0.741667,-0.000300429,-0.000363589,0.224999994,1.000000000,0.000001359,-0.000000785,0.000004781,0.000026172,-0.000015849,-0.000053210,0.002110598,0.000258748,-0.000005571,-0.000300429,-0.000363589,0.024999994
173,0.745833,-0.000300428,-0.000363590,0.224999994,1.000000000,0.000001290,-0.000000672,0.000004783,0.000026519,-0.000015744,-0.000053296,0.002111118,0.000266630,-0.000005361,-0.000300428,-0.000363590,0.024999994
174,0.750000,-0.000300429,-0.000363590,0.224999994,0.999999940,0.000001338,-0.000000708,0.000004795,0.000026206,-0.000015812,-0.000053189,0.002109319,0.000259495,-0.000005557,-0.000300429,-0.000363590,0.024999994
175,0.754167,-0.000300429,-0.000363589,0.224999994,1.000000000,0.000001367,-0.000000763,0.000004785,0.000026593,-0.000015466,-0.000053292,0.002105425,0.000266954,-0.000005587,-0.000300429,-0.000363589,0.024999994
176,0.758333,-0.000300430,-0.000363591,0.224999994,1.000000000,0.000001409,-0.000000804,0.000004798,0.000026078,-0.000016061,-0.000053214,0.002114990,0.000257594,-0.000005450,-0.000300430,-0.000363591,0.024999994
177,0.762500,-0.000300428,-0.000363590,0.224999994,1.000000000,0.000001320,-0.000000709,0.000004790,0.000026720,-0.000015484,-0.000053364,0.002107871,0.000269951,-0.000005488,-0.000300428,-0.000363590,0.024999994
178,0.766667,-0.000300429,-0.000363589,0.224999994,0.999999940,0.000001370,-0.000000739,0.000004779,0.000026397,-0.000015624,-0.000053240,0.002106895,0.000263145,-0.000005587,-0.000300429,-0.000363589,0.024999994
179,0.770833,-0.000300430,-0.000363589,0.224999994,0.999999940,0.000001387,-0.000000806,0.000004792,0.000026146,-0.000015871,-0.000053219,0.002111373,0.000258133,-0.000005590,-0.000300430,-0.000363589,0.024999994
180,0.775000,-0.000300428,-0.000363589,0.224999994,0.999999940,0.000001316,-0.000000690,0.000004783,0.000026734,-0.000015477,-0.000053339,0.002107112,0.000270311,-0.000005450,-0.000300428,-0.000363589,0.024999994
181,0.779167,-0.000300429,-0.000363590,0.224999994,1.000000000,0.000001369,-0.000000725,0.000004796,0.000026301,-0.000015846,-0.000053222,0.002110909,0.000262045,-0.000005435,-0.000300429,-0.000363590,0.024999994
182,0.783333,-0.000300431,-0.000363589,0.224999994,1.000000000,0.000001383,-0.000000789,0.000004784,0.000026039,-0.000015842,-0.000053193,0.002110011,0.000255276,-0.000005724,-0.000300431,-0.000363589,0.024999994
183,0.787500,-0.000300430,-0.000363590,0.224999994,1.000000000,0.000001427,-0.000000830,0.000004787,0.000026494,-0.000015771,-0.000053314,0.002112203,0.000266066,-0.000005379,-0.000300430,-0.000363590,0.024999994
184,0.791667,-0.000300430,-0.000363590,0.224999994,1.000000000,0.000001470,-0.000000864,0.000004789,0.000026340,-0.000015748,-0.000053284,0.002110730,0.000262138,-0.000005562,-0.000300430,-0.000363590,0.024999994
185,0.795833,-0.000300429,-0.000363590,0.224999994,1.000000000,0.000001518,-0.000000893,0.000004805,0.000026477,-0.000015696,-0.000053333,0.002111221,0.000265079,-0.000005511,-0.000300429,-0.000363590,0.024999994
186,0.800000,-0.000300428,-0.000363591,0.224999994,1.000000000,0.000001398,-0.000000621,0.000004748,0.000026606,-0.000015633,-0.000053384,0.002111321,0.000267884,-0.000005474,-0.000300428,-0.000363591,0.024999994
187,0.804167,-0.000300429,-0.000363591,0.224999994,0.999999940,0.000001497,-0.000000885,0.000004784,0.000026108,-0.000015877,-0.000053227,0.002111465,0.000257399,-0.000005649,-0.000300429,-0.000363591,0.024999994
188,0.808333,-0.000300427,-0.000363590,0.224999994,0.999999940,0.000001374,-0.000000615,0.000004762,0.000026675,-0.000015524,-0.000053383,0.002109220,0.000268921,-0.000005522,-0.000300427,-0.000363590,0.024999994
189,0.812500,-0.000300427,-0.000363589,0.224999994,1.000000000,0.000001492,-0.000000859,0.000004788,0.000026518,-0.000015564,-0.000053292,0.002107111,0.000265811,-0.000005575,-0.000300427,-0.000363589,0.024999994
190,0.816667,-0.000300431,-0.000363589,0.224999994,1.000000000,0.000001368,-0.000000786,0.000004788,0.000025579,-0.000016190,-0.000053149,0.002115724,0.000245643,-0.000005844,-0.000300431,-0.000363589,0.024999994
191,0.820833,-0.000300428,-0.000363591,0.224999994,1.000000000,0.000001273,-0.000000496,0.000004754,0.000026880,-0.000015575,-0.000053380,0.002110437,0.000274388,-0.000005202,-0.000300428,-0.000363591,0.024999994
192,0.825000,-0.000300430,-0.000363590,0.224999994,0.999999940,0.000001361,-0.000000776,0.000004788,0.000026019,-0.000015813,-0.000053146,0.002107790,0.000255131,-0.000005745,-0.000300430,-0.000363590,0.024999994
193,0.829167,-0.000300429,-0.000363588,0.224999994,0.999999940,0.000001265,-0.000000687,0.000004791,0.000026792,-0.000015362,-0.000053343,0.002104928,0.000271124,-0.000005520,-0.000300429,-0.000363588,0.024999994
194,0.833333,-0.000300428,-0.000363589,0.224999994,1.000000000,0.000001337,-0.000000704,0.000004792,0.000026521,-0.000015712,-0.000053244,0.002108838,0.000266893,-0.000005340,-0.000300428,-0.000363589,0.024999994
195,0.837500,-0.000300429,-0.000363591,0.224999994,1.000000000,0.000001356,-0.000000777,0.000004782,0.000026079,-0.000016059,-0.000053212,0.002114846,0.000257628,-0.000005445,-0.000300429,-0.000363591,0.024999994
196,0.841667,-0.000300427,-0.000363591,0.224999994,1.000000000,0.000001286,-0.000000665,0.000004785,0.000026695,-0.000015580,-0.000053333,0.002108947,0.000269985,-0.000005375,-0.000300427,-0.000363591,0.024999994
197,0.845833,-0.000300429,-0.000363589,0.224999994,0.999999940,0.000001330,-0.000000699,0.000004796,0.000026289,-0.000015592,-0.000053187,0.002104815,0.000260374,-0.000005710,-0.000300429,-0.000363589,0.024999994
198,0.850000,-0.000300429,-0.000363588,0.224999994,1.000000000,0.000001358,-0.000000753,0.000004773,0.000026443,-0.000015541,-0.000053255,0.002105797,0.000263704,-0.000005642,-0.000300429,-0.000363588,0.024999994
199,0.854167,-0.000300429,-0.000363590,0.224999994,1.000000000,0.000001401,-0.000000801,0.000004788,0.000026219,-0.000016073,-0.000053243,0.002116091,0.000261148,-0.000005292,-0.000300429,-0.000363590,0.024999994
200,0.858333,-0.000300428,-0.000363591,0.224999994,1.000000000,0.000001312,-0.000000708,0.000004779,0.000026509,-0.000015671,-0.000053318,0.002110187,0.000265910,-0.000005479,-0.000300428,-0.000363591,0.024999994
201,0.862500,-0.000300430,-0.000363592,0.224999994,0.999999940,0.000001363,-0.000000738,0.000004790,0.000025982,-0.000016022,-0.000053157,0.002112629,0.000255061,-0.000005551,-0.000300430,-0.000363592,0.024999994
202,0.866667,-0.000300428,-0.000363590,0.224999994,0.999999940,0.000001267,-0.000000655,0.000004782,0.000026953,-0.000015279,-0.000053373,0.002104101,0.000274652,-0.000005448,-0.000300428,-0.000363590,0.024999994
203,0.870833,-0.000300428,-0.000363589,0.224999994,1.000000000,0.000001312,-0.000000696,0.000004794,0.000026402,-0.000015609,-0.000053203,0.002105498,0.000263448,-0.000005565,-0.000300428,-0.000363589,0.024999994
204,0.875000,-0.000300429,-0.000363591,0.224999994,0.999999940,0.000001498,-0.000000862,0.000004782,0.000026115,-0.000016043,-0.000053193,0.002114019,0.000258490,-0.000005397,-0.000300429,-0.000363591,0.024999994
205,0.879167,-0.000300428,-0.000363590,0.224999994,0.999999940,0.000001354,-0.000000617,0.000004748,0.000026717,-0.000015409,-0.000053400,0.002107365,0.000269269,-0.000005619,-0.000300428,-0.000363590,0.024999994
206,0.883333,-0.000300429,-0.000363589,0.224999994,1.000000000,0.000001469,-0.000000859,0.000004796,0.000026184,-0.000015742,-0.000053207,0.002108181,0.000258674,-0.000005692,-0.000300429,-0.000363589,0.024999994
207,0.887500,-0.000300427,-0.000363592,0.224999994,1.000000000,0.000001349,-0.000000597,0.000004751,0.000026522,-0.000015933,-0.000053367,0.002116948,0.000267505,-0.000005209,-0.000300427,-0.000363592,0.024999994
208,0.891667,-0.000300428,-0.000363590,0.224999994,0.999999940,0.000001463,-0.000000838,0.000004786,0.000026227,-0.000015636,-0.000053221,0.002106569,0.000258961,-0.000005772,-0.000300428,-0.000363590,0.024999994
209,0.895833,-0.000300429,-0.000363590,0.224999994,0.999999940,0.000001508,-0.000000868,0.000004788,0.000026288,-0.000015820,-0.000053279,0.002112204,0.000261102,-0.000005539,-0.000300429,-0.000363590,0.024999994
210,0.900000,-0.000300427,-0.000363590,0.224999994,0.999999940,0.000001365,-0.000000623,0.000004743,0.000026649,-0.000015533,-0.000053389,0.002109463,0.000268413,-0.000005545,-0.000300427,-0.000363590,0.024999994
211,0.904167,-0.000300428,-0.000363589,0.224999994,1.000000000,0.000001483,-0.000000864,0.000004780,0.000026328,-0.000015676,-0.000053253,0.002108194,0.000261733,-0.000005636,-0.000300428,-0.000363589,0.024999994
212,0.908333,-0.000300429,-0.000363591,0.224999994,1.000000000,0.000001385,-0.000000776,0.000004794,0.000026048,-0.000016099,-0.000053255,0.002117020,0.000256730,-0.000005485,-0.000300429,-0.000363591,0.024999994
213,0.912500,-0.000300431,-0.000363592,0.224999994,1.000000000,0.000001426,-0.000000813,0.000004783,0.000025970,-0.000016056,-0.000053198,0.002114492,0.000254680,-0.000005565,-0.000300431,-0.000363592,0.024999994
214,0.916667,-0.000300428,-0.000363590,0.224999994,1.000000000,0.000001312,-0.000000537,0.000004760,0.000026938,-0.000015287,-0.000053402,0.002105074,0.000274204,-0.000005494,-0.000300428,-0.000363590,0.024999994
215,0.920833,-0.000300429,-0.000363589,0.224999994,0.999999940,0.000001403,-0.000000812,0.000004784,0.000026193,-0.000015720,-0.000053197,0.002107365,0.000258894,-0.000005691,-0.000300429,-0.000363589,0.024999994
216,0.925000,-0.000300428,-0.000363588,0.224999994,0.999999940,0.000001311,-0.000000717,0.000004788,0.000026767,-0.000015373,-0.000053358,0.002105433,0.000270554,-0.000005553,-0.000300428,-0.000363588,0.024999994
217,0.929167,-0.000300428,-0.000363588,0.224999994,0.999999940,0.000001215,-0.000000633,0.000004789,0.000026356,-0.000015728,-0.000053236,0.002108848,0.000262780,-0.000005515,-0.000300428,-0.000363588,0.024999994
218,0.933333,-0.000300427,-0.000363589,0.224999994,1.000000000,0.000001283,-0.000000657,0.000004790,0.000026554,-0.000015707,-0.000053236,0.002108706,0.000267580,-0.000005296,-0.000300427,-0.000363589,0.024999994
219,0.937500,-0.000300427,-0.000363591,0.224999994,0.999999940,0.000001336,-0.000000697,0.000004791,0.000026307,-0.000015916,-0.000053226,0.002112405,0.000262646,-0.000005347,-0.000300427,-0.000363591,0.024999994
220,0.941667,-0.000300428,-0.000363589,0.224999994,1.000000000,0.000001364,-0.000000750,0.000004792,0.000026397,-0.000015572,-0.000053254,0.002106378,0.000262692,-0.000005668,-0.000300428,-0.000363589,0.024999994
221,0.945833,-0.000300429,-0.000363591,0.224999994,1.000000000,0.000001405,-0.000000794,0.000004782,0.000026097,-0.000016059,-0.000053208,0.002114908,0.000257987,-0.000005418,-0.000300429,-0.000363591,0.024999994
222,0.950000,-0.000300428,-0.000363591,0.224999994,1.000000000,0.000001315,-0.000000701,0.000004773,0.000026514,-0.000015677,-0.000053315,0.002110402,0.000265962,-0.000005466,-0.000300428,-0.000363591,0.024999994
223,0.954167,-0.000300430,-0.000363592,0.224999994,0.999999940,0.000001367,-0.000000731,0.000004784,0.000025982,-0.000016022,-0.000053157,0.002112613,0.000255068,-0.000005552,-0.000300430,-0.000363592,0.024999994
224,0.958333,-0.000300429,-0.000363590,0.224999994,0.999999940,0.000001247,-0.000000670,0.000004775,0.000026806,-0.000015278,-0.000053347,0.002103272,0.000271025,-0.000005603,-0.000300429,-0.000363590,0.024999994
225,0.962500,-0.000300427,-0.000363590,0.224999994,1.000000000,0.000001316,-0.000000692,0.000004777,0.000026746,-0.000015504,-0.000053270,0.002105479,0.000271353,-0.000005335,-0.000300427,-0.000363590,0.024999994
226,0.966667,-0.000300427,-0.000363591,0.224999994,0.999999940,0.000001368,-0.000000727,0.000004790,0.000026315,-0.000015831,-0.000053226,0.002110709,0.000262327,-0.000005438,-0.000300427,-0.000363591,0.024999994
227,0.970833,-0.000300428,-0.000363590,0.224999994,0.999999940,0.000001384,-0.000000796,0.000004780,0.000026364,-0.000015670,-0.000053264,0.002108606,0.000262396,-0.000005600,-0.000300428,-0.000363590,0.024999994
228,0.975000,-0.000300428,-0.000363589,0.224999994,0.999999940,0.000001291,-0.000000700,0.000004793,0.000026364,-0.000015672,-0.000053268,0.002108784,0.000262393,-0.000005608,-0.000300428,-0.000363589,0.024999994
229,0.979167,-0.000300429,-0.000363589,0.224999994,1.000000000,0.000001341,-0.000000732,0.000004781,0.000026189,-0.000015842,-0.000053194,0.002110139,0.000259109,-0.000005543,-0.000300429,-0.000363589,0.024999994
230,0.983333,-0.000300428,-0.000363589,0.224999994,1.000000000,0.000001248,-0.000000649,0.000004808,0.000026720,-0.000015549,-0.000053334,0.002108266,0.000270543,-0.000005386,-0.000300428,-0.000363589,0.024999994
231,0.987500,-0.000300429,-0.000363589,0.224999994,0.999999940,0.000001294,-0.000000688,0.000004796,0.000026211,-0.000015800,-0.000053177,0.002108613,0.000259703,-0.000005544,-0.000300429,-0.000363589,0.024999994
232,0.991667,-0.000300428,-0.000363588,0.224999994,1.000000000,0.000001342,-0.000000723,0.000004785,0.000026624,-0.000015444,-0.000053275,0.002104522,0.000267629,-0.000005557,-0.000300428,-0.000363588,0.024999994
233,0.995833,-0.000300429,-0.000363591,0.224999994,1.000000000,0.000001383,-0.000000772,0.000004787,0.000026033,-0.000016172,-0.000053191,0.002116544,0.000257193,-0.000005349,-0.000300429,-0.000363591,0.024999994
234,1.000000,-0.000300429,-0.000363591,0.224999994,1.000000000,0.000001292,-0.000000683,0.000004801,0.000026523,-0.000015669,-0.000053311,0.002110019,0.000266247,-0.000005460,-0.000300429,-0.000363591,0.024999994
235,1.004167,-0.000300431,-0.000363592,0.224999994,0.999999940,0.000001341,-0.000000717,0.000004789,0.000025993,-0.000016014,-0.000053150,0.002112190,0.000255400,-0.000005534,-0.000300431,-0.000363592,0.024999994
236,1.008333,-0.000300429,-0.000363590,0.224999994,1.000000000,0.000001391,-0.000000749,0.000004791,0.000026811,-0.000015344,-0.000053331,0.002104126,0.000271629,-0.000005503,-0.000300429,-0.000363590,0.024999994
237,1.012500,-0.000300428,-0.000363590,0.224999994,1.000000000,0.000001410,-0.000000819,0.000004782,0.000026481,-0.000015669,-0.000053296,0.002109339,0.000265420,-0.000005493,-0.000300428,-0.000363590,0.024999994
238,1.016667,-0.000300429,-0.000363590,0.224999994,1.000000000,0.000001453,-0.000000850,0.000004795,0.000026150,-0.000015862,-0.000053240,0.002111733,0.000258153,-0.000005620,-0.000300429,-0.000363590,0.024999994
239,1.020833,-0.000300429,-0.000363591,0.224999994,1.000000000,0.000001499,-0.000000882,0.000004787,0.000026495,-0.000015694,-0.000053330,0.002111071,0.000265565,-0.000005482,-0.000300429,-0.000363591,0.024999994
240,1.025000,-0.000300430,-0.000363591,0.224999994,1.000000000,0.000001398,-0.000000789,0.000004778,0.000026122,-0.000015885,-0.000053268,0.002112986,0.000257407,-0.000005655,-0.000300430,-0.000363591,0.024999994
241,1.029167,-0.000300429,-0.000363591,0.224999994,1.000000000,0.000001308,-0.000000696,0.000004769,0.000026515,-0.000015678,-0.000053313,0.002110258,0.000266059,-0.000005457,-0.000300429,-0.000363591,0.024999994
242,1.033333,-0.000300429,-0.000363592,0.224999994,0.999999940,0.000001362,-0.000000733,0.000004794,0.000026472,-0.000015763,-0.000053264,0.002110513,0.000265781,-0.000005369,-0.000300429,-0.000363592,0.024999994
243,1.037500,-0.000300429,-0.000363589,0.224999994,0.999999940,0.000001241,-0.000000668,0.000004784,0.000026447,-0.000015449,-0.000053264,0.002104194,0.000263215,-0.000005757,-0.000300429,-0.000363589,0.024999994
244,1.041667,-0.000300427,-0.000363589,0.224999994,1.000000000,0.000001308,-0.000000688,0.000004773,0.000026785,-0.000015425,-0.000053275,0.002104146,0.000271724,-0.000005381,-0.000300427,-0.000363589,0.024999994
245,1.045833,-0.000300428,-0.000363592,0.224999994,0.999999940,0.000001496,-0.000000858,0.000004786,0.000026226,-0.000016046,-0.000053221,0.002114830,0.000261372,-0.000005292,-0.000300428,-0.000363592,0.024999994
246,1.050000,-0.000300428,-0.000363588,0.224999994,0.999999940,0.000001236,-0.000000655,0.000004789,0.000026460,-0.000015374,-0.000053330,0.002104602,0.000262740,-0.000005901,-0.000300428,-0.000363588,0.024999994
247,1.054167,-0.000300427,-0.000363589,0.224999994,1.000000000,0.000001306,-0.000000675,0.000004790,0.000026505,-0.000015754,-0.000053229,0.002109428,0.000266597,-0.000005294,-0.000300427,-0.000363589,0.024999994
248,1.058333,-0.000300429,-0.000363590,0.224999994,0.999999940,0.000001469,-0.000000865,0.000004790,0.000026111,-0.000015962,-0.000053202,0.002112611,0.000257899,-0.000005509,-0.000300429,-0.000363590,0.024999994
249,1.062500,-0.000300429,-0.000363590,0.224999994,0.999999940,0.000001515,-0.000000889,0.000004781,0.000026344,-0.000015700,-0.000053303,0.002110435,0.000261755,-0.000005632,-0.000300429,-0.000363590,0.024999994
250,1.066667,-0.000300427,-0.000363589,0.224999994,0.999999940,0.000001395,-0.000000619,0.000004747,0.000026809,-0.000015452,-0.000053420,0.002108754,0.000271850,-0.000005477,-0.000300427,-0.000363589,0.024999994
251,1.070833,-0.000300429,-0.000363590,0.224999994,0.999999940,0.000001345,-0.000000765,0.000004795,0.000025719,-0.000016162,-0.000053148,0.002114828,0.000249429,-0.000005710,-0.000300429,-0.000363590,0.024999994
252,1.075000,-0.000300428,-0.000363589,0.224999994,0.999999940,0.000001271,-0.000000656,0.000004786,0.000026769,-0.000015472,-0.000053331,0.002106875,0.000271141,-0.000005404,-0.000300428,-0.000363589,0.024999994
253,1.079167,-0.000300428,-0.000363590,0.224999994,1.000000000,0.000001319,-0.000000697,0.000004786,0.000026344,-0.000015740,-0.000053203,0.002108238,0.000262667,-0.000005484,-0.000300428,-0.000363590,0.024999994
254,1.083333,-0.000300429,-0.000363590,0.224999994,0.999999940,0.000001370,-0.000000730,0.000004786,0.000026179,-0.000015916,-0.000053202,0.002111796,0.000259311,-0.000005477,-0.000300429,-0.000363590,0.024999994
255,1.087500,-0.000300428,-0.000363590,0.224999994,0.999999940,0.000001255,-0.000000671,0.000004778,0.000026710,-0.000015488,-0.000053339,0.002107173,0.000269917,-0.000005467,-0.000300428,-0.000363590,0.024999994
256,1.091667,-0.000300429,-0.000363589,0.224999994,1.000000000,0.000001299,-0.000000710,0.000004778,0.000026260,-0.000015689,-0.000053176,0.002106391,0.000260293,-0.000005614,-0.000300429,-0.000363589,0.024999994
257,1.095833,-0.000300429,-0.000363590,0.224999994,0.999999940,0.000001352,-0.000000744,0.000004790,0.000026333,-0.000015846,-0.000053234,0.002111314,0.000262779,-0.000005407,-0.000300429,-0.000363590,0.024999994
258,1.100000,-0.000300428,-0.000363589,0.224999994,0.999999940,0.000001257,-0.000000660,0.000004805,0.000026723,-0.000015469,-0.000053328,0.002106464,0.000270146,-0.000005464,-0.000300428,-0.000363589,0.024999994
259,1.104167,-0.000300428,-0.000363590,0.224999994,1.000000000,0.000001306,-0.000000703,0.000004771,0.000026323,-0.000015832,-0.000053207,0.002110134,0.000262681,-0.000005397,-0.000300428,-0.000363590,0.024999994
260,1.108333,-0.000300430,-0.000363590,0.224999994,0.999999940,0.000001355,-0.000000732,0.000004793,0.000026052,-0.000015900,-0.000053168,0.002110484,0.000256049,-0.000005622,-0.000300430,-0.000363590,0.024999994
261,1.112500,-0.000300427,-0.000363589,0.224999994,0.999999940,0.000001261,-0.000000651,0.000004797,0.000026926,-0.000015367,-0.000053372,0.002105777,0.000274619,-0.000005382,-0.000300427,-0.000363589,0.024999994
262,1.116667,-0.000300428,-0.000363590,0.224999994,1.000000000,0.000001308,-0.000000693,0.000004774,0.000026379,-0.000015699,-0.000053209,0.002107420,0.000263416,-0.000005487,-0.000300428,-0.000363590,0.024999994
263,1.120833,-0.000300428,-0.000363591,0.224999994,0.999999940,0.000001360,-0.000000728,0.000004787,0.000026328,-0.000015841,-0.000053234,0.002111129,0.000262626,-0.000005417,-0.000300428,-0.000363591,0.024999994
264,1.125000,-0.000300428,-0.000363589,0.224999994,0.999999940,0.000001241,-0.000000663,0.000004789,0.000026427,-0.000015543,-0.000053269,0.002106184,0.000263234,-0.000005679,-0.000300428,-0.000363589,0.024999994
265,1.129167,-0.000300428,-0.000363590,0.224999994,1.000000000,0.000001311,-0.000000681,0.000004777,0.000026354,-0.000015827,-0.000053201,0.002110000,0.000263274,-0.000005361,-0.000300428,-0.000363590,0.024999994
266,1.133333,-0.000300429,-0.000363590,0.224999994,0.999999940,0.000001472,-0.000000870,0.000004789,0.000026180,-0.000015839,-0.000053209,0.002110437,0.000258888,-0.000005576,-0.000300429,-0.000363590,0.024999994
267,1.137500,-0.000300428,-0.000363589,0.224999994,0.999999940,0.000001364,-0.000000585,0.000004743,0.000026684,-0.000015514,-0.000053372,0.002108690,0.000269184,-0.000005507,-0.000300428,-0.000363589,0.024999994
268,1.141667,-0.000300428,-0.000363589,0.224999994,1.000000000,0.000001461,-0.000000856,0.000004791,0.000026290,-0.000015771,-0.000053253,0.002110048,0.000261379,-0.000005577,-0.000300428,-0.000363589,0.024999994
269,1.145833,-0.000300428,-0.000363589,0.224999994,1.000000000,0.000001506,-0.000000881,0.000004782,0.000026355,-0.000015682,-0.000053302,0.002109952,0.000262033,-0.000005638,-0.000300428,-0.000363589,0.024999994
270,1.150000,-0.000300430,-0.000363591,0.224999994,1.000000000,0.000001411,-0.000000790,0.000004786,0.000026014,-0.000016195,-0.000053267,0.002119154,0.000256456,-0.000005425,-0.000300430,-0.000363591,0.024999994
271,1.154167,-0.000300429,-0.000363591,0.224999994,1.000000000,0.000001320,-0.000000696,0.000004788,0.000026579,-0.000015550,-0.000053325,0.002108108,0.000266855,-0.000005545,-0.000300429,-0.000363591,0.024999994
272,1.158333,-0.000300430,-0.000363591,0.224999994,0.999999940,0.000001371,-0.000000729,0.000004789,0.000026172,-0.000015910,-0.000053195,0.002111441,0.000259228,-0.000005488,-0.000300430,-0.000363591,0.024999994
273,1.162500,-0.000300428,-0.000363589,0.224999994,0.999999940,0.000001252,-0.000000668,0.000004780,0.000026799,-0.000015272,-0.000053343,0.002102962,0.000270887,-0.000005614,-0.000300428,-0.000363589,0.024999994
274,1.166667,-0.000300429,-0.000363590,0.224999994,1.000000000,0.000001300,-0.000000708,0.000004780,0.000026169,-0.000015906,-0.000053168,0.002110508,0.000259280,-0.000005465,-0.000300429,-0.000363590,0.024999994
275,1.170833,-0.000300430,-0.000363590,0.224999994,0.999999940,0.000001351,-0.000000742,0.000004780,0.000026359,-0.000015756,-0.000053237,0.002109712,0.000262810,-0.000005480,-0.000300430,-0.000363590,0.024999994
276,1.175000,-0.000300428,-0.000363589,0.224999994,0.999999940,0.000001256,-0.000000658,0.000004795,0.000026723,-0.000015469,-0.000053326,0.002106374,0.000270211,-0.000005463,-0.000300428,-0.000363589,0.024999994
277,1.179167,-0.000300429,-0.000363588,0.224999994,1.000000000,0.000001300,-0.000000697,0.000004794,0.000026259,-0.000015689,-0.000053177,0.002106350,0.000260321,-0.000005616,-0.000300429,-0.000363588,0.024999994
278,1.183333,-0.000300429,-0.000363590,0.224999994,0.999999940,0.000001487,-0.000000868,0.000004785,0.000026461,-0.000015861,-0.000053269,0.002112683,0.000265995,-0.000005263,-0.000300429,-0.000363590,0.024999994
279,1.187500,-0.000300428,-0.000363590,0.224999994,0.999999940,0.000001386,-0.000000778,0.000004789,0.000026510,-0.000015585,-0.000053349,0.002109302,0.000265284,-0.000005612,-0.000300428,-0.000363590,0.024999994
280,1.191667,-0.000300428,-0.000363589,0.224999994,0.999999940,0.000001291,-0.000000686,0.000004779,0.000026370,-0.000015660,-0.000053257,0.002108206,0.000262497,-0.000005597,-0.000300428,-0.000363589,0.024999994
281,1.195833,-0.000300429,-0.000363591,0.224999994,1.000000000,0.000001476,-0.000000855,0.000004790,0.000026108,-0.000016050,-0.000053182,0.002113869,0.000258376,-0.000005389,-0.000300429,-0.000363591,0.024999994
282,1.200000,-0.000300428,-0.000363592,0.224999994,1.000000000,0.000001502,-0.000000705,0.000004744,0.000026611,-0.000015715,-0.000053378,0.002112887,0.000268430,-0.000005366,-0.000300428,-0.000363592,0.024999994
283,1.204167,-0.000300429,-0.000363590,0.224999994,1.000000000,0.000001455,-0.000000838,0.000004782,0.000026157,-0.000015691,-0.000053269,0.002108910,0.000257370,-0.000005849,-0.000300429,-0.000363590,0.024999994
284,1.208333,-0.000300428,-0.000363591,0.224999994,1.000000000,0.000001503,-0.000000872,0.000004785,0.000026471,-0.000015785,-0.000053327,0.002112850,0.000265443,-0.000005405,-0.000300428,-0.000363591,0.024999994
285,1.212500,-0.000300429,-0.000363590,0.224999994,1.000000000,0.000001377,-0.000000801,0.000004799,0.000026189,-0.000015682,-0.000053281,0.002109273,0.000257887,-0.000005829,-0.000300429,-0.000363590,0.024999994
286,1.216667,-0.000300428,-0.000363591,0.224999994,1.000000000,0.000001311,-0.000000687,0.000004791,0.000026661,-0.000015680,-0.000053334,0.002111056,0.000269680,-0.000005299,-0.000300428,-0.000363591,0.024999994
287,1.220833,-0.000300429,-0.000363591,0.224999994,0.999999940,0.000001361,-0.000000718,0.000004779,0.000026192,-0.000015816,-0.000053196,0.002109505,0.000259182,-0.000005570,-0.000300429,-0.000363591,0.024999994
288,1.225000,-0.000300427,-0.000363589,0.224999994,0.999999940,0.000001243,-0.000000659,0.000004783,0.000026774,-0.000015363,-0.000053342,0.002104832,0.000270734,-0.000005542,-0.000300427,-0.000363589,0.024999994
289,1.229167,-0.000300428,-0.000363589,0.224999994,1.000000000,0.000001288,-0.000000700,0.000004794,0.000026408,-0.000015615,-0.000053206,0.002105777,0.000263526,-0.000005553,-0.000300428,-0.000363589,0.024999994
290,1.233333,-0.000300429,-0.000363590,0.224999994,0.999999940,0.000001474,-0.000000866,0.000004783,0.000026114,-0.000016043,-0.000053192,0.002114078,0.000258448,-0.000005397,-0.000300429,-0.000363590,0.024999994
291,1.237500,-0.000300429,-0.000363590,0.224999994,0.999999940,0.000001519,-0.000000890,0.000004774,0.000026343,-0.000015699,-0.000053305,0.002110474,0.000261711,-0.000005639,-0.000300429,-0.000363590,0.024999994
292,1.241667,-0.000300428,-0.000363589,0.224999994,0.999999940,0.000001379,-0.000000642,0.000004752,0.000026636,-0.000015540,-0.000053394,0.002109766,0.000268048,-0.000005562,-0.000300428,-0.000363589,0.024999994
293,1.245833,-0.000300428,-0.000363590,0.224999994,1.000000000,0.000001500,-0.000000885,0.000004789,0.000026239,-0.000015892,-0.000053249,0.002112439,0.000260720,-0.000005491,-0.000300428,-0.000363590,0.024999994
294,1.250000,-0.000300429,-0.000363590,0.224999994,1.000000000,0.000001400,-0.000000791,0.000004780,0.000026131,-0.000015891,-0.000053275,0.002113378,0.000257536,-0.000005642,-0.000300429,-0.000363590,0.024999994
295,1.254167,-0.000300428,-0.000363591,0.224999994,1.000000000,0.000001310,-0.000000698,0.000004771,0.000026514,-0.000015678,-0.000053313,0.002110309,0.000265994,-0.000005458,-0.000300428,-0.000363591,0.024999994
296,1.258333,-0.000300430,-0.000363592,0.224999994,0.999999940,0.000001362,-0.000000730,0.000004795,0.000026132,-0.000015947,-0.000053192,0.002112053,0.000258383,-0.000005494,-0.000300430,-0.000363592,0.024999994
297,1.262500,-0.000300428,-0.000363589,0.224999994,0.999999940,0.000001243,-0.000000669,0.000004786,0.000026800,-0.000015274,-0.000053343,0.002103062,0.000270898,-0.000005610,-0.000300428,-0.000363589,0.024999994
298,1.266667,-0.000300428,-0.000363590,0.224999994,1.000000000,0.000001312,-0.000000687,0.000004774,0.000026342,-0.000015817,-0.000053193,0.002109464,0.000263118,-0.000005379,-0.000300428,-0.000363590,0.024999994
299,1.270833,-0.000300429,-0.000363591,0.224999994,0.999999940,0.000001365,-0.000000722,0.000004787,0.000026329,-0.000015840,-0.000053236,0.002111217,0.000262597,-0.000005420,-0.000300429,-0.000363591,0.024999994
300,1.275000,-0.000300429,-0.000363589,0.224999994,0.999999940,0.000001244,-0.000000656,0.000004777,0.000026452,-0.000015454,-0.000053267,0.002104394,0.000263335,-0.000005748,-0.000300429,-0.000363589,0.024999994
301,1.279167,-0.000300427,-0.000363590,0.224999994,1.000000000,0.000001294,-0.000000704,0.000004791,0.000026673,-0.000015656,-0.000053281,0.002108805,0.000270274,-0.000005260,-0.000300427,-0.000363590,0.024999994
302,1.283333,-0.000300428,-0.000363590,0.224999994,0.999999940,0.000001344,-0.000000735,0.000004779,0.000026192,-0.000015816,-0.000053196,0.002109511,0.000259197,-0.000005569,-0.000300428,-0.000363590,0.024999994
303,1.287500,-0.000300429,-0.000363589,0.224999994,0.999999940,0.000001248,-0.000000647,0.000004792,0.000026389,-0.000015660,-0.000053255,0.002108217,0.000262923,-0.000005576,-0.000300429,-0.000363589,0.024999994
304,1.291667,-0.000300427,-0.000363589,0.224999994,1.000000000,0.000001297,-0.000000693,0.000004794,0.000026698,-0.000015565,-0.000053284,0.002107099,0.000270351,-0.000005333,-0.000300427,-0.000363589,0.024999994
305,1.295833,-0.000300428,-0.000363589,0.224999994,0.999999940,0.000001347,-0.000000725,0.000004782,0.000026193,-0.000015816,-0.000053194,0.002109429,0.000259215,-0.000005566,-0.000300428,-0.000363589,0.024999994
306,1.300000,-0.000300429,-0.000363590,0.224999994,1.000000000,0.000001399,-0.000000755,0.000004783,0.000026374,-0.000015742,-0.000053249,0.002109649,0.000263089,-0.000005488,-0.000300429,-0.000363590,0.024999994
307,1.304167,-0.000300430,-0.000363590,0.224999994,1.000000000,0.000001418,-0.000000818,0.000004773,0.000026154,-0.000015864,-0.000053233,0.002111607,0.000258269,-0.000005603,-0.000300430,-0.000363590,0.024999994
308,1.308333,-0.000300429,-0.000363590,0.224999994,1.000000000,0.000001462,-0.000000854,0.000004787,0.000026503,-0.000015685,-0.000053320,0.002110615,0.000265716,-0.000005478,-0.000300429,-0.000363590,0.024999994
309,1.312500,-0.000300429,-0.000363590,0.224999994,1.000000000,0.000001509,-0.000000883,0.000004802,0.000026471,-0.000015691,-0.000053331,0.002111006,0.000264972,-0.000005524,-0.000300429,-0.000363590,0.024999994
310,1.316667,-0.000300430,-0.000363591,0.224999994,1.000000000,0.000001411,-0.000000790,0.000004782,0.000026060,-0.000016012,-0.000053263,0.002115428,0.000256501,-0.000005573,-0.000300430,-0.000363591,0.024999994
311,1.320833,-0.000300429,-0.000363590,0.224999994,1.000000000,0.000001319,-0.000000697,0.000004785,0.000026579,-0.000015552,-0.000053321,0.002108043,0.000266893,-0.000005538,-0.000300429,-0.000363590,0.024999994
312,1.325000,-0.000300428,-0.000363591,0.224999994,0.999999940,0.000001372,-0.000000734,0.000004787,0.000026513,-0.000015725,-0.000053269,0.002109826,0.000266584,-0.000005361,-0.000300428,-0.000363591,0.024999994
313,1.329167,-0.000300429,-0.000363589,0.224999994,0.999999940,0.000001251,-0.000000669,0.000004776,0.000026447,-0.000015449,-0.000053263,0.002104121,0.000263253,-0.000005756,-0.000300429,-0.000363589,0.024999994
314,1.333333,-0.000300428,-0.000363591,0.224999994,1.000000000,0.000001323,-0.000000690,0.000004789,0.000026479,-0.000015842,-0.000053233,0.002111271,0.000266473,-0.000005231,-0.000300428,-0.000363591,0.024999994
315,1.337500,-0.000300430,-0.000363591,0.224999994,0.999999940,0.000001484,-0.000000876,0.000004789,0.000026026,-0.000015909,-0.000053176,0.002110815,0.000255501,-0.000005648,-0.000300430,-0.000363591,0.024999994
316,1.341667,-0.000300427,-0.000363590,0.224999994,0.999999940,0.000001229,-0.000000477,0.000004755,0.000026869,-0.000015415,-0.000053424,0.002108283,0.000273107,-0.000005451,-0.000300427,-0.000363590,0.024999994
317,1.345833,-0.000300428,-0.000363589,0.224999994,0.999999940,0.000001485,-0.000000854,0.000004790,0.000026378,-0.000015623,-0.000053197,0.002105451,0.000263076,-0.000005578,-0.000300428,-0.000363589,0.024999994
318,1.350000,-0.000300429,-0.000363588,0.224999994,0.999999940,0.000001359,-0.000000788,0.000004793,0.000026164,-0.000015784,-0.000053269,0.002110991,0.000257878,-0.000005721,-0.000300429,-0.000363588,0.024999994
319,1.354167,-0.000300428,-0.000363591,0.224999994,0.999999940,0.000001293,-0.000000676,0.000004784,0.000026441,-0.000015887,-0.000053288,0.002113760,0.000265473,-0.000005280,-0.000300428,-0.000363591,0.024999994
320,1.358333,-0.000300428,-0.000363591,0.224999994,1.000000000,0.000001342,-0.000000714,0.000004784,0.000026383,-0.000015716,-0.000053231,0.002108572,0.000263317,-0.000005490,-0.000300428,-0.000363591,0.024999994
321,1.362500,-0.000300430,-0.000363592,0.224999994,1.000000000,0.000001379,-0.000000761,0.000004785,0.000026129,-0.000015960,-0.000053202,0.002112712,0.000258260,-0.000005488,-0.000300430,-0.000363592,0.024999994
322,1.366667,-0.000300429,-0.000363590,0.224999994,1.000000000,0.000001283,-0.000000670,0.000004799,0.000026611,-0.000015453,-0.000053309,0.002105670,0.000267171,-0.000005604,-0.000300429,-0.000363590,0.024999994
323,1.370833,-0.000300427,-0.000363591,0.224999994,0.999999940,0.000001335,-0.000000714,0.000004790,0.000026674,-0.000015643,-0.000053292,0.002108826,0.000270221,-0.000005280,-0.000300427,-0.000363591,0.024999994
324,1.375000,-0.000300428,-0.000363590,0.224999994,1.000000000,0.000001384,-0.000000742,0.000004767,0.000026407,-0.000015548,-0.000053238,0.002105414,0.000262960,-0.000005660,-0.000300428,-0.000363590,0.024999994
325,1.379167,-0.000300429,-0.000363589,0.224999994,1.000000000,0.000001400,-0.000000805,0.000004791,0.000026176,-0.000015776,-0.000053226,0.002109618,0.000258362,-0.000005675,-0.000300429,-0.000363589,0.024999994
326,1.383333,-0.000300428,-0.000363591,0.224999994,1.000000000,0.000001447,-0.000000847,0.000004783,0.000026425,-0.000015894,-0.000053307,0.002114404,0.000265051,-0.000005310,-0.000300428,-0.000363591,0.024999994
327,1.387500,-0.000300429,-0.000363591,0.224999994,1.000000000,0.000001492,-0.000000874,0.000004773,0.000026142,-0.000015868,-0.000053255,0.002112275,0.000257889,-0.000005635,-0.000300429,-0.000363591,0.024999994
328,1.391667,-0.000300428,-0.000363592,0.224999994,1.000000000,0.000001371,-0.000000607,0.000004751,0.000026600,-0.000015724,-0.000053382,0.002113126,0.000268250,-0.000005378,-0.000300428,-0.000363592,0.024999994
329,1.395833,-0.000300429,-0.000363590,0.224999994,0.999999940,0.000001485,-0.000000848,0.000004786,0.000026227,-0.000015637,-0.000053216,0.002106406,0.000259064,-0.000005770,-0.000300429,-0.000363590,0.024999994
330,1.400000,-0.000300428,-0.000363590,0.224999994,0.999999940,0.000001488,-0.000000719,0.000004751,0.000026511,-0.000015605,-0.000053343,0.002109624,0.000265424,-0.000005585,-0.000300428,-0.000363590,0.024999994
331,1.404167,-0.000300430,-0.000363588,0.224999994,0.999999940,0.000001441,-0.000000852,0.000004788,0.000026147,-0.000015710,-0.000053263,0.002109160,0.000257225,-0.000005832,-0.000300430,-0.000363588,0.024999994
332,1.408333,-0.000300429,-0.000363589,0.224999994,0.999999940,0.000001489,-0.000000885,0.000004792,0.000026456,-0.000015799,-0.000053325,0.002113077,0.000265158,-0.000005406,-0.000300429,-0.000363589,0.024999994
333,1.412500,-0.000300429,-0.000363590,0.224999994,0.999999940,0.000001391,-0.000000794,0.000004807,0.000026231,-0.000015914,-0.000053302,0.002114525,0.000260268,-0.000005525,-0.000300429,-0.000363590,0.024999994
334,1.416667,-0.000300428,-0.000363590,0.224999994,0.999999940,0.000001300,-0.000000703,0.000004775,0.000026711,-0.000015488,-0.000053349,0.002107522,0.000269859,-0.000005474,-0.000300428,-0.000363590,0.024999994
335,1.420833,-0.000300428,-0.000363589,0.224999994,1.000000000,0.000001349,-0.000000736,0.000004788,0.000026390,-0.000015631,-0.000053228,0.002106664,0.000263094,-0.000005580,-0.000300428,-0.000363589,0.024999994
336,1.425000,-0.000300429,-0.000363591,0.224999994,1.000000000,0.000001390,-0.000000781,0.000004777,0.000026097,-0.000016058,-0.000053211,0.002114889,0.000257996,-0.000005421,-0.000300429,-0.000363591,0.024999994
337,1.429167,-0.000300427,-0.000363590,0.224999994,1.000000000,0.000001298,-0.000000689,0.000004793,0.000026728,-0.000015476,-0.000053354,0.002107489,0.000270100,-0.000005482,-0.000300427,-0.000363590,0.024999994
338,1.433333,-0.000300429,-0.000363590,0.224999994,0.999999940,0.000001348,-0.000000721,0.000004781,0.000026192,-0.000015817,-0.000053192,0.002109413,0.000259215,-0.000005565,-0.000300429,-0.000363590,0.024999994
339,1.437500,-0.000300429,-0.000363590,0.224999994,1.000000000,0.000001401,-0.000000751,0.000004782,0.000026375,-0.000015742,-0.000053248,0.002109726,0.000263056,-0.000005487,-0.000300429,-0.000363590,0.024999994
340,1.441667,-0.000300430,-0.000363590,0.224999994,1.000000000,0.000001419,-0.000000815,0.000004771,0.000026154,-0.000015864,-0.000053234,0.002111616,0.000258249,-0.000005603,-0.000300430,-0.000363590,0.024999994
341,1.445833,-0.000300429,-0.000363591,0.224999994,1.000000000,0.000001463,-0.000000851,0.000004786,0.000026503,-0.000015685,-0.000053321,0.002110618,0.000265740,-0.000005477,-0.000300429,-0.000363591,0.024999994
342,1.450000,-0.000300428,-0.000363591,0.224999994,1.000000000,0.000001488,-0.000000701,0.000004751,0.000026662,-0.000015580,-0.000053372,0.002109910,0.000269124,-0.000005460,-0.000300428,-0.000363591,0.024999994
343,1.454167,-0.000300429,-0.000363591,0.224999994,1.000000000,0.000001445,-0.000000836,0.000004789,0.000026068,-0.000015907,-0.000053261,0.002113014,0.000256375,-0.000005698,-0.000300429,-0.000363591,0.024999994
344,1.458333,-0.000300430,-0.000363591,0.224999994,1.000000000,0.000001490,-0.000000863,0.000004779,0.000026157,-0.000015881,-0.000053257,0.002112817,0.000258116,-0.000005603,-0.000300430,-0.000363591,0.024999994
345,1.462500,-0.000300428,-0.000363591,0.224999994,1.000000000,0.000001368,-0.000000594,0.000004745,0.000026625,-0.000015634,-0.000053381,0.002111301,0.000268358,-0.000005450,-0.000300428,-0.000363591,0.024999994
346,1.466667,-0.000300431,-0.000363589,0.224999994,0.999999940,0.000001459,-0.000000857,0.000004780,0.000026080,-0.000015637,-0.000053186,0.002105524,0.000255383,-0.000005918,-0.000300431,-0.000363589,0.024999994
347,1.470833,-0.000300429,-0.000363589,0.224999994,0.999999940,0.000001484,-0.000000706,0.000004745,0.000026664,-0.000015611,-0.000053370,0.002110659,0.000269163,-0.000005417,-0.000300429,-0.000363589,0.024999994
348,1.475000,-0.000300428,-0.000363590,0.224999994,0.999999940,0.000001422,-0.000000665,0.000004758,0.000026368,-0.000015824,-0.000053335,0.002113407,0.000263393,-0.000005507,-0.000300428,-0.000363590,0.024999994
349,1.479167,-0.000300429,-0.000363589,0.224999994,0.999999940,0.000001395,-0.000000784,0.000004795,0.000026317,-0.000015697,-0.000053279,0.002109439,0.000261390,-0.000005654,-0.000300429,-0.000363589,0.024999994
350,1.483333,-0.000300428,-0.000363590,0.224999994,0.999999940,0.000001439,-0.000000825,0.000004799,0.000026468,-0.000015778,-0.000053307,0.002112054,0.000265541,-0.000005395,-0.000300428,-0.000363590,0.024999994
351,1.487500,-0.000300427,-0.000363589,0.224999994,0.999999940,0.000001349,-0.000000723,0.000004790,0.000026555,-0.000015481,-0.000053327,0.002106602,0.000265984,-0.000005654,-0.000300427,-0.000363589,0.024999994
352,1.491667,-0.000300427,-0.000363591,0.224999994,0.999999940,0.000001389,-0.000000774,0.000004792,0.000026275,-0.000015950,-0.000053235,0.002113385,0.000261919,-0.000005358,-0.000300427,-0.000363591,0.024999994
353,1.495833,-0.000300428,-0.000363590,0.224999994,0.999999940,0.000001294,-0.000000682,0.000004782,0.000026376,-0.000015663,-0.000053266,0.002108649,0.000262585,-0.000005599,-0.000300428,-0.000363590,0.024999994
354,1.500000,-0.000300428,-0.000363590,0.224999994,1.000000000,0.000001343,-0.000000719,0.000004782,0.000026388,-0.000015722,-0.000053226,0.002108659,0.000263441,-0.000005471,-0.000300428,-0.000363590,0.024999994
355,1.504167,-0.000300429,-0.000363591,0.224999994,1.000000000,0.000001381,-0.000000767,0.000004783,0.000026129,-0.000015960,-0.000053203,0.002112702,0.000258284,-0.000005490,-0.000300429,-0.000363591,0.024999994
356,1.508333,-0.000300428,-0.000363591,0.224999994,1.000000000,0.000001289,-0.000000678,0.000004797,0.000026522,-0.000015669,-0.000053305,0.002109830,0.000266268,-0.000005455,-0.000300428,-0.000363591,0.024999994
357,1.512500,-0.000300431,-0.000363590,0.224999994,0.999999940,0.000001335,-0.000000710,0.000004784,0.000026082,-0.000015798,-0.000053154,0.002107940,0.000256408,-0.000005680,-0.000300431,-0.000363590,0.024999994
358,1.516667,-0.000300429,-0.000363590,0.224999994,1.000000000,0.000001387,-0.000000743,0.000004775,0.000026746,-0.000015471,-0.000053321,0.002106380,0.000270775,-0.000005422,-0.000300429,-0.000363590,0.024999994
359,1.520833,-0.000300428,-0.000363589,0.224999994,1.000000000,0.000001404,-0.000000812,0.000004778,0.000026546,-0.000015542,-0.000053306,0.002107089,0.000266301,-0.000005573,-0.000300428,-0.000363589,0.024999994
360,1.525000,-0.000300429,-0.000363591,0.224999994,1.000000000,0.000001450,-0.000000845,0.000004791,0.000026060,-0.000016077,-0.000053234,0.002115856,0.000257108,-0.000005473,-0.000300429,-0.000363591,0.024999994
361,1.529167,-0.000300429,-0.000363591,0.224999994,1.000000000,0.000001496,-0.000000877,0.000004783,0.000026496,-0.000015693,-0.000053336,0.002111224,0.000265529,-0.000005488,-0.000300429,-0.000363591,0.024999994
362,1.533333,-0.000300430,-0.000363591,0.224999994,1.000000000,0.000001396,-0.000000784,0.000004774,0.000026122,-0.000015885,-0.000053269,0.002112979,0.000257399,-0.000005654,-0.000300430,-0.000363591,0.024999994
363,1.537500,-0.000300428,-0.000363590,0.224999994,1.000000000,0.000001304,-0.000000692,0.000004789,0.000026728,-0.000015477,-0.000053350,0.002107358,0.000270153,-0.000005474,-0.000300428,-0.000363590,0.024999994
364,1.541667,-0.000300429,-0.000363590,0.224999994,0.999999940,0.000001354,-0.000000724,0.000004777,0.000026192,-0.000015817,-0.000053193,0.002109408,0.000259215,-0.000005564,-0.000300429,-0.000363590,0.024999994
365,1.545833,-0.000300428,-0.000363589,0.224999994,0.999999940,0.000001236,-0.000000664,0.000004780,0.000026774,-0.000015363,-0.000053342,0.002104721,0.000270809,-0.000005540,-0.000300428,-0.000363589,0.024999994
366,1.550000,-0.000300427,-0.000363590,0.224999994,1.000000000,0.000001307,-0.000000685,0.000004781,0.000026492,-0.000015742,-0.000053228,0.002109005,0.000266385,-0.000005323,-0.000300427,-0.000363590,0.024999994
367,1.554167,-0.000300428,-0.000363590,0.224999994,0.999999940,0.000001358,-0.000000718,0.000004782,0.000026348,-0.000015747,-0.000053233,0.002109191,0.000262662,-0.000005499,-0.000300428,-0.000363590,0.024999994
368,1.558333,-0.000300428,-0.000363588,0.224999994,0.999999940,0.000001238,-0.000000654,0.000004784,0.000026427,-0.000015544,-0.000053266,0.002106127,0.000263288,-0.000005676,-0.000300428,-0.000363588,0.024999994
369,1.562500,-0.000300428,-0.000363589,0.224999994,1.000000000,0.000001286,-0.000000695,0.000004784,0.000026357,-0.000015751,-0.000053207,0.002108630,0.000262985,-0.000005456,-0.000300428,-0.000363589,0.024999994
370,1.566667,-0.000300429,-0.000363589,0.224999994,0.999999940,0.000001338,-0.000000728,0.000004784,0.000026179,-0.000015915,-0.000053201,0.002111764,0.000259286,-0.000005477,-0.000300429,-0.000363589,0.024999994
371,1.570833,-0.000300428,-0.000363590,0.224999994,1.000000000,0.000001391,-0.000000763,0.000004787,0.000026715,-0.000015555,-0.000053324,0.002108173,0.000270439,-0.000005370,-0.000300428,-0.000363590,0.024999994
372,1.575000,-0.000300430,-0.000363590,0.224999994,1.000000000,0.000001409,-0.000000824,0.000004787,0.000025951,-0.000015966,-0.000053188,0.002112233,0.000253884,-0.000005687,-0.000300430,-0.000363590,0.024999994
373,1.579167,-0.000300430,-0.000363589,0.224999994,1.000000000,0.000001319,-0.000000724,0.000004778,0.000026386,-0.000015677,-0.000053289,0.002109647,0.000262676,-0.000005593,-0.000300430,-0.000363589,0.024999994
374,1.583333,-0.000300429,-0.000363591,0.224999994,1.000000000,0.000001359,-0.000000777,0.000004792,0.000026445,-0.000015864,-0.000053276,0.002112911,0.000265557,-0.000005293,-0.000300429,-0.000363591,0.024999994
375,1.587500,-0.000300429,-0.000363591,0.224999994,1.000000000,0.000001288,-0.000000663,0.000004783,0.000026533,-0.000015644,-0.000053293,0.002108972,0.000266474,-0.000005456,-0.000300429,-0.000363591,0.024999994
376,1.591667,-0.000300430,-0.000363589,0.224999994,0.999999940,0.000001333,-0.000000697,0.000004794,0.000026295,-0.000015597,-0.000053190,0.002105005,0.000260501,-0.000005697,-0.000300430,-0.000363589,0.024999994
377,1.595833,-0.000300427,-0.000363588,0.224999994,1.000000000,0.000001362,-0.000000758,0.000004785,0.000026934,-0.000015281,-0.000053361,0.002103637,0.000274420,-0.000005458,-0.000300427,-0.000363588,0.024999994
378,1.600000,-0.000300429,-0.000363589,0.224999994,1.000000000,0.000001403,-0.000000798,0.000004786,0.000026092,-0.000015963,-0.000053207,0.002112665,0.000257473,-0.000005537,-0.000300429,-0.000363589,0.024999994
379,1.604167,-0.000300430,-0.000363591,0.224999994,1.000000000,0.000001448,-0.000000835,0.000004776,0.000026085,-0.000016080,-0.000053237,0.002116195,0.000257547,-0.000005438,-0.000300430,-0.000363591,0.024999994
380,1.608333,-0.000300428,-0.000363592,0.224999994,1.000000000,0.000001472,-0.000000688,0.000004754,0.000026619,-0.000015707,-0.000053370,0.002112483,0.000268690,-0.000005362,-0.000300428,-0.000363592,0.024999994
381,1.612500,-0.000300430,-0.000363591,0.224999994,1.000000000,0.000001425,-0.000000824,0.000004790,0.000025952,-0.000015883,-0.000053222,0.002111369,0.000253449,-0.000005827,-0.000300430,-0.000363591,0.024999994
382,1.616667,-0.000300430,-0.000363589,0.224999994,1.000000000,0.000001332,-0.000000723,0.000004792,0.000026450,-0.000015550,-0.000053292,0.002107201,0.000263604,-0.000005667,-0.000300430,-0.000363589,0.024999994
383,1.620833,-0.000300430,-0.000363591,0.224999994,1.000000000,0.000001239,-0.000000642,0.000004795,0.000026469,-0.000015775,-0.000053271,0.002110943,0.000265681,-0.000005361,-0.000300430,-0.000363591,0.024999994
384,1.625000,-0.000300430,-0.000363592,0.224999994,0.999999940,0.000001286,-0.000000689,0.000004783,0.000026354,-0.000015813,-0.000053209,0.002109903,0.000263278,-0.000005387,-0.000300430,-0.000363592,0.024999994
385,1.629167,-0.000300429,-0.000363589,0.224999994,1.000000000,0.000001330,-0.000000726,0.000004784,0.000026651,-0.000015341,-0.000053265,0.002102097,0.000267839,-0.000005635,-0.000300429,-0.000363589,0.024999994
386,1.633333,-0.000300429,-0.000363591,0.224999994,1.000000000,0.000001370,-0.000000779,0.000004798,0.000026438,-0.000015860,-0.000053267,0.002112483,0.000265495,-0.000005297,-0.000300429,-0.000363591,0.024999994
387,1.637500,-0.000300431,-0.000363590,0.224999994,1.000000000,0.000001275,-0.000000682,0.000004787,0.000026045,-0.000015830,-0.000053194,0.002109769,0.000255375,-0.000005732,-0.000300431,-0.000363590,0.024999994
388,1.641667,-0.000300428,-0.000363590,0.224999994,0.999999940,0.000001325,-0.000000727,0.000004801,0.000026906,-0.000015457,-0.000053341,0.002106722,0.000274755,-0.000005268,-0.000300428,-0.000363590,0.024999994
389,1.645833,-0.000300429,-0.000363590,0.224999994,1.000000000,0.000001376,-0.000000757,0.000004790,0.000026374,-0.000015632,-0.000053235,0.002106857,0.000262749,-0.000005602,-0.000300429,-0.000363590,0.024999994
390,1.650000,-0.000300429,-0.000363590,0.224999994,1.000000000,0.000001283,-0.000000666,0.000004792,0.000026365,-0.000015739,-0.000053263,0.002110021,0.000262816,-0.000005522,-0.000300429,-0.000363590,0.024999994
391,1.654167,-0.000300429,-0.000363590,0.224999994,0.999999940,0.000001332,-0.000000703,0.000004793,0.000026403,-0.000015707,-0.000053230,0.002108504,0.000263727,-0.000005478,-0.000300429,-0.000363590,0.024999994
392,1.658333,-0.000300428,-0.000363589,0.224999994,1.000000000,0.000001383,-0.000000735,0.000004794,0.000026543,-0.000015572,-0.000053275,0.002107060,0.000266347,-0.000005512,-0.000300428,-0.000363589,0.024999994
393,1.662500,-0.000300430,-0.000363592,0.224999994,1.000000000,0.000001405,-0.000000803,0.000004784,0.000025854,-0.000016269,-0.000053179,0.002118099,0.000253201,-0.000005439,-0.000300430,-0.000363592,0.024999994
394,1.666667,-0.000300431,-0.000363590,0.224999994,1.000000000,0.000001311,-0.000000705,0.000004785,0.000026419,-0.000015577,-0.000053286,0.002107548,0.000263029,-0.000005667,-0.000300431,-0.000363590,0.024999994
395,1.670833,-0.000300428,-0.000363590,0.224999994,0.999999940,0.000001363,-0.000000747,0.000004777,0.000026886,-0.000015455,-0.000053342,0.002106640,0.000274264,-0.000005293,-0.000300428,-0.000363590,0.024999994
396,1.675000,-0.000300428,-0.000363590,0.224999994,0.999999940,0.000001267,-0.000000659,0.000004790,0.000026364,-0.000015641,-0.000053242,0.002107324,0.000262403,-0.000005618,-0.000300428,-0.000363590,0.024999994
397,1.679167,-0.000300430,-0.000363590,0.224999994,1.000000000,0.000001313,-0.000000698,0.000004778,0.000026209,-0.000015826,-0.000053177,0.002109271,0.000259693,-0.000005515,-0.000300430,-0.000363590,0.024999994
398,1.683333,-0.000300429,-0.000363591,0.224999994,0.999999940,0.000001367,-0.000000735,0.000004780,0.000026525,-0.000015734,-0.000053278,0.002110373,0.000266836,-0.000005344,-0.000300429,-0.000363591,0.024999994
399,1.687500,-0.000300428,-0.000363589,0.224999994,0.999999940,0.000001248,-0.000000673,0.000004794,0.000026570,-0.000015463,-0.000053297,0.002105375,0.000266396,-0.000005631,-0.000300428,-0.000363589,0.024999994
400,1.691667,-0.000300429,-0.000363590,0.224999994,1.000000000,0.000001318,-0.000000690,0.000004782,0.000026349,-0.000015823,-0.000053199,0.002109863,0.000263209,-0.000005371,-0.000300429,-0.000363590,0.024999994
401,1.695833,-0.000300430,-0.000363591,0.224999994,0.999999940,0.000001370,-0.000000723,0.000004782,0.000026178,-0.000015915,-0.000053204,0.002111814,0.000259278,-0.000005482,-0.000300430,-0.000363591,0.024999994
402,1.700000,-0.000300428,-0.000363590,0.224999994,0.999999940,0.000001254,-0.000000664,0.000004774,0.000026710,-0.000015488,-0.000053340,0.002107221,0.000269899,-0.000005469,-0.000300428,-0.000363590,0.024999994
403,1.704167,-0.000300428,-0.000363590,0.224999994,1.000000000,0.000001299,-0.000000705,0.000004786,0.000026409,-0.000015615,-0.000053209,0.002105881,0.000263567,-0.000005556,-0.000300428,-0.000363590,0.024999994
404,1.708333,-0.000300430,-0.000363590,0.224999994,0.999999940,0.000001349,-0.000000736,0.000004774,0.000026204,-0.000015826,-0.000053197,0.002109829,0.000259445,-0.000005543,-0.000300430,-0.000363590,0.024999994
405,1.712500,-0.000300428,-0.000363589,0.224999994,0.999999940,0.000001254,-0.000000652,0.000004789,0.000026729,-0.000015474,-0.000053329,0.002106651,0.000270310,-0.000005456,-0.000300428,-0.000363589,0.024999994
406,1.716667,-0.000300428,-0.000363590,0.224999994,1.000000000,0.000001303,-0.000000695,0.000004801,0.000026320,-0.000015831,-0.000053205,0.002110124,0.000262526,-0.000005412,-0.000300428,-0.000363590,0.024999994
407,1.720833,-0.000300429,-0.000363590,0.224999994,0.999999940,0.000001353,-0.000000726,0.000004790,0.000026205,-0.000015826,-0.000053202,0.002110019,0.000259406,-0.000005548,-0.000300429,-0.000363590,0.024999994
408,1.725000,-0.000300427,-0.000363589,0.224999994,0.999999940,0.000001259,-0.000000645,0.000004794,0.000026921,-0.000015363,-0.000053370,0.002105539,0.000274484,-0.000005389,-0.000300427,-0.000363589,0.024999994
409,1.729167,-0.000300428,-0.000363589,0.224999994,1.000000000,0.000001303,-0.000000684,0.000004793,0.000026253,-0.000015684,-0.000053172,0.002106157,0.000260137,-0.000005629,-0.000300428,-0.000363589,0.024999994
410,1.733333,-0.000300429,-0.000363590,0.224999994,0.999999940,0.000001489,-0.000000850,0.000004781,0.000026121,-0.000016047,-0.000053196,0.002114253,0.000258613,-0.000005388,-0.000300429,-0.000363590,0.024999994
411,1.737500,-0.000300428,-0.000363590,0.224999994,0.999999940,0.000001493,-0.000000723,0.000004759,0.000026661,-0.000015526,-0.000053385,0.002109306,0.000268630,-0.000005539,-0.000300428,-0.000363590,0.024999994
412,1.741667,-0.000300428,-0.000363588,0.224999994,0.999999940,0.000001449,-0.000000854,0.000004785,0.000026284,-0.000015640,-0.000053303,0.002108894,0.000260216,-0.000005787,-0.000300428,-0.000363588,0.024999994
413,1.745833,-0.000300429,-0.000363589,0.224999994,0.999999940,0.000001495,-0.000000883,0.000004787,0.000026110,-0.000015982,-0.000053249,0.002114507,0.000257611,-0.000005534,-0.000300429,-0.000363589,0.024999994
414,1.750000,-0.000300428,-0.000363589,0.224999994,0.999999940,0.000001373,-0.000000613,0.000004765,0.000026673,-0.000015522,-0.000053385,0.002109217,0.000268914,-0.000005528,-0.000300428,-0.000363589,0.024999994
415,1.754167,-0.000300427,-0.000363590,0.224999994,1.000000000,0.000001495,-0.000000858,0.000004791,0.000026429,-0.000015780,-0.000053289,0.002111334,0.000264804,-0.000005429,-0.000300427,-0.000363590,0.024999994
416,1.758333,-0.000300430,-0.000363589,0.224999994,1.000000000,0.000001371,-0.000000784,0.000004792,0.000025786,-0.000015997,-0.000053203,0.002113350,0.000249581,-0.000005870,-0.000300430,-0.000363589,0.024999994
417,1.762500,-0.000300430,-0.000363591,0.224999994,1.000000000,0.000001414,-0.000000826,0.000004794,0.000026297,-0.000015971,-0.000053272,0.002115047,0.000262263,-0.000005342,-0.000300430,-0.000363591,0.024999994
418,1.766667,-0.000300430,-0.000363590,0.224999994,1.000000000,0.000001324,-0.000000726,0.000004785,0.000026371,-0.000015663,-0.000053287,0.002109205,0.000262399,-0.000005627,-0.000300430,-0.000363590,0.024999994
419,1.770833,-0.000300430,-0.000363590,0.224999994,0.999999940,0.000001377,-0.000000759,0.000004798,0.000026534,-0.000015649,-0.000053280,0.002108649,0.000266614,-0.000005437,-0.000300430,-0.000363590,0.024999994
420,1.775000,-0.000300428,-0.000363590,0.224999994,0.999999940,0.000001284,-0.000000672,0.000004790,0.000026709,-0.000015472,-0.000053331,0.002106591,0.000269904,-0.000005480,-0.000300428,-0.000363590,0.024999994
421,1.779167,-0.000300429,-0.000363589,0.224999994,1.000000000,0.000001331,-0.000000709,0.000004778,0.000026402,-0.000015623,-0.000053218,0.002106332,0.000263360,-0.000005560,-0.000300429,-0.000363589,0.024999994
422,1.783333,-0.000300430,-0.000363591,0.224999994,1.000000000,0.000001370,-0.000000757,0.000004791,0.000026104,-0.000016050,-0.000053201,0.002114397,0.000258207,-0.000005414,-0.000300430,-0.000363591,0.024999994
423,1.787500,-0.000300428,-0.000363591,0.224999994,1.000000000,0.000001279,-0.000000671,0.000004795,0.000026713,-0.000015557,-0.000053348,0.002108878,0.000270278,-0.000005395,-0.000300428,-0.000363591,0.024999994
424,1.791667,-0.000300428,-0.000363590,0.224999994,0.999999940,0.000001326,-0.000000708,0.000004784,0.000026416,-0.000015607,-0.000053224,0.002106107,0.000263666,-0.000005569,-0.000300428,-0.000363590,0.024999994
425,1.795833,-0.000300428,-0.000363589,0.224999994,1.000000000,0.000001377,-0.000000739,0.000004785,0.000026543,-0.000015573,-0.000053274,0.002106923,0.000266440,-0.000005505,-0.000300428,-0.000363589,0.024999994
426,1.800000,-0.000300430,-0.000363589,0.224999994,1.000000000,0.000001392,-0.000000805,0.000004785,0.000026007,-0.000015926,-0.000053187,0.002111459,0.000255050,-0.000005662,-0.000300430,-0.000363589,0.024999994
427,1.804167,-0.000300430,-0.000363590,0.224999994,1.000000000,0.000001434,-0.000000842,0.000004787,0.000026328,-0.000015793,-0.000053273,0.002111504,0.000261970,-0.000005513,-0.000300430,-0.000363590,0.024999994
428,1.808333,-0.000300429,-0.000363590,0.224999994,1.000000000,0.000001480,-0.000000874,0.000004779,0.000026488,-0.000015688,-0.000053327,0.002110805,0.000265416,-0.000005495,-0.000300429,-0.000363590,0.024999994
429,1.812500,-0.000300428,-0.000363589,0.224999994,1.000000000,0.000001225,-0.000000473,0.000004757,0.000026677,-0.000015498,-0.000053379,0.002108496,0.000268950,-0.000005546,-0.000300428,-0.000363589,0.024999994
430,1.816667,-0.000300429,-0.000363591,0.224999994,1.000000000,0.000001484,-0.000000854,0.000004791,0.000026106,-0.000016023,-0.000053151,0.002112263,0.000258526,-0.000005396,-0.000300429,-0.000363591,0.024999994
431,1.820833,-0.000300430,-0.000363591,0.224999994,1.000000000,0.000001361,-0.000000789,0.000004782,0.000026124,-0.000015900,-0.000053277,0.002113628,0.000257413,-0.000005643,-0.000300430,-0.000363591,0.024999994
432,1.825000,-0.000300429,-0.000363590,0.224999994,1.000000000,0.000001288,-0.000000674,0.000004785,0.000026609,-0.000015529,-0.000053302,0.002106981,0.000267603,-0.000005504,-0.000300429,-0.000363590,0.024999994
433,1.829167,-0.000300429,-0.000363590,0.224999994,0.999999940,0.000001337,-0.000000714,0.000004798,0.000026545,-0.000015626,-0.000053257,0.002107486,0.000266964,-0.000005428,-0.000300429,-0.000363590,0.024999994
434,1.833333,-0.000300429,-0.000363590,0.224999994,1.000000000,0.000001388,-0.000000744,0.000004786,0.000026387,-0.000015643,-0.000053240,0.002107350,0.000262988,-0.000005580,-0.000300429,-0.000363590,0.024999994
435,1.837500,-0.000300428,-0.000363590,0.224999994,1.000000000,0.000001407,-0.000000812,0.000004778,0.000026495,-0.000015679,-0.000053305,0.002109957,0.000265671,-0.000005473,-0.000300428,-0.000363590,0.024999994
436,1.841667,-0.000300429,-0.000363590,0.224999994,1.000000000,0.000001450,-0.000000844,0.000004791,0.000026150,-0.000015861,-0.000053241,0.002111705,0.000258143,-0.000005624,-0.000300429,-0.000363590,0.024999994
437,1.845833,-0.000300429,-0.000363590,0.224999994,1.000000000,0.000001496,-0.000000876,0.000004782,0.000026495,-0.000015693,-0.000053329,0.002111066,0.000265577,-0.000005484,-0.000300429,-0.000363590,0.024999994
438,1.850000,-0.000300430,-0.000363590,0.224999994,1.000000000,0.000001395,-0.000000783,0.000004773,0.000026122,-0.000015885,-0.000053268,0.002113025,0.000257359,-0.000005655,-0.000300430,-0.000363590,0.024999994
439,1.854167,-0.000300428,-0.000363590,0.224999994,1.000000000,0.000001304,-0.000000691,0.000004789,0.000026728,-0.000015477,-0.000053351,0.002107349,0.000270215,-0.000005476,-0.000300428,-0.000363590,0.024999994
440,1.858333,-0.000300429,-0.000363590,0.224999994,0.999999940,0.000001354,-0.000000723,0.000004777,0.000026192,-0.000015817,-0.000053193,0.002109390,0.000259216,-0.000005564,-0.000300429,-0.000363590,0.024999994
441,1.862500,-0.000300428,-0.000363588,0.224999994,0.999999940,0.000001236,-0.000000663,0.000004780,0.000026774,-0.000015363,-0.000053342,0.002104795,0.000270819,-0.000005543,-0.000300428,-0.000363588,0.024999994
442,1.866667,-0.000300427,-0.000363589,0.224999994,1.000000000,0.000001306,-0.000000683,0.000004781,0.000026491,-0.000015742,-0.000053228,0.002109053,0.000266338,-0.000005325,-0.000300427,-0.000363589,0.024999994
443,1.870833,-0.000300427,-0.000363591,0.224999994,0.999999940,0.000001493,-0.000000852,0.000004782,0.000026260,-0.000015963,-0.000053228,0.002113467,0.000261608,-0.000005353,-0.000300427,-0.000363591,0.024999994
444,1.875000,-0.000300429,-0.000363589,0.224999994,0.999999940,0.000001513,-0.000000897,0.000004783,0.000026254,-0.000015567,-0.000053281,0.002107076,0.000258823,-0.000005878,-0.000300429,-0.000363589,0.024999994
445,1.879167,-0.000300429,-0.000363590,0.224999994,0.999999940,0.000001416,-0.000000803,0.000004775,0.000026235,-0.000015933,-0.000053307,0.002115155,0.000260372,-0.000005500,-0.000300429,-0.000363590,0.024999994
446,1.883333,-0.000300427,-0.000363588,0.224999994,0.999999940,0.000001303,-0.000000527,0.000004753,0.000026912,-0.000015294,-0.000053395,0.002104976,0.000273679,-0.000005511,-0.000300427,-0.000363588,0.024999994
447,1.887500,-0.000300430,-0.000363588,0.224999994,1.000000000,0.000001393,-0.000000802,0.000004787,0.000025780,-0.000016040,-0.000053107,0.002111157,0.000250511,-0.000005732,-0.000300430,-0.000363588,0.024999994
448,1.891667,-0.000300429,-0.000363590,0.224999994,1.000000000,0.000001440,-0.000000843,0.000004779,0.000026439,-0.000015904,-0.000053314,0.002114991,0.000265278,-0.000005289,-0.000300429,-0.000363590,0.024999994
449,1.895833,-0.000300428,-0.000363591,0.224999994,1.000000000,0.000001486,-0.000000876,0.000004770,0.000026482,-0.000015682,-0.000053329,0.002110702,0.000265286,-0.000005512,-0.000300428,-0.000363591,0.024999994
450,1.900000,-0.000300429,-0.000363590,0.224999994,1.000000000,0.000001383,-0.000000783,0.000004785,0.000026336,-0.000015684,-0.000053306,0.002110071,0.000261584,-0.000005669,-0.000300429,-0.000363590,0.024999994
451,1.904167,-0.000300430,-0.000363589,0.224999994,1.000000000,0.000001290,-0.000000685,0.000004786,0.000026231,-0.000015732,-0.000053238,0.002109177,0.000259342,-0.000005666,-0.000300430,-0.000363589,0.024999994
452,1.908333,-0.000300429,-0.000363591,0.224999994,0.999999940,0.000001343,-0.000000727,0.000004799,0.000026469,-0.000015854,-0.000053260,0.002112282,0.000266204,-0.000005258,-0.000300429,-0.000363591,0.024999994
453,1.912500,-0.000300427,-0.000363590,0.224999994,1.000000000,0.000001395,-0.000000761,0.000004790,0.000026729,-0.000015456,-0.000053319,0.002105947,0.000270303,-0.000005462,-0.000300427,-0.000363590,0.024999994
454,1.916667,-0.000300428,-0.000363590,0.224999994,1.000000000,0.000001414,-0.000000825,0.000004780,0.000026142,-0.000015855,-0.000053226,0.002111077,0.000258032,-0.000005618,-0.000300428,-0.000363590,0.024999994
455,1.920833,-0.000300430,-0.000363590,0.224999994,1.000000000,0.000001456,-0.000000856,0.000004793,0.000026162,-0.000015871,-0.000053247,0.002112212,0.000258312,-0.000005599,-0.000300430,-0.000363590,0.024999994
456,1.925000,-0.000300428,-0.000363590,0.224999994,1.000000000,0.000001348,-0.000000572,0.000004747,0.000026699,-0.000015500,-0.000053377,0.002108577,0.000269449,-0.000005506,-0.000300428,-0.000363590,0.024999994
457,1.929167,-0.000300429,-0.000363590,0.224999994,0.999999940,0.000001443,-0.000000843,0.000004783,0.000026125,-0.000015860,-0.000053206,0.002110577,0.000257792,-0.000005624,-0.000300429,-0.000363590,0.024999994
458,1.933333,-0.000300428,-0.000363589,0.224999994,0.999999940,0.000001332,-0.000000563,0.000004760,0.000026693,-0.000015508,-0.000053365,0.002108382,0.000269410,-0.000005497,-0.000300428,-0.000363589,0.024999994
459,1.937500,-0.000300428,-0.000363588,0.224999994,1.000000000,0.000001426,-0.000000836,0.000004773,0.000026326,-0.000015674,-0.000053244,0.002107852,0.000261757,-0.000005625,-0.000300428,-0.000363588,0.024999994
460,1.941667,-0.000300428,-0.000363590,0.224999994,1.000000000,0.000001473,-0.000000867,0.000004787,0.000026273,-0.000015890,-0.000053286,0.002113608,0.000261254,-0.000005484,-0.000300428,-0.000363590,0.024999994
461,1.945833,-0.000300429,-0.000363590,0.224999994,1.000000000,0.000001519,-0.000000890,0.000004801,0.000026137,-0.000015881,-0.000053264,0.002112890,0.000257715,-0.000005639,-0.000300429,-0.000363590,0.024999994
462,1.950000,-0.000300429,-0.000363590,0.224999994,1.000000000,0.000001380,-0.000000640,0.000004755,0.000026446,-0.000015732,-0.000053365,0.002112751,0.000264407,-0.000005538,-0.000300429,-0.000363590,0.024999994
463,1.954167,-0.000300431,-0.000363591,0.224999994,1.000000000,0.000001352,-0.000000764,0.000004791,0.000025919,-0.000016067,-0.000053184,0.002114123,0.000253690,-0.000005609,-0.000300431,-0.000363591,0.024999994
464,1.958333,-0.000300429,-0.000363591,0.224999994,1.000000000,0.000001259,-0.000000680,0.000004795,0.000026691,-0.000015593,-0.000053334,0.002109199,0.000269963,-0.000005364,-0.000300429,-0.000363591,0.024999994
465,1.962500,-0.000300429,-0.000363589,0.224999994,0.999999940,0.000001326,-0.000000694,0.000004783,0.000026653,-0.000015392,-0.000053254,0.002102806,0.000268242,-0.000005558,-0.000300429,-0.000363589,0.024999994
466,1.966667,-0.000300430,-0.000363589,0.224999994,1.000000000,0.000001353,-0.000000750,0.000004783,0.000026183,-0.000015761,-0.000053192,0.002108322,0.000258669,-0.000005646,-0.000300430,-0.000363589,0.024999994
467,1.970833,-0.000300429,-0.000363591,0.224999994,1.000000000,0.000001395,-0.000000799,0.000004775,0.000026445,-0.000015879,-0.000053289,0.002113588,0.000265584,-0.000005285,-0.000300429,-0.000363591,0.024999994
468,1.975000,-0.000300429,-0.000363591,0.224999994,1.000000000,0.000001437,-0.000000836,0.000004777,0.000026310,-0.000015777,-0.000053270,0.002110929,0.000261622,-0.000005552,-0.000300429,-0.000363591,0.024999994
469,1.979167,-0.000300429,-0.000363590,0.224999994,1.000000000,0.000001349,-0.000000735,0.000004780,0.000026553,-0.000015562,-0.000053332,0.002108461,0.000266268,-0.000005570,-0.000300429,-0.000363590,0.024999994
470,1.983333,-0.000300429,-0.000363590,0.224999994,1.000000000,0.000001254,-0.000000648,0.000004781,0.000026329,-0.000015763,-0.000053245,0.002109898,0.000262167,-0.000005518,-0.000300429,-0.000363590,0.024999994
471,1.987500,-0.000300428,-0.000363590,0.224999994,0.999999940,0.000001302,-0.000000692,0.000004771,0.000026565,-0.000015625,-0.000053257,0.002107510,0.000267367,-0.000005395,-0.000300428,-0.000363590,0.024999994
472,1.991667,-0.000300429,-0.000363590,0.224999994,1.000000000,0.000001351,-0.000000725,0.000004783,0.000026395,-0.000015634,-0.000053231,0.002106911,0.000263124,-0.000005575,-0.000300429,-0.000363590,0.024999994
473,1.995833,-0.000300429,-0.000363590,0.224999994,1.000000000,0.000001257,-0.000000637,0.000004785,0.000026335,-0.000015768,-0.000053246,0.002110105,0.000262277,-0.000005507,-0.000300429,-0.000363590,0.024999994
474,2.000000,-0.000300427,-0.000363590,0.224999994,0.999999940,0.000001305,-0.000000683,0.000004787,0.000026715,-0.000015551,-0.000053290,0.002106980,0.000270656,-0.000005337,-0.000300427,-0.000363590,0.024999994
475,2.004167,-0.000300427,-0.000363589,0.224999994,1.000000000,0.000001354,-0.000000719,0.000004788,0.000026580,-0.000015518,-0.000053269,0.002105719,0.000267085,-0.000005520,-0.000300427,-0.000363589,0.024999994
476,2.008333,-0.000300430,-0.000363590,0.224999994,1.000000000,0.000001371,-0.000000783,0.000004788,0.000025751,-0.000016164,-0.000053139,0.002114897,0.000250066,-0.000005650,-0.000300430,-0.000363590,0.024999994
477,2.012500,-0.000300430,-0.000363590,0.224999994,1.000000000,0.000001279,-0.000000691,0.000004790,0.000026386,-0.000015754,-0.000053278,0.002110914,0.000263180,-0.000005494,-0.000300430,-0.000363590,0.024999994
478,2.016667,-0.000300430,-0.000363590,0.224999994,0.999999940,0.000001328,-0.000000729,0.000004790,0.000026402,-0.000015706,-0.000053231,0.002108409,0.000263694,-0.000005478,-0.000300430,-0.000363590,0.024999994
479,2.020833,-0.000300429,-0.000363590,0.224999994,1.000000000,0.000001380,-0.000000763,0.000004781,0.000026734,-0.000015461,-0.000053316,0.002105963,0.000270454,-0.000005445,-0.000300429,-0.000363590,0.024999994
480,2.025000,-0.000300430,-0.000363590,0.224999994,1.000000000,0.000001287,-0.000000670,0.000004794,0.000026162,-0.000015840,-0.000053217,0.002110594,0.000258444,-0.000005607,-0.000300430,-0.000363590,0.024999994
481,2.029167,-0.000300428,-0.000363591,0.224999994,0.999999940,0.000001339,-0.000000713,0.000004785,0.000026688,-0.000015653,-0.000053302,0.002109532,0.000270397,-0.000005261,-0.000300428,-0.000363591,0.024999994
482,2.033333,-0.000300428,-0.000363591,0.224999994,0.999999940,0.000001243,-0.000000630,0.000004786,0.000026356,-0.000015726,-0.000053242,0.002109004,0.000262713,-0.000005526,-0.000300428,-0.000363591,0.024999994
483,2.037500,-0.000300429,-0.000363590,0.224999994,1.000000000,0.000001286,-0.000000674,0.000004774,0.000026433,-0.000015617,-0.000053208,0.002106009,0.000264087,-0.000005520,-0.000300429,-0.000363590,0.024999994
484,2.041667,-0.000300430,-0.000363590,0.224999994,0.999999940,0.000001334,-0.000000709,0.000004786,0.000026210,-0.000015818,-0.000053186,0.002109393,0.000259628,-0.000005541,-0.000300430,-0.000363590,0.024999994
485,2.045833,-0.000300428,-0.000363589,0.224999994,1.000000000,0.000001386,-0.000000743,0.000004776,0.000026740,-0.000015467,-0.000053320,0.002106282,0.000270558,-0.000005437,-0.000300428,-0.000363589,0.024999994
486,2.050000,-0.000300429,-0.000363588,0.224999994,1.000000000,0.000001402,-0.000000807,0.000004777,0.000026205,-0.000015728,-0.000053231,0.002108669,0.000258872,-0.000005698,-0.000300429,-0.000363588,0.024999994
487,2.054167,-0.000300429,-0.000363591,0.224999994,1.000000000,0.000001449,-0.000000847,0.000004792,0.000026208,-0.000016094,-0.000053266,0.002117258,0.000260784,-0.000005306,-0.000300429,-0.000363591,0.024999994
488,2.058333,-0.000300429,-0.000363590,0.224999994,1.000000000,0.000001359,-0.000000744,0.000004783,0.000026579,-0.000015471,-0.000053338,0.002106819,0.000266411,-0.000005649,-0.000300429,-0.000363590,0.024999994
489,2.062500,-0.000300428,-0.000363590,0.224999994,1.000000000,0.000001265,-0.000000660,0.000004774,0.000026520,-0.000015653,-0.000053282,0.002108835,0.000266267,-0.000005450,-0.000300428,-0.000363590,0.024999994
490,2.066667,-0.000300430,-0.000363591,0.224999994,0.999999940,0.000001313,-0.000000697,0.000004785,0.000026001,-0.000016007,-0.000053140,0.002111787,0.000255560,-0.000005528,-0.000300430,-0.000363591,0.024999994
491,2.070833,-0.000300429,-0.000363590,0.224999994,1.000000000,0.000001363,-0.000000735,0.000004798,0.000026755,-0.000015463,-0.000053316,0.002106087,0.000270954,-0.000005422,-0.000300429,-0.000363590,0.024999994
492,2.075000,-0.000300431,-0.000363589,0.224999994,1.000000000,0.000001377,-0.000000799,0.000004787,0.000026025,-0.000015831,-0.000053182,0.002109339,0.000255085,-0.000005744,-0.000300431,-0.000363589,0.024999994
493,2.079167,-0.000300427,-0.000363591,0.224999994,1.000000000,0.000001287,-0.000000509,0.000004753,0.000026982,-0.000015587,-0.000053413,0.002111481,0.000277041,-0.000005099,-0.000300427,-0.000363591,0.024999994
494,2.083333,-0.000300428,-0.000363589,0.224999994,0.999999940,0.000001374,-0.000000787,0.000004788,0.000026220,-0.000015616,-0.000053193,0.002105143,0.000258993,-0.000005777,-0.000300428,-0.000363589,0.024999994
495,2.087500,-0.000300430,-0.000363589,0.224999994,0.999999940,0.000001279,-0.000000692,0.000004789,0.000026190,-0.000015782,-0.000053219,0.002109640,0.000258675,-0.000005639,-0.000300430,-0.000363589,0.024999994
496,2.091667,-0.000300428,-0.000363590,0.224999994,1.000000000,0.000001331,-0.000000735,0.000004780,0.000026672,-0.000015668,-0.000053299,0.002109697,0.000270129,-0.000005260,-0.000300428,-0.000363590,0.024999994
497,2.095833,-0.000300429,-0.000363590,0.224999994,1.000000000,0.000001235,-0.000000649,0.000004792,0.000026181,-0.000015823,-0.000053204,0.002109884,0.000258899,-0.000005588,-0.000300429,-0.000363590,0.024999994
498,2.100000,-0.000300429,-0.000363590,0.224999994,0.999999940,0.000001280,-0.000000695,0.000004793,0.000026429,-0.000015696,-0.000053216,0.002107877,0.000264381,-0.000005441,-0.000300429,-0.000363590,0.024999994
499,2.104167,-0.000300428,-0.000363589,0.224999994,1.000000000,0.000001328,-0.000000736,0.000004783,0.000026752,-0.000015445,-0.000053298,0.002105161,0.000270905,-0.000005423,-0.000300428,-0.000363589,0.024999994
500,2.108333,-0.000300430,-0.000363590,0.224999994,1.000000000,0.000001232,-0.000000649,0.000004795,0.000026005,-0.000015988,-0.000053168,0.002112051,0.000255530,-0.000005574,-0.000300430,-0.000363590,0.024999994
501,2.112500,-0.000300430,-0.000363589,0.224999994,0.999999940,0.000001275,-0.000000693,0.000004783,0.000026460,-0.000015611,-0.000053220,0.002106325,0.000264572,-0.000005502,-0.000300430,-0.000363589,0.024999994
502,2.116667,-0.000300429,-0.000363590,0.224999994,1.000000000,0.000001327,-0.000000734,0.000004785,0.000026471,-0.000015773,-0.000053253,0.002110348,0.000265854,-0.000005340,-0.000300429,-0.000363590,0.024999994
503,2.120833,-0.000300430,-0.000363590,0.224999994,0.999999940,0.000001380,-0.000000764,0.000004785,0.000026379,-0.000015718,-0.000053248,0.002109155,0.000263147,-0.000005513,-0.000300430,-0.000363590,0.024999994
504,2.125000,-0.000300428,-0.000363590,0.224999994,0.999999940,0.000001286,-0.000000677,0.000004777,0.000026715,-0.000015477,-0.000053334,0.002106817,0.000270001,-0.000005469,-0.000300428,-0.000363590,0.024999994
505,2.129167,-0.000300428,-0.000363590,0.224999994,1.000000000,0.000001335,-0.000000715,0.000004778,0.000026376,-0.000015712,-0.000053220,0.002108087,0.000263287,-0.000005495,-0.000300428,-0.000363590,0.024999994
506,2.133333,-0.000300429,-0.000363590,0.224999994,1.000000000,0.000001238,-0.000000629,0.000004790,0.000026193,-0.000015834,-0.000053208,0.002110238,0.000259202,-0.000005563,-0.000300429,-0.000363590,0.024999994
507,2.137500,-0.000300429,-0.000363590,0.224999994,0.999999940,0.000001284,-0.000000676,0.000004803,0.000026579,-0.000015621,-0.000053249,0.002107295,0.000267667,-0.000005382,-0.000300429,-0.000363590,0.024999994
508,2.141667,-0.000300429,-0.000363589,0.224999994,1.000000000,0.000001331,-0.000000713,0.000004791,0.000026405,-0.000015626,-0.000053223,0.002106530,0.000263404,-0.000005558,-0.000300429,-0.000363589,0.024999994
509,2.145833,-0.000300427,-0.000363591,0.224999994,1.000000000,0.000001372,-0.000000769,0.000004795,0.000026636,-0.000015753,-0.000053316,0.002111771,0.000269706,-0.000005226,-0.000300427,-0.000363591,0.024999994
510,2.150000,-0.000300428,-0.000363590,0.224999994,1.000000000,0.000001277,-0.000000675,0.000004796,0.000026187,-0.000015750,-0.000053223,0.002109007,0.000258519,-0.000005685,-0.000300428,-0.000363590,0.024999994
511,2.154167,-0.000300429,-0.000363589,0.224999994,0.999999940,0.000001324,-0.000000711,0.000004784,0.000026436,-0.000015624,-0.000053231,0.002106850,0.000264072,-0.000005532,-0.000300429,-0.000363589,0.024999994
512,2.158333,-0.000300429,-0.000363589,0.224999994,1.000000000,0.000001375,-0.000000740,0.000004773,0.000026392,-0.000015647,-0.000053241,0.002107552,0.000263066,-0.000005569,-0.000300429,-0.000363589,0.024999994
513,2.162500,-0.000300428,-0.000363591,0.224999994,1.000000000,0.000001396,-0.000000815,0.000004788,0.000026414,-0.000015887,-0.000053292,0.002113715,0.000264891,-0.000005321,-0.000300428,-0.000363591,0.024999994
514,2.166667,-0.000300430,-0.000363592,0.224999994,1.000000000,0.000001328,-0.000000693,0.000004789,0.000026118,-0.000015965,-0.000053225,0.002113446,0.000257874,-0.000005519,-0.000300430,-0.000363592,0.024999994
515,2.170833,-0.000300430,-0.000363590,0.224999994,0.999999940,0.000001354,-0.000000750,0.000004790,0.000026469,-0.000015518,-0.000053258,0.002105454,0.000264168,-0.000005644,-0.000300430,-0.000363590,0.024999994
516,2.175000,-0.000300429,-0.000363589,0.224999994,0.999999940,0.000001258,-0.000000664,0.000004792,0.000026572,-0.000015544,-0.000053287,0.002106737,0.000266976,-0.000005521,-0.000300429,-0.000363589,0.024999994
517,2.179167,-0.000300428,-0.000363590,0.224999994,1.000000000,0.000001308,-0.000000709,0.000004794,0.000026517,-0.000015724,-0.000053248,0.002109254,0.000266811,-0.000005336,-0.000300428,-0.000363590,0.024999994
518,2.183333,-0.000300429,-0.000363590,0.224999994,0.999999940,0.000001358,-0.000000741,0.000004782,0.000026198,-0.000015821,-0.000053197,0.002109753,0.000259248,-0.000005559,-0.000300429,-0.000363590,0.024999994
519,2.187500,-0.000300428,-0.000363590,0.224999994,0.999999940,0.000001263,-0.000000657,0.000004797,0.000026730,-0.000015474,-0.000053328,0.002106628,0.000270326,-0.000005453,-0.000300428,-0.000363590,0.024999994
520,2.191667,-0.000300429,-0.000363590,0.224999994,1.000000000,0.000001309,-0.000000696,0.000004785,0.000026195,-0.000015816,-0.000053172,0.002108820,0.000259393,-0.000005540,-0.000300429,-0.000363590,0.024999994
521,2.195833,-0.000300428,-0.000363590,0.224999994,0.999999940,0.000001361,-0.000000733,0.000004775,0.000026551,-0.000015646,-0.000053275,0.002108607,0.000266936,-0.000005411,-0.000300428,-0.000363590,0.024999994
522,2.200000,-0.000300429,-0.000363589,0.224999994,0.999999940,0.000001264,-0.000000644,0.000004788,0.000026376,-0.000015650,-0.000053249,0.002107793,0.000262632,-0.000005599,-0.000300429,-0.000363589,0.024999994
523,2.204167,-0.000300428,-0.000363590,0.224999994,1.000000000,0.000001314,-0.000000689,0.000004789,0.000026524,-0.000015729,-0.000053252,0.002109472,0.000266913,-0.000005322,-0.000300428,-0.000363590,0.024999994
524,2.208333,-0.000300429,-0.000363590,0.224999994,0.999999940,0.000001364,-0.000000721,0.000004777,0.000026198,-0.000015820,-0.000053198,0.002109678,0.000259312,-0.000005561,-0.000300429,-0.000363590,0.024999994
525,2.212500,-0.000300428,-0.000363589,0.224999994,0.999999940,0.000001246,-0.000000661,0.000004781,0.000026773,-0.000015362,-0.000053342,0.002104770,0.000270783,-0.000005542,-0.000300428,-0.000363589,0.024999994
526,2.216667,-0.000300428,-0.000363590,0.224999994,1.000000000,0.000001295,-0.000000704,0.000004793,0.000026319,-0.000015831,-0.000053204,0.002109964,0.000262604,-0.000005408,-0.000300428,-0.000363590,0.024999994
527,2.220833,-0.000300429,-0.000363590,0.224999994,0.999999940,0.000001345,-0.000000735,0.000004781,0.000026205,-0.000015826,-0.000053202,0.002110022,0.000259445,-0.000005548,-0.000300429,-0.000363590,0.024999994
528,2.225000,-0.000300427,-0.000363589,0.224999994,0.999999940,0.000001250,-0.000000651,0.000004796,0.000026729,-0.000015474,-0.000053328,0.002106621,0.000270331,-0.000005454,-0.000300427,-0.000363589,0.024999994
529,2.229167,-0.000300428,-0.000363589,0.224999994,1.000000000,0.000001297,-0.000000693,0.000004773,0.000026387,-0.000015705,-0.000053212,0.002107712,0.000263521,-0.000005475,-0.000300428,-0.000363589,0.024999994
530,2.233333,-0.000300428,-0.000363590,0.224999994,0.999999940,0.000001350,-0.000000728,0.000004786,0.000026327,-0.000015840,-0.000053233,0.002111154,0.000262581,-0.000005417,-0.000300428,-0.000363590,0.024999994
531,2.237500,-0.000300427,-0.000363589,0.224999994,0.999999940,0.000001254,-0.000000642,0.000004788,0.000026574,-0.000015544,-0.000053296,0.002107015,0.000266961,-0.000005526,-0.000300427,-0.000363589,0.024999994
532,2.241667,-0.000300426,-0.000363590,0.224999994,1.000000000,0.000001304,-0.000000687,0.000004789,0.000026516,-0.000015725,-0.000053248,0.002109323,0.000266744,-0.000005336,-0.000300426,-0.000363590,0.024999994
533,2.245833,-0.000300429,-0.000363590,0.224999994,0.999999940,0.000001353,-0.000000714,0.000004776,0.000025857,-0.000016006,-0.000053125,0.002111329,0.000251926,-0.000005685,-0.000300429,-0.000363590,0.024999994
534,2.250000,-0.000300428,-0.000363590,0.224999994,1.000000000,0.000001384,-0.000000772,0.000004791,0.000026730,-0.000015490,-0.000053334,0.002107195,0.000270331,-0.000005440,-0.000300428,-0.000363590,0.024999994
535,2.254167,-0.000300429,-0.000363591,0.224999994,1.000000000,0.000001425,-0.000000812,0.000004792,0.000026097,-0.000015966,-0.000053212,0.002113007,0.000257545,-0.000005532,-0.000300429,-0.000363591,0.024999994
536,2.258333,-0.000300428,-0.000363591,0.224999994,1.000000000,0.000001469,-0.000000848,0.000004806,0.000026504,-0.000015686,-0.000053323,0.002110769,0.000265728,-0.000005479,-0.000300428,-0.000363591,0.024999994
537,2.262500,-0.000300429,-0.000363591,0.224999994,1.000000000,0.000001516,-0.000000874,0.000004786,0.000026283,-0.000015803,-0.000053291,0.002112089,0.000260940,-0.000005576,-0.000300429,-0.000363591,0.024999994
538,2.266667,-0.000300431,-0.000363591,0.224999994,1.000000000,0.000001394,-0.000000803,0.000004788,0.000025957,-0.000015979,-0.000053247,0.002114259,0.000253744,-0.000005726,-0.000300431,-0.000363591,0.024999994
539,2.270833,-0.000300428,-0.000363591,0.224999994,1.000000000,0.000001281,-0.000000533,0.000004742,0.000026862,-0.000015498,-0.000053388,0.002108985,0.000273523,-0.000005324,-0.000300428,-0.000363591,0.024999994
540,2.275000,-0.000300429,-0.000363590,0.224999994,0.999999940,0.000001389,-0.000000786,0.000004800,0.000026246,-0.000015607,-0.000053183,0.002104764,0.000259562,-0.000005749,-0.000300429,-0.000363590,0.024999994
541,2.279167,-0.000300428,-0.000363588,0.224999994,0.999999940,0.000001295,-0.000000694,0.000004780,0.000026778,-0.000015365,-0.000053347,0.002105013,0.000270864,-0.000005533,-0.000300428,-0.000363588,0.024999994
542,2.283333,-0.000300428,-0.000363589,0.224999994,1.000000000,0.000001348,-0.000000729,0.000004792,0.000026300,-0.000015847,-0.000053220,0.002110853,0.000262032,-0.000005434,-0.000300428,-0.000363589,0.024999994
543,2.287500,-0.000300429,-0.000363591,0.224999994,1.000000000,0.000001389,-0.000000773,0.000004782,0.000026097,-0.000016058,-0.000053217,0.002115064,0.000257958,-0.000005426,-0.000300429,-0.000363591,0.024999994
544,2.291667,-0.000300429,-0.000363592,0.224999994,1.000000000,0.000001432,-0.000000818,0.000004785,0.000026458,-0.000015795,-0.000053303,0.002112381,0.000265281,-0.000005383,-0.000300429,-0.000363592,0.024999994
545,2.295833,-0.000300430,-0.000363591,0.224999994,1.000000000,0.000001341,-0.000000715,0.000004786,0.000026175,-0.000015772,-0.000053243,0.002110050,0.000258158,-0.000005695,-0.000300430,-0.000363591,0.024999994
546,2.300000,-0.000300429,-0.000363591,0.224999994,0.999999940,0.000001392,-0.000000747,0.000004788,0.000026567,-0.000015565,-0.000053281,0.002107091,0.000266881,-0.000005493,-0.000300429,-0.000363591,0.024999994
547,2.304167,-0.000300428,-0.000363590,0.224999994,0.999999940,0.000001410,-0.000000817,0.000004803,0.000026687,-0.000015487,-0.000053337,0.002107014,0.000269430,-0.000005502,-0.000300428,-0.000363590,0.024999994
548,2.308333,-0.000300428,-0.000363589,0.224999994,0.999999940,0.000001319,-0.000000718,0.000004793,0.000026345,-0.000015671,-0.000053272,0.002108748,0.000261954,-0.000005632,-0.000300428,-0.000363589,0.024999994
549,2.312500,-0.000300428,-0.000363589,0.224999994,1.000000000,0.000001370,-0.000000747,0.000004782,0.000026395,-0.000015649,-0.000053243,0.002107674,0.000263116,-0.000005565,-0.000300428,-0.000363589,0.024999994
550,2.316667,-0.000300429,-0.000363591,0.224999994,1.000000000,0.000001413,-0.000000792,0.000004784,0.000026070,-0.000016148,-0.000053213,0.002116727,0.000257841,-0.000005355,-0.000300429,-0.000363591,0.024999994
551,2.320833,-0.000300429,-0.000363591,0.224999994,1.000000000,0.000001321,-0.000000698,0.000004786,0.000026578,-0.000015549,-0.000053324,0.002108084,0.000266811,-0.000005546,-0.000300429,-0.000363591,0.024999994
552,2.325000,-0.000300430,-0.000363591,0.224999994,0.999999940,0.000001373,-0.000000731,0.000004787,0.000026172,-0.000015910,-0.000053196,0.002111422,0.000259190,-0.000005485,-0.000300430,-0.000363591,0.024999994
553,2.329167,-0.000300428,-0.000363589,0.224999994,0.999999940,0.000001253,-0.000000670,0.000004778,0.000026799,-0.000015272,-0.000053343,0.002102976,0.000270893,-0.000005613,-0.000300428,-0.000363589,0.024999994
554,2.333333,-0.000300429,-0.000363590,0.224999994,1.000000000,0.000001301,-0.000000711,0.000004778,0.000026169,-0.000015906,-0.000053168,0.002110524,0.000259294,-0.000005467,-0.000300429,-0.000363590,0.024999994
555,2.337500,-0.000300430,-0.000363590,0.224999994,0.999999940,0.000001352,-0.000000744,0.000004779,0.000026360,-0.000015756,-0.000053237,0.002109681,0.000262778,-0.000005477,-0.000300430,-0.000363590,0.024999994
556,2.341667,-0.000300428,-0.000363589,0.224999994,0.999999940,0.000001257,-0.000000661,0.000004793,0.000026724,-0.000015469,-0.000053326,0.002106376,0.000270229,-0.000005464,-0.000300428,-0.000363589,0.024999994
557,2.345833,-0.000300429,-0.000363588,0.224999994,1.000000000,0.000001301,-0.000000699,0.000004793,0.000026259,-0.000015690,-0.000053176,0.002106411,0.000260266,-0.000005615,-0.000300429,-0.000363588,0.024999994
558,2.350000,-0.000300428,-0.000363590,0.224999994,0.999999940,0.000001488,-0.000000870,0.000004783,0.000026461,-0.000015861,-0.000053270,0.002112631,0.000266010,-0.000005263,-0.000300428,-0.000363590,0.024999994
559,2.354167,-0.000300428,-0.000363590,0.224999994,0.999999940,0.000001387,-0.000000780,0.000004787,0.000026511,-0.000015585,-0.000053348,0.002109322,0.000265321,-0.000005614,-0.000300428,-0.000363590,0.024999994
560,2.358333,-0.000300427,-0.000363589,0.224999994,0.999999940,0.000001295,-0.000000687,0.000004789,0.000026550,-0.000015556,-0.000053306,0.002107475,0.000266388,-0.000005550,-0.000300427,-0.000363589,0.024999994
561,2.362500,-0.000300426,-0.000363590,0.224999994,1.000000000,0.000001348,-0.000000725,0.000004791,0.000026498,-0.000015740,-0.000053267,0.002110069,0.000266354,-0.000005359,-0.000300426,-0.000363590,0.024999994
562,2.366667,-0.000300428,-0.000363590,0.224999994,1.000000000,0.000001253,-0.000000632,0.000004791,0.000025989,-0.000015947,-0.000053177,0.002111634,0.000254716,-0.000005648,-0.000300428,-0.000363590,0.024999994
563,2.370833,-0.000300430,-0.000363591,0.224999994,0.999999940,0.000001299,-0.000000675,0.000004791,0.000026181,-0.000015939,-0.000053174,0.002111609,0.000259469,-0.000005417,-0.000300430,-0.000363591,0.024999994
564,2.375000,-0.000300428,-0.000363591,0.224999994,1.000000000,0.000001350,-0.000000718,0.000004793,0.000026734,-0.000015539,-0.000053306,0.002107350,0.000270927,-0.000005346,-0.000300428,-0.000363591,0.024999994
565,2.379167,-0.000300429,-0.000363589,0.224999994,0.999999940,0.000001377,-0.000000769,0.000004782,0.000026250,-0.000015622,-0.000053213,0.002106094,0.000259486,-0.000005746,-0.000300429,-0.000363589,0.024999994
566,2.383333,-0.000300428,-0.000363589,0.224999994,0.999999940,0.000001283,-0.000000681,0.000004773,0.000026722,-0.000015484,-0.000053334,0.002106945,0.000270199,-0.000005452,-0.000300428,-0.000363589,0.024999994
567,2.387500,-0.000300429,-0.000363591,0.224999994,1.000000000,0.000001468,-0.000000851,0.000004785,0.000026096,-0.000016040,-0.000053177,0.002113395,0.000258189,-0.000005412,-0.000300429,-0.000363591,0.024999994
568,2.391667,-0.000300428,-0.000363591,0.224999994,1.000000000,0.000001515,-0.000000880,0.000004800,0.000026484,-0.000015700,-0.000053342,0.002111572,0.000265262,-0.000005508,-0.000300428,-0.000363591,0.024999994
569,2.395833,-0.000300430,-0.000363591,0.224999994,1.000000000,0.000001394,-0.000000808,0.000004779,0.000025912,-0.000016011,-0.000053236,0.002114599,0.000252868,-0.000005729,-0.000300430,-0.000363591,0.024999994
570,2.400000,-0.000300431,-0.000363591,0.224999994,1.000000000,0.000001436,-0.000000845,0.000004781,0.000026331,-0.000015795,-0.000053276,0.002111619,0.000262118,-0.000005510,-0.000300431,-0.000363591,0.024999994
571,2.404167,-0.000300428,-0.000363589,0.224999994,1.000000000,0.000001323,-0.000000565,0.000004746,0.000026981,-0.000015159,-0.000053409,0.002102594,0.000274626,-0.000005595,-0.000300428,-0.000363589,0.024999994
572,2.408333,-0.000300428,-0.000363590,0.224999994,0.999999940,0.000001441,-0.000000816,0.000004783,0.000026264,-0.000015855,-0.000053225,0.002110817,0.000261439,-0.000005475,-0.000300428,-0.000363590,0.024999994
573,2.412500,-0.000300429,-0.000363590,0.224999994,0.999999940,0.000001484,-0.000000850,0.000004785,0.000026332,-0.000015770,-0.000053284,0.002111226,0.000262002,-0.000005545,-0.000300429,-0.000363590,0.024999994
574,2.416667,-0.000300430,-0.000363589,0.224999994,0.999999940,0.000001359,-0.000000784,0.000004788,0.000026165,-0.000015784,-0.000053274,0.002111096,0.000257898,-0.000005727,-0.000300430,-0.000363589,0.024999994
575,2.420833,-0.000300427,-0.000363590,0.224999994,0.999999940,0.000001265,-0.000000494,0.000004753,0.000026845,-0.000015574,-0.000053365,0.002109760,0.000273701,-0.000005231,-0.000300427,-0.000363590,0.024999994
576,2.425000,-0.000300428,-0.000363589,0.224999994,1.000000000,0.000001353,-0.000000778,0.000004789,0.000026346,-0.000015643,-0.000053217,0.002106425,0.000262294,-0.000005613,-0.000300428,-0.000363589,0.024999994
577,2.429167,-0.000300429,-0.000363589,0.224999994,1.000000000,0.000001280,-0.000000660,0.000004778,0.000026198,-0.000015837,-0.000053216,0.002110684,0.000259209,-0.000005558,-0.000300429,-0.000363589,0.024999994
578,2.433333,-0.000300430,-0.000363590,0.224999994,0.999999940,0.000001329,-0.000000695,0.000004790,0.000026218,-0.000015822,-0.000053192,0.002109706,0.000259735,-0.000005531,-0.000300430,-0.000363590,0.024999994
579,2.437500,-0.000300429,-0.000363589,0.224999994,1.000000000,0.000001358,-0.000000755,0.000004791,0.000026537,-0.000015584,-0.000053280,0.002107327,0.000266287,-0.000005506,-0.000300429,-0.000363589,0.024999994
580,2.441667,-0.000300429,-0.000363591,0.224999994,1.000000000,0.000001400,-0.000000804,0.000004783,0.000026432,-0.000015868,-0.000053283,0.002113139,0.000265263,-0.000005308,-0.000300429,-0.000363591,0.024999994
581,2.445833,-0.000300431,-0.000363591,0.224999994,1.000000000,0.000001441,-0.000000837,0.000004783,0.000025970,-0.000015964,-0.000053197,0.002112561,0.000254221,-0.000005674,-0.000300431,-0.000363591,0.024999994
582,2.450000,-0.000300428,-0.000363591,0.224999994,1.000000000,0.000001464,-0.000000692,0.000004737,0.000026842,-0.000015513,-0.000053406,0.002109751,0.000273045,-0.000005348,-0.000300428,-0.000363591,0.024999994
583,2.454167,-0.000300430,-0.000363589,0.224999994,1.000000000,0.000001415,-0.000000827,0.000004785,0.000026008,-0.000015751,-0.000053221,0.002108641,0.000254173,-0.000005913,-0.000300430,-0.000363589,0.024999994
584,2.458333,-0.000300430,-0.000363590,0.224999994,1.000000000,0.000001458,-0.000000861,0.000004787,0.000026360,-0.000015766,-0.000053285,0.002111329,0.000262572,-0.000005517,-0.000300430,-0.000363590,0.024999994
585,2.462500,-0.000300430,-0.000363589,0.224999994,1.000000000,0.000001503,-0.000000888,0.000004790,0.000026501,-0.000015606,-0.000053334,0.002109352,0.000265216,-0.000005584,-0.000300430,-0.000363589,0.024999994
586,2.466667,-0.000300429,-0.000363591,0.224999994,1.000000000,0.000001384,-0.000000620,0.000004745,0.000026375,-0.000015916,-0.000053337,0.002115577,0.000263879,-0.000005379,-0.000300429,-0.000363591,0.024999994
587,2.470833,-0.000300427,-0.000363592,0.224999994,0.999999940,0.000001482,-0.000000686,0.000004745,0.000026603,-0.000015695,-0.000053336,0.002111094,0.000268544,-0.000005367,-0.000300427,-0.000363592,0.024999994
588,2.475000,-0.000300427,-0.000363589,0.224999994,0.999999940,0.000001432,-0.000000821,0.000004783,0.000026572,-0.000015304,-0.000053343,0.002103282,0.000265452,-0.000005867,-0.000300427,-0.000363589,0.024999994
589,2.479167,-0.000300429,-0.000363591,0.224999994,0.999999940,0.000001478,-0.000000853,0.000004784,0.000025896,-0.000016170,-0.000053192,0.002116536,0.000253578,-0.000005520,-0.000300429,-0.000363591,0.024999994
590,2.483333,-0.000300427,-0.000363591,0.224999994,0.999999940,0.000001503,-0.000000701,0.000004750,0.000026666,-0.000015608,-0.000053384,0.002111024,0.000269161,-0.000005433,-0.000300427,-0.000363591,0.024999994
591,2.487500,-0.000300429,-0.000363591,0.224999994,0.999999940,0.000001461,-0.000000836,0.000004788,0.000026052,-0.000015921,-0.000053259,0.002113221,0.000256098,-0.000005702,-0.000300429,-0.000363591,0.024999994
592,2.491667,-0.000300429,-0.000363591,0.224999994,0.999999940,0.000001506,-0.000000866,0.000004790,0.000026291,-0.000015822,-0.000053288,0.002112427,0.000261204,-0.000005541,-0.000300429,-0.000363591,0.024999994
593,2.495833,-0.000300428,-0.000363589,0.224999994,0.999999940,0.000001361,-0.000000619,0.000004744,0.000026737,-0.000015317,-0.000053394,0.002105247,0.000269371,-0.000005692,-0.000300428,-0.000363589,0.024999994
594,2.500000,-0.000300428,-0.000363590,0.224999994,1.000000000,0.000001483,-0.000000862,0.000004782,0.000026238,-0.000015893,-0.000053243,0.002112316,0.000260708,-0.000005486,-0.000300428,-0.000363590,0.024999994
595,2.504167,-0.000300429,-0.000363591,0.224999994,1.000000000,0.000001383,-0.000000773,0.000004784,0.000026075,-0.000016009,-0.000053259,0.002115299,0.000256938,-0.000005560,-0.000300429,-0.000363591,0.024999994
596,2.508333,-0.000300428,-0.000363590,0.224999994,1.000000000,0.000001287,-0.000000681,0.000004798,0.000026612,-0.000015453,-0.000053309,0.002105741,0.000267206,-0.000005602,-0.000300428,-0.000363590,0.024999994
597,2.512500,-0.000300430,-0.000363590,0.224999994,0.999999940,0.000001336,-0.000000716,0.000004786,0.000025992,-0.000016014,-0.000053144,0.002112013,0.000255386,-0.000005529,-0.000300430,-0.000363590,0.024999994
598,2.516667,-0.000300429,-0.000363590,0.224999994,1.000000000,0.000001388,-0.000000749,0.000004776,0.000026747,-0.000015472,-0.000053325,0.002106626,0.000270697,-0.000005427,-0.000300429,-0.000363590,0.024999994
599,2.520833,-0.000300429,-0.000363589,0.224999994,1.000000000,0.000001405,-0.000000815,0.000004790,0.000026355,-0.000015653,-0.000053264,0.002108124,0.000262167,-0.000005638,-0.000300429,-0.000363589,0.024999994
600,2.525000,-0.000300429,-0.000363590,0.224999994,1.000000000,0.000001451,-0.000000852,0.000004793,0.000026433,-0.000015808,-0.000053310,0.002112678,0.000264841,-0.000005407,-0.000300429,-0.000363590,0.024999994
601,2.529167,-0.000300430,-0.000363590,0.224999994,1.000000000,0.000001496,-0.000000880,0.000004783,0.000026143,-0.000015869,-0.000053253,0.002112284,0.000257853,-0.000005629,-0.000300430,-0.000363590,0.024999994
602,2.533333,-0.000300429,-0.000363591,0.224999994,1.000000000,0.000001374,-0.000000609,0.000004737,0.000026476,-0.000015709,-0.000053348,0.002111890,0.000265020,-0.000005507,-0.000300429,-0.000363591,0.024999994
603,2.537500,-0.000300427,-0.000363591,0.224999994,0.999999940,0.000001471,-0.000000674,0.000004748,0.000026664,-0.000015569,-0.000053335,0.002108480,0.000269411,-0.000005440,-0.000300427,-0.000363591,0.024999994
604,2.541667,-0.000300428,-0.000363590,0.224999994,0.999999940,0.000001425,-0.000000814,0.000004787,0.000026277,-0.000015712,-0.000053288,0.002109831,0.000260533,-0.000005695,-0.000300428,-0.000363590,0.024999994
605,2.545833,-0.000300428,-0.000363589,0.224999994,0.999999940,0.000001334,-0.000000714,0.000004777,0.000026359,-0.000015683,-0.000053278,0.002109352,0.000262176,-0.000005607,-0.000300428,-0.000363589,0.024999994
606,2.550000,-0.000300427,-0.000363590,0.224999994,1.000000000,0.000001387,-0.000000746,0.000004790,0.000026519,-0.000015664,-0.000053277,0.002108951,0.000266246,-0.000005436,-0.000300427,-0.000363590,0.024999994
607,2.554167,-0.000300429,-0.000363590,0.224999994,1.000000000,0.000001406,-0.000000810,0.000004780,0.000026148,-0.000015860,-0.000053231,0.002111404,0.000258128,-0.000005611,-0.000300429,-0.000363590,0.024999994
608,2.558333,-0.000300430,-0.000363590,0.224999994,1.000000000,0.000001448,-0.000000841,0.000004793,0.000026162,-0.000015871,-0.000053246,0.002112229,0.000258290,-0.000005603,-0.000300430,-0.000363590,0.024999994
609,2.562500,-0.000300429,-0.000363590,0.224999994,1.000000000,0.000001494,-0.000000874,0.000004785,0.000026495,-0.000015693,-0.000053330,0.002111072,0.000265517,-0.000005483,-0.000300429,-0.000363590,0.024999994
610,2.566667,-0.000300428,-0.000363590,0.224999994,1.000000000,0.000001372,-0.000000603,0.000004739,0.000026463,-0.000015698,-0.000053341,0.002111386,0.000264830,-0.000005531,-0.000300428,-0.000363590,0.024999994
611,2.570833,-0.000300430,-0.000363590,0.224999994,0.999999940,0.000001468,-0.000000869,0.000004786,0.000025971,-0.000015947,-0.000053188,0.002111731,0.000254409,-0.000005693,-0.000300430,-0.000363590,0.024999994
612,2.575000,-0.000300429,-0.000363590,0.224999994,0.999999940,0.000001360,-0.000000584,0.000004740,0.000026691,-0.000015520,-0.000053377,0.002109005,0.000269306,-0.000005492,-0.000300429,-0.000363590,0.024999994
613,2.579167,-0.000300427,-0.000363588,0.224999994,1.000000000,0.000001454,-0.000000857,0.000004790,0.000026719,-0.000015369,-0.000053330,0.002104225,0.000269770,-0.000005599,-0.000300427,-0.000363588,0.024999994
614,2.583333,-0.000300428,-0.000363589,0.224999994,1.000000000,0.000001353,-0.000000769,0.000004792,0.000026061,-0.000016001,-0.000053246,0.002114608,0.000256686,-0.000005572,-0.000300428,-0.000363589,0.024999994
615,2.587500,-0.000300430,-0.000363590,0.224999994,1.000000000,0.000001395,-0.000000808,0.000004793,0.000026120,-0.000015983,-0.000053228,0.002113922,0.000257973,-0.000005498,-0.000300430,-0.000363590,0.024999994
616,2.591667,-0.000300429,-0.000363590,0.224999994,1.000000000,0.000001305,-0.000000715,0.000004785,0.000026514,-0.000015677,-0.000053315,0.002110332,0.000265991,-0.000005463,-0.000300429,-0.000363590,0.024999994
617,2.595833,-0.000300429,-0.000363590,0.224999994,0.999999940,0.000001356,-0.000000749,0.000004785,0.000026348,-0.000015747,-0.000053231,0.002109161,0.000262661,-0.000005498,-0.000300429,-0.000363590,0.024999994
618,2.600000,-0.000300428,-0.000363590,0.224999994,0.999999940,0.000001261,-0.000000665,0.000004800,0.000026724,-0.000015470,-0.000053325,0.002106454,0.000270168,-0.000005461,-0.000300428,-0.000363590,0.024999994
619,2.604167,-0.000300429,-0.000363590,0.224999994,1.000000000,0.000001307,-0.000000705,0.000004788,0.000026195,-0.000015816,-0.000053171,0.002108802,0.000259362,-0.000005539,-0.000300429,-0.000363590,0.024999994
620,2.608333,-0.000300428,-0.000363590,0.224999994,0.999999940,0.000001359,-0.000000741,0.000004778,0.000026551,-0.000015645,-0.000053276,0.002108618,0.000266938,-0.000005413,-0.000300428,-0.000363590,0.024999994
621,2.612500,-0.000300429,-0.000363589,0.224999994,0.999999940,0.000001262,-0.000000652,0.000004791,0.000026376,-0.000015650,-0.000053249,0.002107746,0.000262675,-0.000005598,-0.000300429,-0.000363589,0.024999994
622,2.616667,-0.000300429,-0.000363590,0.224999994,1.000000000,0.000001311,-0.000000695,0.000004803,0.000026333,-0.000015840,-0.000053212,0.002110563,0.000262826,-0.000005388,-0.000300429,-0.000363590,0.024999994
623,2.620833,-0.000300430,-0.000363590,0.224999994,0.999999940,0.000001362,-0.000000726,0.000004792,0.000026204,-0.000015825,-0.000053202,0.002110015,0.000259347,-0.000005550,-0.000300430,-0.000363590,0.024999994
624,2.625000,-0.000300428,-0.000363590,0.224999994,0.999999940,0.000001246,-0.000000667,0.000004783,0.000026710,-0.000015489,-0.000053337,0.002107146,0.000269916,-0.000005466,-0.000300428,-0.000363590,0.024999994
625,2.629167,-0.000300429,-0.000363590,0.224999994,1.000000000,0.000001313,-0.000000684,0.000004783,0.000026406,-0.000015690,-0.000053203,0.002107294,0.000263876,-0.000005464,-0.000300429,-0.000363590,0.024999994
626,2.633333,-0.000300430,-0.000363589,0.224999994,0.999999940,0.000001341,-0.000000739,0.000004783,0.000026206,-0.000015750,-0.000053204,0.002108461,0.000259070,-0.000005642,-0.000300430,-0.000363589,0.024999994
627,2.637500,-0.000300428,-0.000363590,0.224999994,0.999999940,0.000001250,-0.000000657,0.000004799,0.000026641,-0.000015691,-0.000053323,0.002110875,0.000269344,-0.000005303,-0.000300428,-0.000363590,0.024999994
628,2.641667,-0.000300430,-0.000363588,0.224999994,1.000000000,0.000001293,-0.000000695,0.000004786,0.000026285,-0.000015599,-0.000053181,0.002104735,0.000260400,-0.000005689,-0.000300430,-0.000363588,0.024999994
629,2.645833,-0.000300429,-0.000363590,0.224999994,0.999999940,0.000001480,-0.000000865,0.000004776,0.000026461,-0.000015862,-0.000053267,0.002112635,0.000265941,-0.000005260,-0.000300429,-0.000363590,0.024999994
630,2.650000,-0.000300427,-0.000363591,0.224999994,0.999999940,0.000001505,-0.000000715,0.000004742,0.000026646,-0.000015593,-0.000053374,0.002110204,0.000268803,-0.000005465,-0.000300427,-0.000363591,0.024999994
631,2.654167,-0.000300428,-0.000363590,0.224999994,0.999999940,0.000001443,-0.000000666,0.000004742,0.000026258,-0.000015729,-0.000053307,0.002110768,0.000260067,-0.000005720,-0.000300428,-0.000363590,0.024999994
632,2.658333,-0.000300429,-0.000363589,0.224999994,0.999999940,0.000001394,-0.000000807,0.000004791,0.000026150,-0.000015791,-0.000053252,0.002110529,0.000257734,-0.000005723,-0.000300429,-0.000363589,0.024999994
633,2.662500,-0.000300430,-0.000363590,0.224999994,0.999999940,0.000001437,-0.000000843,0.000004792,0.000026133,-0.000015968,-0.000053236,0.002113867,0.000258223,-0.000005509,-0.000300430,-0.000363590,0.024999994
634,2.666667,-0.000300429,-0.000363589,0.224999994,0.999999940,0.000001349,-0.000000741,0.000004795,0.000026542,-0.000015580,-0.000053334,0.002108941,0.000266041,-0.000005565,-0.000300429,-0.000363589,0.024999994
635,2.670833,-0.000300427,-0.000363589,0.224999994,0.999999940,0.000001254,-0.000000660,0.000004799,0.000026910,-0.000015354,-0.000053361,0.002105108,0.000274247,-0.000005405,-0.000300427,-0.000363589,0.024999994
636,2.675000,-0.000300430,-0.000363589,0.224999994,1.000000000,0.000001299,-0.000000695,0.000004785,0.000025848,-0.000015997,-0.000053094,0.002110150,0.000251839,-0.000005674,-0.000300430,-0.000363589,0.024999994
637,2.679167,-0.000300429,-0.000363591,0.224999994,0.999999940,0.000001487,-0.000000865,0.000004776,0.000026474,-0.000015872,-0.000053278,0.002113278,0.000266201,-0.000005243,-0.000300429,-0.000363591,0.024999994
638,2.683333,-0.000300426,-0.000363590,0.224999994,0.999999940,0.000001233,-0.000000466,0.000004742,0.000026851,-0.000015399,-0.000053422,0.002107675,0.000272750,-0.000005489,-0.000300426,-0.000363590,0.024999994
639,2.687500,-0.000300429,-0.000363590,0.224999994,0.999999940,0.000001487,-0.000000843,0.000004787,0.000025982,-0.000015928,-0.000053107,0.002109053,0.000254944,-0.000005615,-0.000300429,-0.000363590,0.024999994
640,2.691667,-0.000300429,-0.000363589,0.224999994,0.999999940,0.000001511,-0.000000893,0.000004802,0.000026327,-0.000015720,-0.000053311,0.002110989,0.000261460,-0.000005643,-0.000300429,-0.000363589,0.024999994
641,2.695833,-0.000300426,-0.000363589,0.224999994,0.999999940,0.000001391,-0.000000622,0.000004745,0.000026851,-0.000015415,-0.000053428,0.002108261,0.000272696,-0.000005472,-0.000300426,-0.000363589,0.024999994
642,2.700000,-0.000300429,-0.000363590,0.224999994,0.999999940,0.000001342,-0.000000769,0.000004793,0.000025718,-0.000016161,-0.000053146,0.002114742,0.000249421,-0.000005711,-0.000300429,-0.000363590,0.024999994
643,2.704167,-0.000300428,-0.000363589,0.224999994,0.999999940,0.000001268,-0.000000659,0.000004783,0.000026768,-0.000015472,-0.000053330,0.002106902,0.000271070,-0.000005403,-0.000300428,-0.000363589,0.024999994
644,2.708333,-0.000300428,-0.000363590,0.224999994,1.000000000,0.000001317,-0.000000702,0.000004796,0.000026318,-0.000015829,-0.000053206,0.002110029,0.000262544,-0.000005415,-0.000300428,-0.000363590,0.024999994
645,2.712500,-0.000300429,-0.000363590,0.224999994,0.999999940,0.000001367,-0.000000733,0.000004784,0.000026205,-0.000015826,-0.000053203,0.002109972,0.000259468,-0.000005547,-0.000300429,-0.000363590,0.024999994
646,2.716667,-0.000300428,-0.000363590,0.224999994,0.999999940,0.000001251,-0.000000675,0.000004776,0.000026710,-0.000015489,-0.000053338,0.002107071,0.000269967,-0.000005464,-0.000300428,-0.000363590,0.024999994
647,2.720833,-0.000300428,-0.000363590,0.224999994,1.000000000,0.000001319,-0.000000691,0.000004776,0.000026407,-0.000015690,-0.000053203,0.002107283,0.000263914,-0.000005462,-0.000300428,-0.000363590,0.024999994
648,2.725000,-0.000300428,-0.000363591,0.224999994,0.999999940,0.000001372,-0.000000726,0.000004789,0.000026328,-0.000015840,-0.000053233,0.002111140,0.000262587,-0.000005419,-0.000300428,-0.000363591,0.024999994
649,2.729167,-0.000300428,-0.000363590,0.224999994,0.999999940,0.000001387,-0.000000795,0.000004779,0.000026364,-0.000015669,-0.000053264,0.002108568,0.000262384,-0.000005602,-0.000300428,-0.000363590,0.024999994
650,2.733333,-0.000300429,-0.000363589,0.224999994,0.999999940,0.000001294,-0.000000699,0.000004792,0.000026364,-0.000015672,-0.000053268,0.002108767,0.000262389,-0.000005609,-0.000300429,-0.000363589,0.024999994
651,2.737500,-0.000300429,-0.000363589,0.224999994,1.000000000,0.000001345,-0.000000733,0.000004793,0.000026338,-0.000015767,-0.000053228,0.002109610,0.000262400,-0.000005482,-0.000300429,-0.000363589,0.024999994
652,2.741667,-0.000300428,-0.000363590,0.224999994,1.000000000,0.000001251,-0.000000648,0.000004784,0.000026527,-0.000015656,-0.000053292,0.002109161,0.000266429,-0.000005447,-0.000300428,-0.000363590,0.024999994
653,2.745833,-0.000300430,-0.000363590,0.224999994,0.999999940,0.000001298,-0.000000687,0.000004772,0.000026218,-0.000015805,-0.000053179,0.002108860,0.000259825,-0.000005532,-0.000300430,-0.000363590,0.024999994
654,2.750000,-0.000300428,-0.000363589,0.224999994,1.000000000,0.000001348,-0.000000725,0.000004785,0.000026748,-0.000015458,-0.000053310,0.002105822,0.000270776,-0.000005429,-0.000300428,-0.000363589,0.024999994
655,2.754167,-0.000300428,-0.000363591,0.224999994,1.000000000,0.000001390,-0.000000772,0.000004787,0.000026233,-0.000015974,-0.000053238,0.002113893,0.000261032,-0.000005385,-0.000300428,-0.000363591,0.024999994
656,2.758333,-0.000300430,-0.000363592,0.224999994,1.000000000,0.000001431,-0.000000811,0.000004789,0.000026112,-0.000015977,-0.000053226,0.002113714,0.000257806,-0.000005513,-0.000300430,-0.000363592,0.024999994
657,2.762500,-0.000300429,-0.000363591,0.224999994,1.000000000,0.000001341,-0.000000714,0.000004791,0.000026528,-0.000015595,-0.000053322,0.002108864,0.000265850,-0.000005550,-0.000300429,-0.000363591,0.024999994
658,2.766667,-0.000300427,-0.000363591,0.224999994,0.999999940,0.000001393,-0.000000748,0.000004782,0.000026745,-0.000015443,-0.000053316,0.002105600,0.000270701,-0.000005453,-0.000300427,-0.000363591,0.024999994
659,2.770833,-0.000300428,-0.000363590,0.224999994,0.999999940,0.000001410,-0.000000814,0.000004796,0.000026340,-0.000015668,-0.000053262,0.002108301,0.000261928,-0.000005636,-0.000300428,-0.000363590,0.024999994
660,2.775000,-0.000300428,-0.000363589,0.224999994,0.999999940,0.000001319,-0.000000714,0.000004786,0.000026357,-0.000015681,-0.000053277,0.002109270,0.000262182,-0.000005612,-0.000300428,-0.000363589,0.024999994
661,2.779167,-0.000300428,-0.000363590,0.224999994,0.999999940,0.000001225,-0.000000631,0.000004776,0.000026305,-0.000015865,-0.000053238,0.002111822,0.000262086,-0.000005419,-0.000300428,-0.000363590,0.024999994
662,2.783333,-0.000300429,-0.000363588,0.224999994,1.000000000,0.000001266,-0.000000674,0.000004776,0.000026497,-0.000015490,-0.000053217,0.002103722,0.000264932,-0.000005599,-0.000300429,-0.000363588,0.024999994
663,2.787500,-0.000300430,-0.000363590,0.224999994,0.999999940,0.000001450,-0.000000844,0.000004787,0.000026120,-0.000016033,-0.000053180,0.002113475,0.000258676,-0.000005396,-0.000300430,-0.000363590,0.024999994
664,2.791667,-0.000300428,-0.000363590,0.224999994,0.999999940,0.000001340,-0.000000563,0.000004764,0.000026692,-0.000015505,-0.000053369,0.002108400,0.000269323,-0.000005507,-0.000300428,-0.000363590,0.024999994
665,2.795833,-0.000300428,-0.000363589,0.224999994,1.000000000,0.000001433,-0.000000836,0.000004778,0.000026326,-0.000015674,-0.000053243,0.002107802,0.000261801,-0.000005625,-0.000300428,-0.000363589,0.024999994
666,2.800000,-0.000300429,-0.000363590,0.224999994,1.000000000,0.000001480,-0.000000865,0.000004780,0.000026124,-0.000015965,-0.000053252,0.002114234,0.000257886,-0.000005544,-0.000300429,-0.000363590,0.024999994
667,2.804167,-0.000300429,-0.000363590,0.224999994,1.000000000,0.000001527,-0.000000893,0.000004795,0.000026484,-0.000015700,-0.000053341,0.002111496,0.000265210,-0.000005504,-0.000300429,-0.000363590,0.024999994
668,2.808333,-0.000300430,-0.000363590,0.224999994,1.000000000,0.000001408,-0.000000821,0.000004786,0.000026092,-0.000015907,-0.000053285,0.002113898,0.000256678,-0.000005682,-0.000300430,-0.000363590,0.024999994
669,2.812500,-0.000300429,-0.000363590,0.224999994,1.000000000,0.000001318,-0.000000723,0.000004789,0.000026530,-0.000015598,-0.000053320,0.002108922,0.000265903,-0.000005544,-0.000300429,-0.000363590,0.024999994
670,2.816667,-0.000300429,-0.000363589,0.224999994,0.999999940,0.000001369,-0.000000754,0.000004790,0.000026554,-0.000015555,-0.000053276,0.002106610,0.000266607,-0.000005518,-0.000300429,-0.000363589,0.024999994
671,2.820833,-0.000300428,-0.000363590,0.224999994,0.999999940,0.000001411,-0.000000800,0.000004770,0.000026471,-0.000015764,-0.000053293,0.002111314,0.000265661,-0.000005390,-0.000300428,-0.000363590,0.024999994
672,2.825000,-0.000300428,-0.000363589,0.224999994,0.999999940,0.000001319,-0.000000704,0.000004784,0.000026358,-0.000015667,-0.000053269,0.002108720,0.000262205,-0.000005623,-0.000300428,-0.000363589,0.024999994
673,2.829167,-0.000300429,-0.000363589,0.224999994,1.000000000,0.000001367,-0.000000736,0.000004796,0.000026403,-0.000015641,-0.000053232,0.002107209,0.000263329,-0.000005560,-0.000300429,-0.000363589,0.024999994
674,2.833333,-0.000300431,-0.000363589,0.224999994,1.000000000,0.000001385,-0.000000803,0.000004785,0.000025948,-0.000016057,-0.000053184,0.002114079,0.000254290,-0.000005577,-0.000300431,-0.000363589,0.024999994
675,2.837500,-0.000300428,-0.000363589,0.224999994,1.000000000,0.000001271,-0.000000532,0.000004750,0.000026925,-0.000015369,-0.000053396,0.002106592,0.000274393,-0.000005407,-0.000300428,-0.000363589,0.024999994
676,2.841667,-0.000300428,-0.000363590,0.224999994,0.999999940,0.000001385,-0.000000790,0.000004787,0.000026283,-0.000015838,-0.000053212,0.002110196,0.000261838,-0.000005459,-0.000300428,-0.000363590,0.024999994
677,2.845833,-0.000300429,-0.000363589,0.224999994,0.999999940,0.000001293,-0.000000694,0.000004800,0.000026366,-0.000015672,-0.000053272,0.002108939,0.000262394,-0.000005613,-0.000300429,-0.000363589,0.024999994
678,2.850000,-0.000300429,-0.000363589,0.224999994,1.000000000,0.000001343,-0.000000728,0.000004778,0.000026380,-0.000015730,-0.000053235,0.002109071,0.000263235,-0.000005478,-0.000300429,-0.000363589,0.024999994
679,2.854167,-0.000300428,-0.000363591,0.224999994,1.000000000,0.000001384,-0.000000781,0.000004792,0.000026444,-0.000015863,-0.000053277,0.002112879,0.000265603,-0.000005297,-0.000300428,-0.000363591,0.024999994
680,2.858333,-0.000300430,-0.000363592,0.224999994,1.000000000,0.000001425,-0.000000818,0.000004781,0.000025956,-0.000016045,-0.000053190,0.002113975,0.000254361,-0.000005587,-0.000300430,-0.000363592,0.024999994
681,2.862500,-0.000300430,-0.000363590,0.224999994,1.000000000,0.000001333,-0.000000719,0.000004795,0.000026598,-0.000015473,-0.000053329,0.002106695,0.000266838,-0.000005616,-0.000300430,-0.000363590,0.024999994
682,2.866667,-0.000300428,-0.000363592,0.224999994,0.999999940,0.000001388,-0.000000756,0.000004786,0.000026655,-0.000015659,-0.000053309,0.002109662,0.000269717,-0.000005304,-0.000300428,-0.000363592,0.024999994
683,2.870833,-0.000300429,-0.000363589,0.224999994,0.999999940,0.000001269,-0.000000684,0.000004787,0.000026280,-0.000015526,-0.000053236,0.002104853,0.000259546,-0.000005846,-0.000300429,-0.000363589,0.024999994
684,2.875000,-0.000300428,-0.000363589,0.224999994,1.000000000,0.000001318,-0.000000727,0.000004789,0.000026734,-0.000015542,-0.000053297,0.002107132,0.000271007,-0.000005331,-0.000300428,-0.000363589,0.024999994
685,2.879167,-0.000300429,-0.000363590,0.224999994,1.000000000,0.000001356,-0.000000775,0.000004790,0.000026116,-0.000015950,-0.000053196,0.002112178,0.000258057,-0.000005511,-0.000300429,-0.000363590,0.024999994
686,2.883333,-0.000300430,-0.000363590,0.224999994,1.000000000,0.000001284,-0.000000656,0.000004779,0.000026204,-0.000015841,-0.000053223,0.002111058,0.000259251,-0.000005554,-0.000300430,-0.000363590,0.024999994
687,2.887500,-0.000300428,-0.000363590,0.224999994,0.999999940,0.000001334,-0.000000698,0.000004781,0.000026750,-0.000015526,-0.000053307,0.002107079,0.000271261,-0.000005344,-0.000300428,-0.000363590,0.024999994
688,2.891667,-0.000300429,-0.000363589,0.224999994,0.999999940,0.000001215,-0.000000639,0.000004795,0.000026358,-0.000015651,-0.000053244,0.002107546,0.000262321,-0.000005618,-0.000300429,-0.000363589,0.024999994
689,2.895833,-0.000300428,-0.000363589,0.224999994,1.000000000,0.000001279,-0.000000661,0.000004795,0.000026644,-0.000015492,-0.000053239,0.002104396,0.000268625,-0.000005437,-0.000300428,-0.000363589,0.024999994
690,2.900000,-0.000300428,-0.000363590,0.224999994,0.999999940,0.000001332,-0.000000701,0.000004796,0.000026306,-0.000015917,-0.000053219,0.002112272,0.000262598,-0.000005340,-0.000300428,-0.000363590,0.024999994
691,2.904167,-0.000300428,-0.000363589,0.224999994,1.000000000,0.000001360,-0.000000754,0.000004773,0.000026439,-0.000015535,-0.000053262,0.002105827,0.000263538,-0.000005664,-0.000300428,-0.000363589,0.024999994
692,2.908333,-0.000300430,-0.000363591,0.224999994,1.000000000,0.000001402,-0.000000797,0.000004786,0.000025878,-0.000016259,-0.000053169,0.002117719,0.000253745,-0.000005416,-0.000300430,-0.000363591,0.024999994
693,2.912500,-0.000300430,-0.000363590,0.224999994,1.000000000,0.000001308,-0.000000702,0.000004777,0.000026610,-0.000015465,-0.000053326,0.002106438,0.000267122,-0.000005604,-0.000300430,-0.000363590,0.024999994
694,2.916667,-0.000300429,-0.000363591,0.224999994,0.999999940,0.000001361,-0.000000740,0.000004778,0.000026513,-0.000015725,-0.000053268,0.002109768,0.000266633,-0.000005360,-0.000300429,-0.000363591,0.024999994
695,2.920833,-0.000300429,-0.000363590,0.224999994,0.999999940,0.000001265,-0.000000651,0.000004792,0.000026376,-0.000015650,-0.000053252,0.002107840,0.000262619,-0.000005600,-0.000300429,-0.000363590,0.024999994
696,2.925000,-0.000300428,-0.000363590,0.224999994,1.000000000,0.000001314,-0.000000697,0.000004793,0.000026699,-0.000015566,-0.000053283,0.002107119,0.000270381,-0.000005335,-0.000300428,-0.000363590,0.024999994
697,2.929167,-0.000300429,-0.000363590,0.224999994,0.999999940,0.000001364,-0.000000729,0.000004782,0.000026192,-0.000015816,-0.000053194,0.002109452,0.000259208,-0.000005568,-0.000300429,-0.000363590,0.024999994
698,2.933333,-0.000300429,-0.000363589,0.224999994,0.999999940,0.000001245,-0.000000665,0.000004783,0.000026433,-0.000015548,-0.000053268,0.002106376,0.000263347,-0.000005666,-0.000300429,-0.000363589,0.024999994
699,2.937500,-0.000300427,-0.000363591,0.224999994,1.000000000,0.000001318,-0.000000688,0.000004785,0.000026669,-0.000015730,-0.000053275,0.002110263,0.000270576,-0.000005170,-0.000300427,-0.000363591,0.024999994
700,2.941667,-0.000300429,-0.000363590,0.224999994,0.999999940,0.000001478,-0.000000875,0.000004785,0.000026019,-0.000015903,-0.000053172,0.002110529,0.000255422,-0.000005659,-0.000300429,-0.000363590,0.024999994
701,2.945833,-0.000300427,-0.000363590,0.224999994,0.999999940,0.000001224,-0.000000475,0.000004752,0.000026869,-0.000015416,-0.000053425,0.002108301,0.000273104,-0.000005450,-0.000300427,-0.000363590,0.024999994
702,2.950000,-0.000300430,-0.000363590,0.224999994,0.999999940,0.000001478,-0.000000850,0.000004784,0.000025831,-0.000016001,-0.000053075,0.002109576,0.000251665,-0.000005678,-0.000300430,-0.000363590,0.024999994
703,2.954167,-0.000300428,-0.000363590,0.224999994,0.999999940,0.000001503,-0.000000699,0.000004749,0.000026671,-0.000015614,-0.000053380,0.002111004,0.000269329,-0.000005415,-0.000300428,-0.000363590,0.024999994
704,2.958333,-0.000300428,-0.000363590,0.224999994,0.999999940,0.000001440,-0.000000654,0.000004738,0.000026243,-0.000015809,-0.000053301,0.002112139,0.000260195,-0.000005636,-0.000300428,-0.000363590,0.024999994
705,2.962500,-0.000300429,-0.000363590,0.224999994,0.999999940,0.000001392,-0.000000798,0.000004799,0.000026300,-0.000015716,-0.000053286,0.002110016,0.000261051,-0.000005666,-0.000300429,-0.000363590,0.024999994
706,2.966667,-0.000300430,-0.000363588,0.224999994,0.999999940,0.000001297,-0.000000698,0.000004788,0.000026242,-0.000015659,-0.000053235,0.002107550,0.000259252,-0.000005733,-0.000300430,-0.000363588,0.024999994
707,2.970833,-0.000300428,-0.000363589,0.224999994,1.000000000,0.000001351,-0.000000738,0.000004803,0.000026660,-0.000015676,-0.000053303,0.002109948,0.000269843,-0.000005275,-0.000300428,-0.000363589,0.024999994
708,2.975000,-0.000300429,-0.000363591,0.224999994,1.000000000,0.000001392,-0.000000783,0.000004792,0.000026084,-0.000016048,-0.000053210,0.002114550,0.000257733,-0.000005448,-0.000300429,-0.000363591,0.024999994
709,2.979167,-0.000300429,-0.000363591,0.224999994,1.000000000,0.000001302,-0.000000690,0.000004784,0.000026515,-0.000015677,-0.000053317,0.002110325,0.000266044,-0.000005464,-0.000300429,-0.000363591,0.024999994
710,2.983333,-0.000300430,-0.000363589,0.224999994,0.999999940,0.000001349,-0.000000719,0.000004771,0.000026287,-0.000015605,-0.000053201,0.002105494,0.000260326,-0.000005702,-0.000300430,-0.000363589,0.024999994
711,2.987500,-0.000300428,-0.000363589,0.224999994,1.000000000,0.000001379,-0.000000778,0.000004786,0.000026717,-0.000015481,-0.000053322,0.002106531,0.000270146,-0.000005453,-0.000300428,-0.000363589,0.024999994
712,2.991667,-0.000300430,-0.000363591,0.224999994,1.000000000,0.000001422,-0.000000820,0.000004799,0.000026073,-0.000016056,-0.000053213,0.002114892,0.000257416,-0.000005462,-0.000300430,-0.000363591,0.024999994
713,2.995833,-0.000300430,-0.000363591,0.224999994,1.000000000,0.000001466,-0.000000853,0.000004778,0.000026316,-0.000015796,-0.000053286,0.002111907,0.000261662,-0.000005533,-0.000300430,-0.000363591,0.024999994
714,3.000000,-0.000300429,-0.000363591,0.224999994,1.000000000,0.000001514,-0.000000881,0.000004793,0.000026477,-0.000015696,-0.000053335,0.002111231,0.000265141,-0.000005513,-0.000300429,-0.000363591,0.024999994
715,3.004167,-0.000300429,-0.000363591,0.224999994,1.000000000,0.000001392,-0.000000815,0.000004797,0.000026292,-0.000015788,-0.000053316,0.002112421,0.000261036,-0.000005612,-0.000300429,-0.000363591,0.024999994
716,3.008333,-0.000300429,-0.000363590,0.224999994,1.000000000,0.000001321,-0.000000697,0.000004776,0.000026595,-0.000015532,-0.000053308,0.002107147,0.000267343,-0.000005521,-0.000300429,-0.000363590,0.024999994
717,3.012500,-0.000300430,-0.000363591,0.224999994,0.999999940,0.000001373,-0.000000730,0.000004776,0.000026171,-0.000015910,-0.000053194,0.002111460,0.000259134,-0.000005486,-0.000300430,-0.000363591,0.024999994
718,3.016667,-0.000300429,-0.000363588,0.224999994,0.999999940,0.000001251,-0.000000665,0.000004789,0.000026671,-0.000015257,-0.000053307,0.002101679,0.000267615,-0.000005755,-0.000300429,-0.000363588,0.024999994
719,3.020833,-0.000300428,-0.000363589,0.224999994,1.000000000,0.000001300,-0.000000711,0.000004791,0.000026516,-0.000015725,-0.000053242,0.002108977,0.000266845,-0.000005328,-0.000300428,-0.000363589,0.024999994
720,3.025000,-0.000300430,-0.000363591,0.224999994,0.999999940,0.000001486,-0.000000877,0.000004779,0.000026109,-0.000016036,-0.000053196,0.002113952,0.000258307,-0.000005413,-0.000300430,-0.000363591,0.024999994
721,3.029167,-0.000300428,-0.000363590,0.224999994,0.999999940,0.000001363,-0.000000607,0.000004757,0.000026673,-0.000015521,-0.000053386,0.002109260,0.000268830,-0.000005529,-0.000300428,-0.000363590,0.024999994
722,3.033333,-0.000300428,-0.000363590,0.224999994,1.000000000,0.000001482,-0.000000853,0.000004782,0.000026313,-0.000015757,-0.000053245,0.002109634,0.000261883,-0.000005552,-0.000300428,-0.000363590,0.024999994
723,3.037500,-0.000300430,-0.000363590,0.224999994,1.000000000,0.000001358,-0.000000785,0.000004784,0.000025927,-0.000016008,-0.000053230,0.002114357,0.000253223,-0.000005711,-0.000300430,-0.000363590,0.024999994
724,3.041667,-0.000300430,-0.000363590,0.224999994,1.000000000,0.000001287,-0.000000671,0.000004775,0.000026552,-0.000015661,-0.000053299,0.002109698,0.000266826,-0.000005417,-0.000300430,-0.000363590,0.024999994
725,3.045833,-0.000300429,-0.000363591,0.224999994,0.999999940,0.000001337,-0.000000711,0.000004788,0.000026546,-0.000015627,-0.000053260,0.002107626,0.000266934,-0.000005429,-0.000300429,-0.000363591,0.024999994
726,3.050000,-0.000300428,-0.000363590,0.224999994,1.000000000,0.000001388,-0.000000745,0.000004778,0.000026728,-0.000015458,-0.000053313,0.002105849,0.000270326,-0.000005456,-0.000300428,-0.000363590,0.024999994
727,3.054167,-0.000300429,-0.000363589,0.224999994,1.000000000,0.000001404,-0.000000809,0.000004779,0.000026206,-0.000015729,-0.000053231,0.002108702,0.000258877,-0.000005694,-0.000300429,-0.000363589,0.024999994
728,3.058333,-0.000300430,-0.000363591,0.224999994,1.000000000,0.000001451,-0.000000842,0.000004793,0.000026072,-0.000016087,-0.000053241,0.002116362,0.000257351,-0.000005455,-0.000300430,-0.000363591,0.024999994
729,3.062500,-0.000300429,-0.000363591,0.224999994,1.000000000,0.000001497,-0.000000874,0.000004785,0.000026496,-0.000015692,-0.000053337,0.002111209,0.000265529,-0.000005490,-0.000300429,-0.000363591,0.024999994
730,3.066667,-0.000300428,-0.000363590,0.224999994,1.000000000,0.000001261,-0.000000651,0.000004777,0.000026552,-0.000015483,-0.000053346,0.002107137,0.000265865,-0.000005676,-0.000300428,-0.000363590,0.024999994
731,3.070833,-0.000300429,-0.000363590,0.224999994,0.999999940,0.000001309,-0.000000691,0.000004777,0.000026193,-0.000015897,-0.000053177,0.002110648,0.000259754,-0.000005456,-0.000300429,-0.000363590,0.024999994
732,3.075000,-0.000300428,-0.000363590,0.224999994,1.000000000,0.000001359,-0.000000728,0.000004790,0.000026748,-0.000015457,-0.000053312,0.002105846,0.000270774,-0.000005432,-0.000300428,-0.000363590,0.024999994
733,3.079167,-0.000300430,-0.000363589,0.224999994,1.000000000,0.000001373,-0.000000793,0.000004779,0.000026025,-0.000015832,-0.000053181,0.002109353,0.000255058,-0.000005743,-0.000300430,-0.000363589,0.024999994
734,3.083333,-0.000300428,-0.000363591,0.224999994,1.000000000,0.000001309,-0.000000680,0.000004783,0.000026641,-0.000015772,-0.000053339,0.002113073,0.000269654,-0.000005224,-0.000300428,-0.000363591,0.024999994
735,3.087500,-0.000300430,-0.000363590,0.224999994,0.999999940,0.000001336,-0.000000735,0.000004783,0.000026195,-0.000015740,-0.000053204,0.002108228,0.000258769,-0.000005668,-0.000300430,-0.000363590,0.024999994
736,3.091667,-0.000300429,-0.000363590,0.224999994,1.000000000,0.000001390,-0.000000767,0.000004796,0.000026525,-0.000015668,-0.000053278,0.002109146,0.000266363,-0.000005424,-0.000300429,-0.000363590,0.024999994
737,3.095833,-0.000300427,-0.000363591,0.224999994,1.000000000,0.000001300,-0.000000682,0.000004789,0.000026637,-0.000015674,-0.000053331,0.002110688,0.000269178,-0.000005335,-0.000300427,-0.000363591,0.024999994
738,3.100000,-0.000300428,-0.000363590,0.224999994,0.999999940,0.000001347,-0.000000714,0.000004789,0.000026432,-0.000015526,-0.000053233,0.002104813,0.000263487,-0.000005654,-0.000300428,-0.000363590,0.024999994
739,3.104167,-0.000300429,-0.000363589,0.224999994,0.999999940,0.000001360,-0.000000785,0.000004789,0.000026220,-0.000015737,-0.000053213,0.002108495,0.000259311,-0.000005648,-0.000300429,-0.000363589,0.024999994
740,3.108333,-0.000300427,-0.000363590,0.224999994,0.999999940,0.000001291,-0.000000675,0.000004781,0.000026693,-0.000015647,-0.000053331,0.002110220,0.000270391,-0.000005293,-0.000300427,-0.000363590,0.024999994
741,3.112500,-0.000300427,-0.000363590,0.224999994,1.000000000,0.000001340,-0.000000713,0.000004782,0.000026375,-0.000015710,-0.000053225,0.002108214,0.000263171,-0.000005500,-0.000300427,-0.000363590,0.024999994
742,3.116667,-0.000300428,-0.000363590,0.224999994,1.000000000,0.000001243,-0.000000627,0.000004794,0.000026192,-0.000015834,-0.000053208,0.002110282,0.000259139,-0.000005565,-0.000300428,-0.000363590,0.024999994
743,3.120833,-0.000300429,-0.000363591,0.224999994,0.999999940,0.000001290,-0.000000672,0.000004783,0.000026365,-0.000015822,-0.000053211,0.002110232,0.000263520,-0.000005365,-0.000300429,-0.000363591,0.024999994
744,3.125000,-0.000300429,-0.000363591,0.224999994,1.000000000,0.000001339,-0.000000710,0.000004784,0.000026386,-0.000015720,-0.000053230,0.002108625,0.000263410,-0.000005479,-0.000300429,-0.000363591,0.024999994
745,3.129167,-0.000300429,-0.000363590,0.224999994,1.000000000,0.000001220,-0.000000650,0.000004797,0.000026386,-0.000015647,-0.000053254,0.002107837,0.000262913,-0.000005595,-0.000300429,-0.000363590,0.024999994
746,3.133333,-0.000300428,-0.000363590,0.224999994,0.999999940,0.000001287,-0.000000673,0.000004786,0.000026594,-0.000015603,-0.000053236,0.002106592,0.000267996,-0.000005363,-0.000300428,-0.000363590,0.024999994
747,3.137500,-0.000300429,-0.000363589,0.224999994,1.000000000,0.000001334,-0.000000710,0.000004774,0.000026405,-0.000015625,-0.000053223,0.002106454,0.000263464,-0.000005557,-0.000300429,-0.000363589,0.024999994
748,3.141667,-0.000300430,-0.000363589,0.224999994,1.000000000,0.000001237,-0.000000624,0.000004787,0.000026192,-0.000015834,-0.000053206,0.002110193,0.000259207,-0.000005563,-0.000300430,-0.000363589,0.024999994
749,3.145833,-0.000300429,-0.000363590,0.224999994,0.999999940,0.000001283,-0.000000671,0.000004799,0.000026578,-0.000015621,-0.000053248,0.002107369,0.000267611,-0.000005380,-0.000300429,-0.000363590,0.024999994
750,3.150000,-0.000300428,-0.000363589,0.224999994,1.000000000,0.000001331,-0.000000713,0.000004790,0.000026746,-0.000015440,-0.000053295,0.002104956,0.000270814,-0.000005432,-0.000300428,-0.000363589,0.024999994
751,3.154167,-0.000300428,-0.000363591,0.224999994,1.000000000,0.000001371,-0.000000765,0.000004792,0.000026283,-0.000015929,-0.000053237,0.002112853,0.000262098,-0.000005372,-0.000300428,-0.000363591,0.024999994
752,3.158333,-0.000300429,-0.000363591,0.224999994,1.000000000,0.000001278,-0.000000671,0.000004804,0.000026175,-0.000015849,-0.000053230,0.002111305,0.000258584,-0.000005592,-0.000300429,-0.000363591,0.024999994
753,3.162500,-0.000300428,-0.000363591,0.224999994,0.999999940,0.000001327,-0.000000711,0.000004771,0.000026563,-0.000015638,-0.000053267,0.002108241,0.000267211,-0.000005391,-0.000300428,-0.000363591,0.024999994
754,3.166667,-0.000300427,-0.000363590,0.224999994,1.000000000,0.000001378,-0.000000742,0.000004796,0.000026574,-0.000015530,-0.000053279,0.002106224,0.000266989,-0.000005530,-0.000300427,-0.000363590,0.024999994
755,3.170833,-0.000300429,-0.000363590,0.224999994,1.000000000,0.000001397,-0.000000807,0.000004785,0.000026148,-0.000015860,-0.000053228,0.002111338,0.000258110,-0.000005609,-0.000300429,-0.000363590,0.024999994
756,3.175000,-0.000300431,-0.000363590,0.224999994,1.000000000,0.000001437,-0.000000839,0.000004786,0.000025982,-0.000015974,-0.000053198,0.002112847,0.000254547,-0.000005647,-0.000300431,-0.000363590,0.024999994
757,3.179167,-0.000300428,-0.000363591,0.224999994,1.000000000,0.000001460,-0.000000694,0.000004740,0.000026842,-0.000015512,-0.000053406,0.002109717,0.000273064,-0.000005351,-0.000300428,-0.000363591,0.024999994
758,3.183333,-0.000300429,-0.000363592,0.224999994,1.000000000,0.000001439,-0.000000810,0.000004789,0.000026066,-0.000015968,-0.000053243,0.002113750,0.000256761,-0.000005613,-0.000300429,-0.000363592,0.024999994
759,3.187500,-0.000300430,-0.000363590,0.224999994,1.000000000,0.000001457,-0.000000866,0.000004791,0.000026383,-0.000015597,-0.000053295,0.002108119,0.000262214,-0.000005699,-0.000300430,-0.000363590,0.024999994
760,3.191667,-0.000300429,-0.000363589,0.224999994,1.000000000,0.000001371,-0.000000761,0.000004794,0.000026502,-0.000015608,-0.000053328,0.002109269,0.000265284,-0.000005577,-0.000300429,-0.000363589,0.024999994
761,3.195833,-0.000300428,-0.000363589,0.224999994,1.000000000,0.000001277,-0.000000674,0.000004786,0.000026727,-0.000015460,-0.000053335,0.002106432,0.000270230,-0.000005473,-0.000300428,-0.000363589,0.024999994
762,3.200000,-0.000300429,-0.000363591,0.224999994,0.999999940,0.000001461,-0.000000844,0.000004798,0.000026111,-0.000016025,-0.000053178,0.002113199,0.000258459,-0.000005414,-0.000300429,-0.000363591,0.024999994
763,3.204167,-0.000300429,-0.000363590,0.224999994,0.999999940,0.000001507,-0.000000869,0.000004788,0.000026343,-0.000015699,-0.000053304,0.002110431,0.000261719,-0.000005637,-0.000300429,-0.000363590,0.024999994
764,3.208333,-0.000300427,-0.000363589,0.224999994,0.999999940,0.000001364,-0.000000624,0.000004743,0.000026647,-0.000015533,-0.000053386,0.002109361,0.000268370,-0.000005544,-0.000300427,-0.000363589,0.024999994
765,3.212500,-0.000300428,-0.000363589,0.224999994,1.000000000,0.000001482,-0.000000865,0.000004779,0.000026328,-0.000015676,-0.000053253,0.002108166,0.000261766,-0.000005637,-0.000300428,-0.000363589,0.024999994
766,3.216667,-0.000300429,-0.000363591,0.224999994,1.000000000,0.000001383,-0.000000777,0.000004794,0.000026048,-0.000016099,-0.000053255,0.002116961,0.000256794,-0.000005485,-0.000300429,-0.000363591,0.024999994
767,3.220833,-0.000300429,-0.000363592,0.224999994,1.000000000,0.000001425,-0.000000819,0.000004785,0.000026310,-0.000015870,-0.000053271,0.002112921,0.000262104,-0.000005440,-0.000300429,-0.000363592,0.024999994
768,3.225000,-0.000300428,-0.000363590,0.224999994,1.000000000,0.000001333,-0.000000720,0.000004799,0.000026585,-0.000015463,-0.000053323,0.002106252,0.000266583,-0.000005639,-0.000300428,-0.000363590,0.024999994
769,3.229167,-0.000300429,-0.000363591,0.224999994,1.000000000,0.000001238,-0.000000636,0.000004777,0.000026165,-0.000015920,-0.000053204,0.002111796,0.000259085,-0.000005489,-0.000300429,-0.000363591,0.024999994
770,3.233333,-0.000300429,-0.000363591,0.224999994,0.999999940,0.000001284,-0.000000683,0.000004789,0.000026579,-0.000015621,-0.000053251,0.002107376,0.000267684,-0.000005386,-0.000300429,-0.000363591,0.024999994
771,3.237500,-0.000300429,-0.000363590,0.224999994,1.000000000,0.000001331,-0.000000720,0.000004778,0.000026405,-0.000015626,-0.000053223,0.002106529,0.000263411,-0.000005557,-0.000300429,-0.000363590,0.024999994
772,3.241667,-0.000300428,-0.000363590,0.224999994,0.999999940,0.000001384,-0.000000752,0.000004791,0.000026533,-0.000015648,-0.000053279,0.002108622,0.000266573,-0.000005438,-0.000300428,-0.000363590,0.024999994
773,3.245833,-0.000300430,-0.000363589,0.224999994,0.999999940,0.000001266,-0.000000682,0.000004781,0.000026221,-0.000015658,-0.000053231,0.002107426,0.000258783,-0.000005757,-0.000300430,-0.000363589,0.024999994
774,3.250000,-0.000300428,-0.000363589,0.224999994,1.000000000,0.000001316,-0.000000724,0.000004783,0.000026736,-0.000015542,-0.000053301,0.002107156,0.000271064,-0.000005333,-0.000300428,-0.000363589,0.024999994
775,3.254167,-0.000300429,-0.000363591,0.224999994,1.000000000,0.000001355,-0.000000773,0.000004795,0.000026091,-0.000016039,-0.000053198,0.002113975,0.000257953,-0.000005443,-0.000300429,-0.000363591,0.024999994
776,3.258333,-0.000300429,-0.000363590,0.224999994,1.000000000,0.000001261,-0.000000681,0.000004786,0.000026398,-0.000015653,-0.000053273,0.002108634,0.000263020,-0.000005585,-0.000300429,-0.000363590,0.024999994
777,3.262500,-0.000300428,-0.000363590,0.224999994,0.999999940,0.000001332,-0.000000698,0.000004787,0.000026725,-0.000015544,-0.000053287,0.002106867,0.000270820,-0.000005331,-0.000300428,-0.000363590,0.024999994
778,3.266667,-0.000300428,-0.000363589,0.224999994,1.000000000,0.000001360,-0.000000752,0.000004788,0.000026383,-0.000015562,-0.000053243,0.002105791,0.000262402,-0.000005684,-0.000300428,-0.000363589,0.024999994
779,3.270833,-0.000300429,-0.000363590,0.224999994,1.000000000,0.000001401,-0.000000796,0.000004778,0.000026097,-0.000016060,-0.000053210,0.002114891,0.000258051,-0.000005417,-0.000300429,-0.000363590,0.024999994
780,3.275000,-0.000300430,-0.000363591,0.224999994,1.000000000,0.000001443,-0.000000833,0.000004779,0.000026323,-0.000015787,-0.000053276,0.002111393,0.000261882,-0.000005531,-0.000300430,-0.000363591,0.024999994
781,3.279167,-0.000300429,-0.000363591,0.224999994,1.000000000,0.000001489,-0.000000866,0.000004771,0.000026489,-0.000015688,-0.000053327,0.002110801,0.000265431,-0.000005495,-0.000300429,-0.000363591,0.024999994
782,3.283333,-0.000300427,-0.000363591,0.224999994,1.000000000,0.000001367,-0.000000598,0.000004760,0.000026652,-0.000015587,-0.000053380,0.002110300,0.000268857,-0.000005477,-0.000300427,-0.000363591,0.024999994
783,3.287500,-0.000300429,-0.000363591,0.224999994,0.999999940,0.000001463,-0.000000863,0.000004784,0.000025927,-0.000015979,-0.000053177,0.002112102,0.000253512,-0.000005695,-0.000300429,-0.000363591,0.024999994
784,3.291667,-0.000300428,-0.000363589,0.224999994,0.999999940,0.000001374,-0.000000758,0.000004776,0.000026781,-0.000015305,-0.000053380,0.002104857,0.000270318,-0.000005638,-0.000300428,-0.000363589,0.024999994
785,3.295833,-0.000300427,-0.000363589,0.224999994,0.999999940,0.000001281,-0.000000670,0.000004790,0.000026486,-0.000015670,-0.000053284,0.002109099,0.000265582,-0.000005478,-0.000300427,-0.000363589,0.024999994
786,3.300000,-0.000300428,-0.000363590,0.224999994,1.000000000,0.000001332,-0.000000708,0.000004779,0.000026320,-0.000015844,-0.000053221,0.002110803,0.000262521,-0.000005405,-0.000300428,-0.000363590,0.024999994
787,3.304167,-0.000300429,-0.000363590,0.224999994,1.000000000,0.000001236,-0.000000622,0.000004792,0.000026193,-0.000015834,-0.000053210,0.002110372,0.000259168,-0.000005567,-0.000300429,-0.000363590,0.024999994
788,3.308333,-0.000300427,-0.000363590,0.224999994,0.999999940,0.000001282,-0.000000672,0.000004794,0.000026769,-0.000015510,-0.000053290,0.002106259,0.000271789,-0.000005318,-0.000300427,-0.000363590,0.024999994
789,3.312500,-0.000300427,-0.000363589,0.224999994,1.000000000,0.000001329,-0.000000709,0.000004782,0.000026399,-0.000015620,-0.000053219,0.002106236,0.000263305,-0.000005569,-0.000300427,-0.000363589,0.024999994
790,3.316667,-0.000300429,-0.000363589,0.224999994,1.000000000,0.000001232,-0.000000623,0.000004795,0.000026192,-0.000015834,-0.000053204,0.002110278,0.000259116,-0.000005562,-0.000300429,-0.000363589,0.024999994
791,3.320833,-0.000300429,-0.000363589,0.224999994,0.999999940,0.000001275,-0.000000667,0.000004783,0.000026454,-0.000015606,-0.000053215,0.002105980,0.000264513,-0.000005510,-0.000300429,-0.000363589,0.024999994
792,3.325000,-0.000300427,-0.000363590,0.224999994,1.000000000,0.000001327,-0.000000711,0.000004774,0.000026662,-0.000015661,-0.000053294,0.002109250,0.000269994,-0.000005275,-0.000300427,-0.000363590,0.024999994
793,3.329167,-0.000300428,-0.000363590,0.224999994,1.000000000,0.000001231,-0.000000625,0.000004786,0.000026181,-0.000015824,-0.000053206,0.002109928,0.000258919,-0.000005588,-0.000300428,-0.000363590,0.024999994
794,3.333333,-0.000300430,-0.000363590,0.224999994,0.999999940,0.000001275,-0.000000668,0.000004797,0.000026238,-0.000015808,-0.000053175,0.002108953,0.000260212,-0.000005504,-0.000300430,-0.000363590,0.024999994
795,3.337500,-0.000300428,-0.000363589,0.224999994,1.000000000,0.000001324,-0.000000709,0.000004787,0.000026758,-0.000015450,-0.000053302,0.002105400,0.000271076,-0.000005412,-0.000300428,-0.000363589,0.024999994
796,3.341667,-0.000300428,-0.000363591,0.224999994,1.000000000,0.000001363,-0.000000760,0.000004789,0.000026282,-0.000015928,-0.000053236,0.002112852,0.000262048,-0.000005373,-0.000300428,-0.000363591,0.024999994
797,3.345833,-0.000300428,-0.000363590,0.224999994,1.000000000,0.000001269,-0.000000668,0.000004779,0.000026391,-0.000015648,-0.000053269,0.002108382,0.000262858,-0.000005597,-0.000300428,-0.000363590,0.024999994
798,3.350000,-0.000300430,-0.000363590,0.224999994,0.999999940,0.000001317,-0.000000703,0.000004791,0.000026212,-0.000015819,-0.000053188,0.002109452,0.000259648,-0.000005537,-0.000300430,-0.000363590,0.024999994
799,3.354167,-0.000300429,-0.000363590,0.224999994,1.000000000,0.000001369,-0.000000739,0.000004780,0.000026535,-0.000015659,-0.000053273,0.002108747,0.000266669,-0.000005412,-0.000300429,-0.000363590,0.024999994
800,3.358333,-0.000300429,-0.000363590,0.224999994,1.000000000,0.000001385,-0.000000810,0.000004783,0.000026347,-0.000015740,-0.000053263,0.002109879,0.000262469,-0.000005543,-0.000300429,-0.000363590,0.024999994
801,3.362500,-0.000300428,-0.000363590,0.224999994,1.000000000,0.000001316,-0.000000692,0.000004797,0.000026526,-0.000015657,-0.000053299,0.002109440,0.000266335,-0.000005458,-0.000300428,-0.000363590,0.024999994
802,3.366667,-0.000300430,-0.000363591,0.224999994,0.999999940,0.000001366,-0.000000724,0.000004785,0.000026199,-0.000015821,-0.000053197,0.002109691,0.000259368,-0.000005558,-0.000300430,-0.000363591,0.024999994
803,3.370833,-0.000300428,-0.000363590,0.224999994,0.999999940,0.000001251,-0.000000665,0.000004777,0.000026710,-0.000015489,-0.000053337,0.002107161,0.000269951,-0.000005464,-0.000300428,-0.000363590,0.024999994
804,3.375000,-0.000300428,-0.000363589,0.224999994,1.000000000,0.000001296,-0.000000706,0.000004789,0.000026409,-0.000015615,-0.000053209,0.002105864,0.000263580,-0.000005555,-0.000300428,-0.000363589,0.024999994
805,3.379167,-0.000300429,-0.000363591,0.224999994,0.999999940,0.000001482,-0.000000872,0.000004777,0.000026115,-0.000016042,-0.000053193,0.002114044,0.000258440,-0.000005398,-0.000300429,-0.000363591,0.024999994
806,3.383333,-0.000300428,-0.000363590,0.224999994,0.999999940,0.000001359,-0.000000602,0.000004755,0.000026673,-0.000015520,-0.000053387,0.002109196,0.000268874,-0.000005532,-0.000300428,-0.000363590,0.024999994
807,3.387500,-0.000300428,-0.000363590,0.224999994,1.000000000,0.000001477,-0.000000848,0.000004780,0.000026313,-0.000015757,-0.000053246,0.002109585,0.000261883,-0.000005552,-0.000300428,-0.000363590,0.024999994
808,3.391667,-0.000300430,-0.000363590,0.224999994,1.000000000,0.000001351,-0.000000779,0.000004793,0.000025990,-0.000015881,-0.000053233,0.002111990,0.000254040,-0.000005788,-0.000300430,-0.000363590,0.024999994
809,3.395833,-0.000300430,-0.000363590,0.224999994,1.000000000,0.000001280,-0.000000665,0.000004784,0.000026551,-0.000015660,-0.000053296,0.002109530,0.000266838,-0.000005414,-0.000300430,-0.000363590,0.024999994
810,3.400000,-0.000300429,-0.000363590,0.224999994,0.999999940,0.000001330,-0.000000705,0.000004797,0.000026546,-0.000015627,-0.000053261,0.002107644,0.000266936,-0.000005429,-0.000300429,-0.000363590,0.024999994
811,3.404167,-0.000300428,-0.000363589,0.224999994,1.000000000,0.000001381,-0.000000737,0.000004798,0.000026537,-0.000015568,-0.000053274,0.002106796,0.000266276,-0.000005518,-0.000300428,-0.000363589,0.024999994
812,3.408333,-0.000300430,-0.000363590,0.224999994,1.000000000,0.000001399,-0.000000803,0.000004787,0.000025944,-0.000016053,-0.000053183,0.002113862,0.000254222,-0.000005584,-0.000300430,-0.000363590,0.024999994
813,3.412500,-0.000300430,-0.000363590,0.224999994,1.000000000,0.000001309,-0.000000710,0.000004779,0.000026521,-0.000015682,-0.000053318,0.002110508,0.000266152,-0.000005450,-0.000300430,-0.000363590,0.024999994
814,3.416667,-0.000300430,-0.000363591,0.224999994,0.999999940,0.000001360,-0.000000744,0.000004779,0.000026348,-0.000015747,-0.000053230,0.002109211,0.000262553,-0.000005497,-0.000300430,-0.000363591,0.024999994
815,3.420833,-0.000300428,-0.000363590,0.224999994,0.999999940,0.000001265,-0.000000660,0.000004794,0.000026724,-0.000015470,-0.000053326,0.002106449,0.000270210,-0.000005461,-0.000300428,-0.000363590,0.024999994
816,3.425000,-0.000300430,-0.000363590,0.224999994,1.000000000,0.000001311,-0.000000700,0.000004782,0.000026196,-0.000015816,-0.000053172,0.002108783,0.000259423,-0.000005540,-0.000300430,-0.000363590,0.024999994
817,3.429167,-0.000300429,-0.000363590,0.224999994,0.999999940,0.000001363,-0.000000736,0.000004772,0.000026551,-0.000015645,-0.000053275,0.002108566,0.000266988,-0.000005412,-0.000300429,-0.000363590,0.024999994
818,3.433333,-0.000300427,-0.000363589,0.224999994,0.999999940,0.000001268,-0.000000653,0.000004786,0.000026717,-0.000015464,-0.000053323,0.002106147,0.000270047,-0.000005475,-0.000300427,-0.000363589,0.024999994
819,3.437500,-0.000300428,-0.000363589,0.224999994,1.000000000,0.000001312,-0.000000693,0.000004798,0.000026409,-0.000015615,-0.000053208,0.002105859,0.000263557,-0.000005556,-0.000300428,-0.000363589,0.024999994
820,3.441667,-0.000300429,-0.000363591,0.224999994,0.999999940,0.000001499,-0.000000859,0.000004787,0.000026115,-0.000016043,-0.000053194,0.002114068,0.000258443,-0.000005397,-0.000300429,-0.000363591,0.024999994
821,3.445833,-0.000300429,-0.000363589,0.224999994,0.999999940,0.000001374,-0.000000791,0.000004790,0.000026376,-0.000015594,-0.000053327,0.002108939,0.000261880,-0.000005744,-0.000300429,-0.000363589,0.024999994
822,3.450000,-0.000300429,-0.000363590,0.224999994,0.999999940,0.000001416,-0.000000835,0.000004793,0.000026436,-0.000015807,-0.000053288,0.002112038,0.000264973,-0.000005378,-0.000300429,-0.000363590,0.024999994
823,3.454167,-0.000300428,-0.000363590,0.224999994,0.999999940,0.000001349,-0.000000714,0.000004784,0.000026498,-0.000015676,-0.000053307,0.002110009,0.000265674,-0.000005475,-0.000300428,-0.000363590,0.024999994
824,3.458333,-0.000300429,-0.000363589,0.224999994,0.999999940,0.000001362,-0.000000785,0.000004785,0.000026216,-0.000015733,-0.000053217,0.002108490,0.000259173,-0.000005663,-0.000300429,-0.000363589,0.024999994
825,3.462500,-0.000300428,-0.000363589,0.224999994,0.999999940,0.000001289,-0.000000672,0.000004799,0.000026741,-0.000015468,-0.000053325,0.002106527,0.000270516,-0.000005443,-0.000300428,-0.000363589,0.024999994
826,3.466667,-0.000300428,-0.000363590,0.224999994,1.000000000,0.000001340,-0.000000711,0.000004788,0.000026311,-0.000015839,-0.000053214,0.002110468,0.000262347,-0.000005417,-0.000300428,-0.000363590,0.024999994
827,3.470833,-0.000300429,-0.000363590,0.224999994,1.000000000,0.000001355,-0.000000782,0.000004778,0.000026175,-0.000015849,-0.000053220,0.002110889,0.000258785,-0.000005578,-0.000300429,-0.000363590,0.024999994
828,3.475000,-0.000300427,-0.000363590,0.224999994,1.000000000,0.000001285,-0.000000671,0.000004781,0.000026694,-0.000015580,-0.000053328,0.002108790,0.000269971,-0.000005369,-0.000300427,-0.000363590,0.024999994
829,3.479167,-0.000300429,-0.000363590,0.224999994,0.999999940,0.000001333,-0.000000706,0.000004792,0.000026200,-0.000015808,-0.000053185,0.002109065,0.000259380,-0.000005562,-0.000300429,-0.000363590,0.024999994
830,3.483333,-0.000300429,-0.000363590,0.224999994,1.000000000,0.000001384,-0.000000735,0.000004781,0.000026400,-0.000015653,-0.000053246,0.002107803,0.000263273,-0.000005558,-0.000300429,-0.000363590,0.024999994
831,3.487500,-0.000300427,-0.000363589,0.224999994,1.000000000,0.000001401,-0.000000806,0.000004796,0.000026708,-0.000015477,-0.000053343,0.002107028,0.000269802,-0.000005493,-0.000300427,-0.000363589,0.024999994
832,3.491667,-0.000300428,-0.000363591,0.224999994,1.000000000,0.000001446,-0.000000843,0.000004786,0.000026065,-0.000016065,-0.000053223,0.002115300,0.000257241,-0.000005466,-0.000300428,-0.000363591,0.024999994
833,3.495833,-0.000300430,-0.000363591,0.224999994,1.000000000,0.000001491,-0.000000870,0.000004776,0.000026155,-0.000015879,-0.000053262,0.002112855,0.000258117,-0.000005614,-0.000300430,-0.000363591,0.024999994
834,3.500000,-0.000300428,-0.000363591,0.224999994,1.000000000,0.000001370,-0.000000601,0.000004742,0.000026625,-0.000015634,-0.000053380,0.002111316,0.000268356,-0.000005451,-0.000300428,-0.000363591,0.024999994
835,3.504167,-0.000300429,-0.000363590,0.224999994,0.999999940,0.000001485,-0.000000844,0.000004790,0.000026201,-0.000015727,-0.000053216,0.002108170,0.000258898,-0.000005696,-0.000300429,-0.000363590,0.024999994
836,3.508333,-0.000300428,-0.000363590,0.224999994,0.999999940,0.000001488,-0.000000714,0.000004755,0.000026511,-0.000015604,-0.000053345,0.002109647,0.000265393,-0.000005587,-0.000300428,-0.000363590,0.024999994
837,3.512500,-0.000300430,-0.000363589,0.224999994,0.999999940,0.000001444,-0.000000848,0.000004781,0.000026084,-0.000015837,-0.000053257,0.002111607,0.000256301,-0.000005753,-0.000300430,-0.000363589,0.024999994
838,3.516667,-0.000300428,-0.000363590,0.224999994,0.999999940,0.000001467,-0.000000702,0.000004758,0.000026607,-0.000015726,-0.000053361,0.002112614,0.000268490,-0.000005346,-0.000300428,-0.000363590,0.024999994
839,3.520833,-0.000300428,-0.000363589,0.224999994,0.999999940,0.000001424,-0.000000634,0.000004746,0.000026480,-0.000015594,-0.000053333,0.002108897,0.000264811,-0.000005630,-0.000300428,-0.000363589,0.024999994
840,3.525000,-0.000300428,-0.000363589,0.224999994,0.999999940,0.000001374,-0.000000782,0.000004784,0.000026304,-0.000015703,-0.000053272,0.002109322,0.000261171,-0.000005655,-0.000300428,-0.000363589,0.024999994
841,3.529167,-0.000300428,-0.000363590,0.224999994,0.999999940,0.000001416,-0.000000824,0.000004774,0.000026289,-0.000015882,-0.000053258,0.002112752,0.000261698,-0.000005442,-0.000300428,-0.000363590,0.024999994
842,3.533333,-0.000300429,-0.000363588,0.224999994,0.999999940,0.000001323,-0.000000720,0.000004787,0.000026229,-0.000015664,-0.000053246,0.002108050,0.000258885,-0.000005763,-0.000300429,-0.000363588,0.024999994
843,3.537500,-0.000300428,-0.000363589,0.224999994,1.000000000,0.000001379,-0.000000756,0.000004778,0.000026652,-0.000015684,-0.000053313,0.002110389,0.000269698,-0.000005282,-0.000300428,-0.000363589,0.024999994
844,3.541667,-0.000300429,-0.000363589,0.224999994,1.000000000,0.000001286,-0.000000663,0.000004791,0.000026162,-0.000015840,-0.000053222,0.002110778,0.000258392,-0.000005613,-0.000300429,-0.000363589,0.024999994
845,3.545833,-0.000300427,-0.000363590,0.224999994,0.999999940,0.000001336,-0.000000705,0.000004793,0.000026752,-0.000015526,-0.000053309,0.002107103,0.000271321,-0.000005339,-0.000300427,-0.000363590,0.024999994
846,3.550000,-0.000300429,-0.000363588,0.224999994,0.999999940,0.000001214,-0.000000642,0.000004782,0.000026233,-0.000015636,-0.000053209,0.002106278,0.000259128,-0.000005745,-0.000300429,-0.000363588,0.024999994
847,3.554167,-0.000300429,-0.000363589,0.224999994,1.000000000,0.000001282,-0.000000663,0.000004794,0.000026369,-0.000015824,-0.000053194,0.002109863,0.000263611,-0.000005344,-0.000300429,-0.000363589,0.024999994
848,3.558333,-0.000300427,-0.000363591,0.224999994,0.999999940,0.000001336,-0.000000707,0.000004796,0.000026654,-0.000015735,-0.000053303,0.002111115,0.000270092,-0.000005213,-0.000300427,-0.000363591,0.024999994
849,3.562500,-0.000300428,-0.000363589,0.224999994,1.000000000,0.000001364,-0.000000758,0.000004785,0.000026235,-0.000015636,-0.000053215,0.002106404,0.000259197,-0.000005748,-0.000300428,-0.000363589,0.024999994
850,3.566667,-0.000300429,-0.000363591,0.224999994,1.000000000,0.000001407,-0.000000799,0.000004798,0.000026091,-0.000016072,-0.000053220,0.002115510,0.000257832,-0.000005427,-0.000300429,-0.000363591,0.024999994
851,3.570833,-0.000300429,-0.000363591,0.224999994,1.000000000,0.000001317,-0.000000706,0.000004789,0.000026514,-0.000015676,-0.000053317,0.002110363,0.000265980,-0.000005466,-0.000300429,-0.000363591,0.024999994
852,3.575000,-0.000300430,-0.000363591,0.224999994,0.999999940,0.000001367,-0.000000738,0.000004777,0.000026198,-0.000015822,-0.000053197,0.002109768,0.000259281,-0.000005557,-0.000300430,-0.000363591,0.024999994
853,3.579167,-0.000300429,-0.000363588,0.224999994,0.999999940,0.000001245,-0.000000674,0.000004791,0.000026672,-0.000015257,-0.000053304,0.002101589,0.000267631,-0.000005753,-0.000300429,-0.000363588,0.024999994
854,3.583333,-0.000300428,-0.000363589,0.224999994,1.000000000,0.000001315,-0.000000696,0.000004781,0.000026689,-0.000015636,-0.000053267,0.002108021,0.000270653,-0.000005244,-0.000300428,-0.000363589,0.024999994
855,3.587500,-0.000300429,-0.000363592,0.224999994,0.999999940,0.000001503,-0.000000863,0.000004782,0.000026077,-0.000016121,-0.000053194,0.002115577,0.000258045,-0.000005356,-0.000300429,-0.000363592,0.024999994
856,3.591667,-0.000300429,-0.000363588,0.224999994,0.999999940,0.000001243,-0.000000660,0.000004784,0.000026466,-0.000015379,-0.000053332,0.002104775,0.000262883,-0.000005892,-0.000300429,-0.000363588,0.024999994
857,3.595833,-0.000300428,-0.000363589,0.224999994,1.000000000,0.000001293,-0.000000707,0.000004798,0.000026673,-0.000015657,-0.000053278,0.002108810,0.000270259,-0.000005256,-0.000300428,-0.000363589,0.024999994
858,3.600000,-0.000300429,-0.000363591,0.224999994,0.999999940,0.000001479,-0.000000874,0.000004787,0.000026103,-0.000016032,-0.000053192,0.002113729,0.000258199,-0.000005423,-0.000300429,-0.000363591,0.024999994
859,3.604167,-0.000300428,-0.000363590,0.224999994,0.999999940,0.000001378,-0.000000783,0.000004791,0.000026524,-0.000015596,-0.000053353,0.002109802,0.000265582,-0.000005592,-0.000300428,-0.000363590,0.024999994
860,3.608333,-0.000300428,-0.000363590,0.224999994,0.999999940,0.000001283,-0.000000691,0.000004781,0.000026369,-0.000015659,-0.000053257,0.002108198,0.000262493,-0.000005600,-0.000300428,-0.000363590,0.024999994
861,3.612500,-0.000300430,-0.000363589,0.224999994,1.000000000,0.000001330,-0.000000726,0.000004780,0.000026222,-0.000015744,-0.000053185,0.002107834,0.000259481,-0.000005603,-0.000300430,-0.000363589,0.024999994
862,3.616667,-0.000300429,-0.000363591,0.224999994,1.000000000,0.000001370,-0.000000779,0.000004795,0.000026451,-0.000015869,-0.000053279,0.002113094,0.000265726,-0.000005282,-0.000300429,-0.000363591,0.024999994
863,3.620833,-0.000300429,-0.000363590,0.224999994,1.000000000,0.000001276,-0.000000686,0.000004785,0.000026385,-0.000015643,-0.000053266,0.002108179,0.000262774,-0.000005609,-0.000300429,-0.000363590,0.024999994
864,3.625000,-0.000300429,-0.000363590,0.224999994,0.999999940,0.000001325,-0.000000727,0.000004798,0.000026553,-0.000015633,-0.000053261,0.002107852,0.000267037,-0.000005411,-0.000300429,-0.000363590,0.024999994
865,3.629167,-0.000300429,-0.000363589,0.224999994,1.000000000,0.000001376,-0.000000756,0.000004787,0.000026387,-0.000015642,-0.000053240,0.002107351,0.000262936,-0.000005579,-0.000300429,-0.000363589,0.024999994
866,3.633333,-0.000300427,-0.000363590,0.224999994,1.000000000,0.000001284,-0.000000670,0.000004790,0.000026706,-0.000015553,-0.000053338,0.002108401,0.000270230,-0.000005397,-0.000300427,-0.000363590,0.024999994
867,3.637500,-0.000300428,-0.000363590,0.224999994,0.999999940,0.000001333,-0.000000705,0.000004802,0.000026200,-0.000015808,-0.000053185,0.002108989,0.000259425,-0.000005560,-0.000300428,-0.000363590,0.024999994
868,3.641667,-0.000300428,-0.000363589,0.224999994,1.000000000,0.000001384,-0.000000737,0.000004780,0.000026591,-0.000015542,-0.000053287,0.002106808,0.000267328,-0.000005494,-0.000300428,-0.000363589,0.024999994
869,3.645833,-0.000300428,-0.000363590,0.224999994,1.000000000,0.000001404,-0.000000804,0.000004794,0.000026271,-0.000015874,-0.000053263,0.002112599,0.000261261,-0.000005481,-0.000300428,-0.000363590,0.024999994
870,3.650000,-0.000300429,-0.000363590,0.224999994,1.000000000,0.000001446,-0.000000839,0.000004783,0.000026168,-0.000015859,-0.000053240,0.002111668,0.000258527,-0.000005596,-0.000300429,-0.000363590,0.024999994
871,3.654167,-0.000300428,-0.000363590,0.224999994,1.000000000,0.000001491,-0.000000872,0.000004775,0.000026494,-0.000015693,-0.000053330,0.002111026,0.000265535,-0.000005485,-0.000300428,-0.000363590,0.024999994
872,3.658333,-0.000300429,-0.000363590,0.224999994,1.000000000,0.000001392,-0.000000780,0.000004778,0.000026272,-0.000015811,-0.000053302,0.002112466,0.000260705,-0.000005594,-0.000300429,-0.000363590,0.024999994
873,3.662500,-0.000300429,-0.000363590,0.224999994,1.000000000,0.000001299,-0.000000684,0.000004792,0.000026382,-0.000015658,-0.000053275,0.002108764,0.000262669,-0.000005609,-0.000300429,-0.000363590,0.024999994
874,3.666667,-0.000300428,-0.000363590,0.224999994,0.999999940,0.000001350,-0.000000721,0.000004782,0.000026545,-0.000015641,-0.000053271,0.002108315,0.000266830,-0.000005418,-0.000300428,-0.000363590,0.024999994
875,3.670833,-0.000300429,-0.000363589,0.224999994,0.999999940,0.000001363,-0.000000791,0.000004782,0.000026215,-0.000015731,-0.000053216,0.002108355,0.000259159,-0.000005665,-0.000300429,-0.000363589,0.024999994
876,3.675000,-0.000300428,-0.000363590,0.224999994,0.999999940,0.000001294,-0.000000681,0.000004798,0.000026651,-0.000015685,-0.000053323,0.002110742,0.000269533,-0.000005297,-0.000300428,-0.000363590,0.024999994
877,3.679167,-0.000300428,-0.000363589,0.224999994,1.000000000,0.000001342,-0.000000718,0.000004786,0.000026402,-0.000015621,-0.000053224,0.002106406,0.000263348,-0.000005569,-0.000300428,-0.000363589,0.024999994
878,3.683333,-0.000300429,-0.000363590,0.224999994,1.000000000,0.000001379,-0.000000765,0.000004787,0.000026129,-0.000015961,-0.000053200,0.002112587,0.000258333,-0.000005484,-0.000300429,-0.000363590,0.024999994
879,3.687500,-0.000300429,-0.000363591,0.224999994,1.000000000,0.000001287,-0.000000676,0.000004801,0.000026522,-0.000015669,-0.000053306,0.002109847,0.000266190,-0.000005456,-0.000300429,-0.000363591,0.024999994
880,3.691667,-0.000300430,-0.000363591,0.224999994,0.999999940,0.000001337,-0.000000712,0.000004778,0.000026184,-0.000015903,-0.000053191,0.002111146,0.000259455,-0.000005469,-0.000300430,-0.000363591,0.024999994
881,3.695833,-0.000300427,-0.000363590,0.224999994,1.000000000,0.000001388,-0.000000747,0.000004792,0.000026954,-0.000015264,-0.000053361,0.002103357,0.000274787,-0.000005456,-0.000300427,-0.000363590,0.024999994
882,3.700000,-0.000300428,-0.000363590,0.224999994,1.000000000,0.000001406,-0.000000812,0.000004782,0.000026135,-0.000015850,-0.000053220,0.002110711,0.000257956,-0.000005628,-0.000300428,-0.000363590,0.024999994
883,3.704167,-0.000300430,-0.000363589,0.224999994,1.000000000,0.000001315,-0.000000709,0.000004783,0.000026188,-0.000015782,-0.000053245,0.002110407,0.000258499,-0.000005670,-0.000300430,-0.000363589,0.024999994
884,3.708333,-0.000300430,-0.000363591,0.224999994,0.999999940,0.000001501,-0.000000878,0.000004808,0.000026310,-0.000015936,-0.000053237,0.002113246,0.000262618,-0.000005335,-0.000300430,-0.000363591,0.024999994
885,3.712500,-0.000300428,-0.000363591,0.224999994,0.999999940,0.000001379,-0.000000608,0.000004739,0.000026669,-0.000015516,-0.000053384,0.002109055,0.000268769,-0.000005529,-0.000300428,-0.000363591,0.024999994
886,3.716667,-0.000300429,-0.000363589,0.224999994,1.000000000,0.000001474,-0.000000873,0.000004788,0.000026330,-0.000015600,-0.000053258,0.002106787,0.000261345,-0.000005733,-0.000300429,-0.000363589,0.024999994
887,3.720833,-0.000300431,-0.000363591,0.224999994,1.000000000,0.000001375,-0.000000783,0.000004790,0.000025899,-0.000016175,-0.000053221,0.002117560,0.000253472,-0.000005542,-0.000300431,-0.000363591,0.024999994
888,3.725000,-0.000300429,-0.000363591,0.224999994,1.000000000,0.000001284,-0.000000696,0.000004794,0.000026720,-0.000015562,-0.000053352,0.002109186,0.000270437,-0.000005387,-0.000300429,-0.000363591,0.024999994
889,3.729167,-0.000300428,-0.000363591,0.224999994,0.999999940,0.000001335,-0.000000732,0.000004783,0.000026532,-0.000015630,-0.000053267,0.002107834,0.000266607,-0.000005445,-0.000300428,-0.000363591,0.024999994
890,3.733333,-0.000300429,-0.000363591,0.224999994,0.999999940,0.000001239,-0.000000649,0.000004785,0.000026363,-0.000015732,-0.000053242,0.002109245,0.000262851,-0.000005509,-0.000300429,-0.000363591,0.024999994
891,3.737500,-0.000300429,-0.000363588,0.224999994,1.000000000,0.000001278,-0.000000687,0.000004784,0.000026535,-0.000015319,-0.000053219,0.002100312,0.000264878,-0.000005751,-0.000300429,-0.000363588,0.024999994
892,3.741667,-0.000300428,-0.000363590,0.224999994,0.999999940,0.000001331,-0.000000729,0.000004798,0.000026462,-0.000015849,-0.000053250,0.002111751,0.000266111,-0.000005262,-0.000300428,-0.000363590,0.024999994
893,3.745833,-0.000300429,-0.000363589,0.224999994,1.000000000,0.000001382,-0.000000758,0.000004787,0.000026388,-0.000015642,-0.000053246,0.002107555,0.000262924,-0.000005585,-0.000300429,-0.000363589,0.024999994
894,3.750000,-0.000300429,-0.000363591,0.224999994,1.000000000,0.000001425,-0.000000801,0.000004789,0.000026276,-0.000015955,-0.000053260,0.002114232,0.000261816,-0.000005375,-0.000300429,-0.000363591,0.024999994
895,3.754167,-0.000300429,-0.000363591,0.224999994,1.000000000,0.000001469,-0.000000835,0.000004791,0.000026347,-0.000015753,-0.000053288,0.002111042,0.000262278,-0.000005554,-0.000300429,-0.000363591,0.024999994
896,3.758333,-0.000300429,-0.000363591,0.224999994,1.000000000,0.000001493,-0.000000890,0.000004794,0.000026316,-0.000015776,-0.000053301,0.002111808,0.000261583,-0.000005580,-0.000300429,-0.000363591,0.024999994
897,3.762500,-0.000300428,-0.000363591,0.224999994,1.000000000,0.000001371,-0.000000619,0.000004748,0.000026470,-0.000015704,-0.000053343,0.002111661,0.000264937,-0.000005518,-0.000300428,-0.000363591,0.024999994
898,3.766667,-0.000300429,-0.000363589,0.224999994,0.999999940,0.000001485,-0.000000858,0.000004784,0.000026438,-0.000015449,-0.000053264,0.002104007,0.000263120,-0.000005778,-0.000300429,-0.000363589,0.024999994
899,3.770833,-0.000300429,-0.000363591,0.224999994,0.999999940,0.000001387,-0.000000773,0.000004788,0.000026222,-0.000016002,-0.000053288,0.002115955,0.000260598,-0.000005418,-0.000300429,-0.000363591,0.024999994
900,3.775000,-0.000300429,-0.000363591,0.224999994,0.999999940,0.000001295,-0.000000681,0.000004790,0.000026352,-0.000015753,-0.000053270,0.002110540,0.000262454,-0.000005526,-0.000300429,-0.000363591,0.024999994
