step,sim_time_s,px_m,py_m,pz_m,qw,qx,qy,qz,vx_mps,vy_mps,vz_mps,wx_radps,wy_radps,wz_radps,local_x_m,local_y_m,local_z_m
1,0.029167,0.000000000,0.000000000,0.465231270,1.000000000,0.000000000,0.000000000,0.000000000,0.000000000,0.000000000,-0.286125004,0.000000000,0.000000000,0.000000000,0.000000000,0.000000000,0.265231270
2,0.033333,0.000000000,0.000000000,0.463868767,1.000000000,0.000000000,0.000000000,0.000000000,0.000000000,0.000000000,-0.327000022,0.000000000,0.000000000,0.000000000,0.000000000,0.000000000,0.263868767
3,0.037500,0.000000000,0.000000000,0.462335944,1.000000000,0.000000000,0.000000000,0.000000000,0.000000000,0.000000000,-0.367875040,0.000000000,0.000000000,0.000000000,0.000000000,0.000000000,0.262335944
4,0.041667,0.000000000,0.000000000,0.460632831,1.000000000,0.000000000,0.000000000,0.000000000,0.000000000,0.000000000,-0.408750057,0.000000000,0.000000000,0.000000000,0.000000000,0.000000000,0.260632831
5,0.045833,0.000000000,0.000000000,0.458759397,1.000000000,0.000000000,0.000000000,0.000000000,0.000000000,0.000000000,-0.449625075,0.000000000,0.000000000,0.000000000,0.000000000,0.000000000,0.258759397
6,0.050000,0.000000000,0.000000000,0.456715643,1.000000000,0.000000000,0.000000000,0.000000000,0.000000000,0.000000000,-0.490500093,0.000000000,0.000000000,0.000000000,0.000000000,0.000000000,0.256715643
7,0.054167,0.000000000,0.000000000,0.454501569,1.000000000,0.000000000,0.000000000,0.000000000,0.000000000,0.000000000,-0.531375110,0.000000000,0.000000000,0.000000000,0.000000000,0.000000000,0.254501569
8,0.058333,0.000000000,0.000000000,0.452117205,1.000000000,0.000000000,0.000000000,0.000000000,0.000000000,0.000000000,-0.572250128,0.000000000,0.000000000,0.000000000,0.000000000,0.000000000,0.252117205
9,0.062500,0.000000000,0.000000000,0.449562520,1.000000000,0.000000000,0.000000000,0.000000000,0.000000000,0.000000000,-0.613125145,0.000000000,0.000000000,0.000000000,0.000000000,0.000000000,0.249562520
10,0.066667,0.000000000,0.000000000,0.446837515,1.000000000,0.000000000,0.000000000,0.000000000,0.000000000,0.000000000,-0.654000163,0.000000000,0.000000000,0.000000000,0.000000000,0.000000000,0.246837515
11,0.070833,0.000000000,0.000000000,0.443942189,1.000000000,0.000000000,0.000000000,0.000000000,0.000000000,0.000000000,-0.694875181,0.000000000,0.000000000,0.000000000,0.000000000,0.000000000,0.243942189
12,0.075000,0.000000000,0.000000000,0.440876573,1.000000000,0.000000000,0.000000000,0.000000000,0.000000000,0.000000000,-0.735750198,0.000000000,0.000000000,0.000000000,0.000000000,0.000000000,0.240876573
13,0.079167,0.000000000,0.000000000,0.437640637,1.000000000,0.000000000,0.000000000,0.000000000,0.000000000,0.000000000,-0.776625216,0.000000000,0.000000000,0.000000000,0.000000000,0.000000000,0.237640637
14,0.083333,0.000000000,0.000000000,0.434234381,1.000000000,0.000000000,0.000000000,0.000000000,0.000000000,0.000000000,-0.817500234,0.000000000,0.000000000,0.000000000,0.000000000,0.000000000,0.234234381
15,0.087500,0.000000000,0.000000000,0.430657804,1.000000000,0.000000000,0.000000000,0.000000000,0.000000000,0.000000000,-0.858375251,0.000000000,0.000000000,0.000000000,0.000000000,0.000000000,0.230657804
16,0.091667,0.000000000,0.000000000,0.426910937,1.000000000,0.000000000,0.000000000,0.000000000,0.000000000,0.000000000,-0.899250269,0.000000000,0.000000000,0.000000000,0.000000000,0.000000000,0.226910937
17,0.095833,0.000000000,0.000000000,0.422993749,1.000000000,0.000000000,0.000000000,0.000000000,0.000000000,0.000000000,-0.940125287,0.000000000,0.000000000,0.000000000,0.000000000,0.000000000,0.222993749
18,0.100000,0.000000000,0.000000000,0.418906242,1.000000000,0.000000000,0.000000000,0.000000000,0.000000000,0.000000000,-0.981000304,0.000000000,0.000000000,0.000000000,0.000000000,0.000000000,0.218906242
19,0.104167,0.000000000,0.000000000,0.414648414,1.000000000,0.000000000,0.000000000,0.000000000,0.000000000,0.000000000,-1.021875262,0.000000000,0.000000000,0.000000000,0.000000000,0.000000000,0.214648414
20,0.108333,0.000000000,0.000000000,0.410220295,1.000000000,0.000000000,0.000000000,0.000000000,0.000000000,0.000000000,-1.062750220,0.000000000,0.000000000,0.000000000,0.000000000,0.000000000,0.210220295
21,0.112500,0.000000000,0.000000000,0.405621856,1.000000000,0.000000000,0.000000000,0.000000000,0.000000000,0.000000000,-1.103625178,0.000000000,0.000000000,0.000000000,0.000000000,0.000000000,0.205621856
22,0.116667,0.000000000,0.000000000,0.400853097,1.000000000,0.000000000,0.000000000,0.000000000,0.000000000,0.000000000,-1.144500136,0.000000000,0.000000000,0.000000000,0.000000000,0.000000000,0.200853097
23,0.120833,0.000000000,0.000000000,0.395914048,1.000000000,0.000000000,0.000000000,0.000000000,0.000000000,0.000000000,-1.185375094,0.000000000,0.000000000,0.000000000,0.000000000,0.000000000,0.195914048
24,0.125000,0.000000000,0.000000000,0.390804678,1.000000000,0.000000000,0.000000000,0.000000000,0.000000000,0.000000000,-1.226250052,0.000000000,0.000000000,0.000000000,0.000000000,0.000000000,0.190804678
25,0.129167,0.000000000,0.000000000,0.385524988,1.000000000,0.000000000,0.000000000,0.000000000,0.000000000,0.000000000,-1.267125010,0.000000000,0.000000000,0.000000000,0.000000000,0.000000000,0.185524988
26,0.133333,0.000000000,0.000000000,0.380074978,1.000000000,0.000000000,0.000000000,0.000000000,0.000000000,0.000000000,-1.307999969,0.000000000,0.000000000,0.000000000,0.000000000,0.000000000,0.180074978
27,0.137500,0.000000000,0.000000000,0.374454677,1.000000000,0.000000000,0.000000000,0.000000000,0.000000000,0.000000000,-1.348874927,0.000000000,0.000000000,0.000000000,0.000000000,0.000000000,0.174454677
28,0.141667,0.000000000,0.000000000,0.368664056,1.000000000,0.000000000,0.000000000,0.000000000,0.000000000,0.000000000,-1.389749885,0.000000000,0.000000000,0.000000000,0.000000000,0.000000000,0.168664056
29,0.145833,-0.000005558,-0.000007201,0.370000184,0.999999940,0.000081360,-0.000055591,0.000000745,-0.002824210,-0.002011183,-0.002473217,0.213981062,-0.170792878,-0.003500059,-0.000005558,-0.000007201,0.170000184
30,0.150000,-0.000000454,-0.000000694,0.369999886,0.999999940,0.000008503,-0.000004329,0.000000074,0.001428336,0.001250554,-0.000369713,-0.013260598,0.026751041,-0.000090051,-0.000000454,-0.000000694,0.169999886
31,0.154167,0.000000002,-0.000000055,0.369999975,1.000000000,0.000000634,0.000000075,0.000000027,0.000077175,0.000121078,-0.000037323,-0.001522366,0.001269616,-0.000087725,0.000000002,-0.000000055,0.169999975
32,0.158333,-0.000000067,-0.000000082,0.370000005,1.000000000,0.000001067,-0.000000450,-0.000000012,0.000010567,-0.000027657,-0.000046743,0.002149236,-0.000033669,-0.000004085,-0.000000067,-0.000000082,0.170000005
33,0.162500,-0.000000073,-0.000000094,0.370000005,0.999999940,0.000001253,-0.000000632,0.000000011,0.000025607,-0.000018035,-0.000053101,0.002156751,0.000252290,-0.000003575,-0.000000073,-0.000000094,0.170000005
34,0.166667,-0.000000072,-0.000000093,0.370000005,1.000000000,0.000001421,-0.000000812,0.000000014,0.000026657,-0.000015637,-0.000053110,0.002104273,0.000269834,-0.000005111,-0.000000072,-0.000000093,0.170000005
35,0.170833,-0.000000072,-0.000000094,0.370000005,1.000000000,0.000001285,-0.000000554,-0.000000030,0.000026340,-0.000015977,-0.000053086,0.002110083,0.000264048,-0.000005076,-0.000000072,-0.000000094,0.170000005
36,0.175000,-0.000000073,-0.000000095,0.370000005,0.999999940,0.000001388,-0.000000811,0.000000019,0.000026179,-0.000016067,-0.000052999,0.002109372,0.000260836,-0.000005089,-0.000000073,-0.000000095,0.170000005
37,0.179167,-0.000000072,-0.000000094,0.370000005,0.999999940,0.000001417,-0.000000648,-0.000000026,0.000026800,-0.000015578,-0.000053155,0.002104300,0.000273055,-0.000005049,-0.000000072,-0.000000094,0.170000005
38,0.183333,-0.000000073,-0.000000093,0.370000005,0.999999940,0.000001338,-0.000000612,-0.000000014,0.000025994,-0.000016072,-0.000053008,0.002109530,0.000256184,-0.000005323,-0.000000073,-0.000000093,0.170000005
39,0.187500,-0.000000073,-0.000000093,0.370000005,0.999999940,0.000001276,-0.000000566,-0.000000012,0.000026554,-0.000015805,-0.000053106,0.002107253,0.000268447,-0.000005045,-0.000000073,-0.000000093,0.170000005
40,0.191667,-0.000000071,-0.000000093,0.370000005,1.000000000,0.000001378,-0.000000619,-0.000000022,0.000026725,-0.000015684,-0.000053103,0.002104709,0.000272216,-0.000004973,-0.000000071,-0.000000093,0.170000005
41,0.195833,-0.000000073,-0.000000094,0.370000005,1.000000000,0.000001340,-0.000000746,0.000000016,0.000025978,-0.000016163,-0.000052993,0.002110946,0.000256343,-0.000005216,-0.000000073,-0.000000094,0.170000005
42,0.200000,-0.000000073,-0.000000094,0.370000005,1.000000000,0.000001345,-0.000000611,-0.000000018,0.000026416,-0.000015880,-0.000053072,0.002107995,0.000265261,-0.000005084,-0.000000073,-0.000000094,0.170000005
43,0.204167,-0.000000074,-0.000000093,0.370000005,1.000000000,0.000001282,-0.000000560,-0.000000017,0.000026214,-0.000015963,-0.000053029,0.002108082,0.000260978,-0.000005197,-0.000000074,-0.000000093,0.170000005
44,0.208333,-0.000000072,-0.000000093,0.370000005,0.999999940,0.000001364,-0.000000638,-0.000000027,0.000026773,-0.000015656,-0.000053128,0.002104906,0.000273163,-0.000004970,-0.000000072,-0.000000093,0.170000005
45,0.212500,-0.000000073,-0.000000092,0.370000005,0.999999940,0.000001302,-0.000000585,-0.000000026,0.000026391,-0.000015775,-0.000053065,0.002105313,0.000264413,-0.000005239,-0.000000073,-0.000000092,0.170000005
46,0.216667,-0.000000072,-0.000000094,0.370000005,0.999999940,0.000001260,-0.000000520,-0.000000025,0.000026483,-0.000015988,-0.000053075,0.002110036,0.000267835,-0.000004887,-0.000000072,-0.000000094,0.170000005
47,0.220833,-0.000000071,-0.000000093,0.370000005,1.000000000,0.000001338,-0.000000604,-0.000000024,0.000026573,-0.000015756,-0.000053065,0.002105003,0.000268950,-0.000005036,-0.000000071,-0.000000093,0.170000005
48,0.225000,-0.000000072,-0.000000093,0.370000005,1.000000000,0.000001275,-0.000000553,-0.000000023,0.000026209,-0.000015959,-0.000053025,0.002107831,0.000260887,-0.000005204,-0.000000072,-0.000000093,0.170000005
49,0.229167,-0.000000072,-0.000000094,0.370000005,0.999999940,0.000001355,-0.000000631,-0.000000023,0.000026376,-0.000015961,-0.000053040,0.002108478,0.000265045,-0.000005010,-0.000000072,-0.000000094,0.170000005
50,0.233333,-0.000000071,-0.000000093,0.370000005,0.999999940,0.000001294,-0.000000580,-0.000000033,0.000026595,-0.000015673,-0.000053116,0.002104772,0.000268778,-0.000005156,-0.000000071,-0.000000093,0.170000005
51,0.237500,-0.000000073,-0.000000093,0.370000005,1.000000000,0.000001421,-0.000000809,0.000000017,0.000026167,-0.000016071,-0.000052989,0.002109067,0.000260635,-0.000005087,-0.000000073,-0.000000093,0.170000005
52,0.241667,-0.000000073,-0.000000094,0.370000005,1.000000000,0.000001285,-0.000000550,-0.000000028,0.000026357,-0.000015987,-0.000053099,0.002110803,0.000264284,-0.000005056,-0.000000073,-0.000000094,0.170000005
53,0.245833,-0.000000073,-0.000000093,0.370000005,0.999999940,0.000001385,-0.000000808,0.000000010,0.000026459,-0.000015739,-0.000053043,0.002104050,0.000265926,-0.000005173,-0.000000073,-0.000000093,0.170000005
54,0.250000,-0.000000072,-0.000000093,0.370000005,0.999999940,0.000001414,-0.000000644,-0.000000012,0.000026576,-0.000015774,-0.000053107,0.002106748,0.000268742,-0.000005051,-0.000000072,-0.000000093,0.170000005
55,0.254167,-0.000000072,-0.000000093,0.370000005,0.999999940,0.000001336,-0.000000613,-0.000000022,0.000026304,-0.000015929,-0.000053080,0.002108857,0.000262945,-0.000005181,-0.000000072,-0.000000093,0.170000005
56,0.258333,-0.000000072,-0.000000093,0.370000005,0.999999940,0.000001274,-0.000000567,-0.000000020,0.000026543,-0.000015795,-0.000053101,0.002106823,0.000268199,-0.000005064,-0.000000072,-0.000000093,0.170000005
57,0.262500,-0.000000072,-0.000000092,0.370000005,1.000000000,0.000001396,-0.000000796,0.000000018,0.000026448,-0.000015743,-0.000053035,0.002103903,0.000265749,-0.000005173,-0.000000072,-0.000000092,0.170000005
58,0.266667,-0.000000072,-0.000000094,0.370000005,1.000000000,0.000001260,-0.000000544,-0.000000004,0.000026267,-0.000016190,-0.000053076,0.002114145,0.000263401,-0.000004912,-0.000000072,-0.000000094,0.170000005
59,0.270833,-0.000000072,-0.000000093,0.370000005,0.999999940,0.000001382,-0.000000777,0.000000011,0.000026483,-0.000015724,-0.000053040,0.002103760,0.000266428,-0.000005151,-0.000000072,-0.000000093,0.170000005
60,0.275000,-0.000000071,-0.000000093,0.370000005,0.999999940,0.000001389,-0.000000641,-0.000000011,0.000026564,-0.000015779,-0.000053105,0.002106761,0.000268527,-0.000005058,-0.000000071,-0.000000093,0.170000005
61,0.279167,-0.000000071,-0.000000093,0.370000005,0.999999940,0.000001330,-0.000000585,-0.000000021,0.000026365,-0.000015878,-0.000053081,0.002107840,0.000264269,-0.000005166,-0.000000071,-0.000000093,0.170000005
62,0.283333,-0.000000072,-0.000000093,0.370000005,0.999999940,0.000001266,-0.000000539,-0.000000032,0.000026186,-0.000016061,-0.000053019,0.002109810,0.000260908,-0.000005105,-0.000000072,-0.000000093,0.170000005
63,0.287500,-0.000000072,-0.000000092,0.370000005,1.000000000,0.000001345,-0.000000617,-0.000000020,0.000026599,-0.000015684,-0.000053075,0.002103971,0.000269024,-0.000005100,-0.000000072,-0.000000092,0.170000005
64,0.291667,-0.000000074,-0.000000094,0.370000005,1.000000000,0.000001306,-0.000000746,0.000000018,0.000025778,-0.000016361,-0.000052945,0.002113594,0.000252487,-0.000005180,-0.000000074,-0.000000094,0.170000005
65,0.295833,-0.000000073,-0.000000094,0.370000005,1.000000000,0.000001331,-0.000000596,-0.000000004,0.000026767,-0.000015766,-0.000053136,0.002107676,0.000273280,-0.000004853,-0.000000073,-0.000000094,0.170000005
66,0.300000,-0.000000074,-0.000000094,0.370000005,1.000000000,0.000001288,-0.000000731,0.000000012,0.000026212,-0.000015944,-0.000053015,0.002107224,0.000260994,-0.000005205,-0.000000074,-0.000000094,0.170000005
67,0.304167,-0.000000072,-0.000000093,0.370000005,1.000000000,0.000001308,-0.000000583,-0.000000034,0.000026855,-0.000015533,-0.000053119,0.002102398,0.000274370,-0.000004995,-0.000000072,-0.000000093,0.170000005
68,0.308333,-0.000000072,-0.000000093,0.370000005,1.000000000,0.000001243,-0.000000539,-0.000000021,0.000026399,-0.000015833,-0.000053050,0.002105952,0.000265113,-0.000005148,-0.000000072,-0.000000093,0.170000005
69,0.312500,-0.000000072,-0.000000093,0.370000005,0.999999940,0.000001366,-0.000000778,0.000000017,0.000026400,-0.000015934,-0.000053018,0.002107360,0.000265623,-0.000004991,-0.000000072,-0.000000093,0.170000005
70,0.316667,-0.000000072,-0.000000093,0.370000005,0.999999940,0.000001373,-0.000000640,-0.000000017,0.000026415,-0.000015854,-0.000053078,0.002107490,0.000265217,-0.000005122,-0.000000072,-0.000000093,0.170000005
71,0.320833,-0.000000073,-0.000000093,0.370000005,0.999999940,0.000001313,-0.000000588,-0.000000028,0.000026340,-0.000015911,-0.000053067,0.002108197,0.000263734,-0.000005141,-0.000000073,-0.000000093,0.170000005
72,0.325000,-0.000000073,-0.000000092,0.370000005,0.999999940,0.000001247,-0.000000542,-0.000000027,0.000026425,-0.000015771,-0.000053057,0.002105041,0.000265239,-0.000005191,-0.000000073,-0.000000092,0.170000005
73,0.329167,-0.000000073,-0.000000094,0.370000005,1.000000000,0.000001348,-0.000000601,-0.000000026,0.000026295,-0.000016164,-0.000053011,0.002111676,0.000264400,-0.000004844,-0.000000073,-0.000000094,0.170000005
74,0.333333,-0.000000072,-0.000000093,0.370000005,1.000000000,0.000001285,-0.000000553,-0.000000013,0.000026620,-0.000015650,-0.000053113,0.002104356,0.000269232,-0.000005156,-0.000000072,-0.000000093,0.170000005
75,0.337500,-0.000000073,-0.000000094,0.370000005,0.999999940,0.000001388,-0.000000811,0.000000013,0.000026213,-0.000016025,-0.000052998,0.002108370,0.000261590,-0.000005091,-0.000000073,-0.000000094,0.170000005
76,0.341667,-0.000000072,-0.000000095,0.370000005,0.999999940,0.000001419,-0.000000648,-0.000000020,0.000026519,-0.000015905,-0.000053110,0.002109533,0.000267964,-0.000004969,-0.000000072,-0.000000095,0.170000005
77,0.345833,-0.000000072,-0.000000092,0.370000005,0.999999940,0.000001337,-0.000000613,-0.000000019,0.000026457,-0.000015587,-0.000053092,0.002102362,0.000264802,-0.000005408,-0.000000072,-0.000000092,0.170000005
78,0.350000,-0.000000072,-0.000000093,0.370000005,0.999999940,0.000001277,-0.000000569,-0.000000017,0.000026452,-0.000016011,-0.000053089,0.002110804,0.000267258,-0.000004913,-0.000000072,-0.000000093,0.170000005
79,0.354167,-0.000000072,-0.000000092,0.370000005,1.000000000,0.000001400,-0.000000799,0.000000021,0.000026450,-0.000015743,-0.000053041,0.002104098,0.000265724,-0.000005177,-0.000000072,-0.000000092,0.170000005
80,0.358333,-0.000000073,-0.000000094,0.370000005,1.000000000,0.000001262,-0.000000543,-0.000000024,0.000026143,-0.000016176,-0.000053043,0.002112836,0.000260249,-0.000005041,-0.000000073,-0.000000094,0.170000005
81,0.362500,-0.000000072,-0.000000095,0.370000005,0.999999940,0.000001364,-0.000000599,-0.000000023,0.000026524,-0.000015960,-0.000053071,0.002109440,0.000268690,-0.000004866,-0.000000072,-0.000000095,0.170000005
82,0.366667,-0.000000071,-0.000000094,0.370000005,0.999999940,0.000001300,-0.000000551,-0.000000022,0.000026622,-0.000015571,-0.000053103,0.002102412,0.000268918,-0.000005233,-0.000000071,-0.000000094,0.170000005
83,0.370833,-0.000000072,-0.000000093,0.370000005,1.000000000,0.000001403,-0.000000804,0.000000016,0.000026212,-0.000015960,-0.000053000,0.002107114,0.000261155,-0.000005172,-0.000000072,-0.000000093,0.170000005
84,0.375000,-0.000000073,-0.000000094,0.370000005,1.000000000,0.000001264,-0.000000547,-0.000000018,0.000026214,-0.000016054,-0.000053053,0.002110829,0.000261267,-0.000005111,-0.000000073,-0.000000094,0.170000005
85,0.379167,-0.000000072,-0.000000095,0.370000005,0.999999940,0.000001366,-0.000000604,-0.000000017,0.000026522,-0.000015960,-0.000053068,0.002109341,0.000268686,-0.000004864,-0.000000072,-0.000000095,0.170000005
86,0.383333,-0.000000072,-0.000000094,0.370000005,0.999999940,0.000001302,-0.000000555,-0.000000016,0.000026623,-0.000015570,-0.000053103,0.002102399,0.000268915,-0.000005233,-0.000000072,-0.000000094,0.170000005
87,0.387500,-0.000000071,-0.000000093,0.370000005,1.000000000,0.000001384,-0.000000632,-0.000000015,0.000026553,-0.000015774,-0.000053073,0.002105557,0.000268523,-0.000005048,-0.000000071,-0.000000093,0.170000005
88,0.391667,-0.000000073,-0.000000094,0.370000005,1.000000000,0.000001345,-0.000000758,0.000000024,0.000025985,-0.000016168,-0.000052996,0.002111177,0.000256500,-0.000005206,-0.000000073,-0.000000094,0.170000005
89,0.395833,-0.000000074,-0.000000094,0.370000005,1.000000000,0.000001372,-0.000000803,0.000000015,0.000026265,-0.000015954,-0.000053039,0.002108526,0.000261959,-0.000005145,-0.000000074,-0.000000094,0.170000005
90,0.400000,-0.000000072,-0.000000094,0.370000005,1.000000000,0.000001404,-0.000000642,-0.000000029,0.000026725,-0.000015778,-0.000053152,0.002108163,0.000272375,-0.000004904,-0.000000072,-0.000000094,0.170000005
91,0.404167,-0.000000071,-0.000000094,0.370000005,1.000000000,0.000001346,-0.000000589,-0.000000028,0.000026524,-0.000015783,-0.000053116,0.002106937,0.000267681,-0.000005121,-0.000000071,-0.000000094,0.170000005
92,0.408333,-0.000000072,-0.000000092,0.370000005,1.000000000,0.000001300,-0.000000718,0.000000011,0.000026299,-0.000015744,-0.000053028,0.002103697,0.000261928,-0.000005348,-0.000000072,-0.000000092,0.170000005
93,0.412500,-0.000000072,-0.000000096,0.370000005,1.000000000,0.000001325,-0.000000571,-0.000000023,0.000026309,-0.000016240,-0.000053036,0.002114097,0.000264920,-0.000004757,-0.000000072,-0.000000096,0.170000005
94,0.416667,-0.000000073,-0.000000094,0.370000005,1.000000000,0.000001259,-0.000000525,-0.000000022,0.000026439,-0.000015752,-0.000053066,0.002105015,0.000265339,-0.000005207,-0.000000073,-0.000000094,0.170000005
95,0.420833,-0.000000074,-0.000000094,0.370000005,0.999999940,0.000001359,-0.000000785,0.000000015,0.000026253,-0.000015933,-0.000052991,0.002106362,0.000262017,-0.000005142,-0.000000074,-0.000000094,0.170000005
96,0.425000,-0.000000071,-0.000000094,0.370000005,0.999999940,0.000001387,-0.000000629,-0.000000029,0.000026935,-0.000015584,-0.000053177,0.002105038,0.000276547,-0.000004901,-0.000000071,-0.000000094,0.170000005
97,0.429167,-0.000000072,-0.000000095,0.370000005,0.999999940,0.000001327,-0.000000576,-0.000000017,0.000026105,-0.000016097,-0.000053018,0.002110368,0.000259164,-0.000005167,-0.000000072,-0.000000095,0.170000005
98,0.433333,-0.000000071,-0.000000093,0.370000005,0.999999940,0.000001261,-0.000000531,-0.000000039,0.000026649,-0.000015576,-0.000053100,0.002102579,0.000269497,-0.000005184,-0.000000071,-0.000000093,0.170000005
99,0.437500,-0.000000074,-0.000000093,0.370000005,1.000000000,0.000001360,-0.000000789,0.000000009,0.000026039,-0.000016054,-0.000052940,0.002107369,0.000257446,-0.000005216,-0.000000074,-0.000000093,0.170000005
100,0.441667,-0.000000074,-0.000000093,0.370000005,1.000000000,0.000001388,-0.000000627,-0.000000013,0.000026400,-0.000015962,-0.000053072,0.002109595,0.000265365,-0.000005008,-0.000000074,-0.000000093,0.170000005
101,0.445833,-0.000000072,-0.000000095,0.370000005,1.000000000,0.000001331,-0.000000582,-0.000000022,0.000026608,-0.000015926,-0.000053143,0.002110619,0.000270492,-0.000004876,-0.000000072,-0.000000095,0.170000005
102,0.450000,-0.000000072,-0.000000094,0.370000005,1.000000000,0.000001266,-0.000000536,-0.000000021,0.000026430,-0.000015747,-0.000053058,0.002104565,0.000265237,-0.000005217,-0.000000072,-0.000000094,0.170000005
103,0.454167,-0.000000072,-0.000000095,0.370000005,0.999999940,0.000001346,-0.000000614,-0.000000021,0.000026369,-0.000015956,-0.000053035,0.002108130,0.000264954,-0.000005018,-0.000000072,-0.000000095,0.170000005
104,0.458333,-0.000000071,-0.000000093,0.370000005,0.999999940,0.000001282,-0.000000566,-0.000000019,0.000026629,-0.000015576,-0.000053104,0.002102539,0.000269060,-0.000005218,-0.000000071,-0.000000093,0.170000005
105,0.462500,-0.000000072,-0.000000092,0.370000005,1.000000000,0.000001406,-0.000000797,0.000000007,0.000026384,-0.000015870,-0.000053025,0.002106095,0.000264947,-0.000005090,-0.000000072,-0.000000092,0.170000005
106,0.466667,-0.000000074,-0.000000093,0.370000005,1.000000000,0.000001289,-0.000000719,0.000000022,0.000026016,-0.000016161,-0.000053009,0.002111716,0.000256937,-0.000005185,-0.000000074,-0.000000093,0.170000005
107,0.470833,-0.000000072,-0.000000094,0.370000005,1.000000000,0.000001312,-0.000000573,-0.000000023,0.000026772,-0.000015752,-0.000053121,0.002106916,0.000273504,-0.000004845,-0.000000072,-0.000000094,0.170000005
108,0.475000,-0.000000073,-0.000000095,0.370000005,1.000000000,0.000001247,-0.000000532,-0.000000022,0.000026131,-0.000016152,-0.000053002,0.002111047,0.000260180,-0.000005052,-0.000000073,-0.000000095,0.170000005
109,0.479167,-0.000000073,-0.000000094,0.370000005,0.999999940,0.000001367,-0.000000768,0.000000016,0.000026497,-0.000015722,-0.000053031,0.002103469,0.000266795,-0.000005131,-0.000000073,-0.000000094,0.170000005
110,0.483333,-0.000000072,-0.000000092,0.370000005,0.999999940,0.000001371,-0.000000631,-0.000000007,0.000026652,-0.000015563,-0.000053110,0.002102525,0.000269479,-0.000005204,-0.000000072,-0.000000092,0.170000005
111,0.487500,-0.000000072,-0.000000094,0.370000005,0.999999940,0.000001313,-0.000000584,-0.000000028,0.000026436,-0.000016012,-0.000053096,0.002110933,0.000266820,-0.000004934,-0.000000072,-0.000000094,0.170000005
112,0.491667,-0.000000073,-0.000000093,0.370000005,0.999999940,0.000001269,-0.000000717,0.000000022,0.000026229,-0.000015877,-0.000053016,0.002106046,0.000260878,-0.000005268,-0.000000073,-0.000000093,0.170000005
113,0.495833,-0.000000071,-0.000000092,0.370000005,0.999999940,0.000001288,-0.000000569,-0.000000023,0.000026839,-0.000015548,-0.000053115,0.002102524,0.000274139,-0.000004994,-0.000000071,-0.000000092,0.170000005
114,0.500000,-0.000000071,-0.000000094,0.370000005,0.999999940,0.000001245,-0.000000507,-0.000000022,0.000026262,-0.000016168,-0.000053021,0.002111909,0.000263641,-0.000004894,-0.000000071,-0.000000094,0.170000005
115,0.504167,-0.000000072,-0.000000092,0.370000005,1.000000000,0.000001341,-0.000000765,0.000000015,0.000026328,-0.000015731,-0.000053001,0.002102708,0.000262643,-0.000005297,-0.000000072,-0.000000092,0.170000005
116,0.508333,-0.000000072,-0.000000095,0.370000005,1.000000000,0.000001369,-0.000000609,-0.000000031,0.000026314,-0.000016166,-0.000053051,0.002113059,0.000264502,-0.000004851,-0.000000072,-0.000000095,0.170000005
117,0.512500,-0.000000073,-0.000000095,0.370000005,1.000000000,0.000001307,-0.000000560,-0.000000018,0.000026364,-0.000015887,-0.000053068,0.002107759,0.000264215,-0.000005144,-0.000000073,-0.000000095,0.170000005
118,0.516667,-0.000000073,-0.000000093,0.370000005,0.999999940,0.000001387,-0.000000633,-0.000000041,0.000026452,-0.000015748,-0.000053050,0.002104430,0.000265744,-0.000005172,-0.000000073,-0.000000093,0.170000005
119,0.520833,-0.000000072,-0.000000093,0.370000005,0.999999940,0.000001327,-0.000000583,-0.000000016,0.000026528,-0.000015800,-0.000053103,0.002107014,0.000267833,-0.000005087,-0.000000072,-0.000000093,0.170000005
120,0.525000,-0.000000071,-0.000000093,0.370000005,0.999999940,0.000001263,-0.000000541,-0.000000038,0.000026547,-0.000015781,-0.000053088,0.002106174,0.000268263,-0.000005058,-0.000000071,-0.000000093,0.170000005
121,0.529167,-0.000000072,-0.000000092,0.370000005,1.000000000,0.000001363,-0.000000796,0.000000011,0.000026246,-0.000015861,-0.000052994,0.002105009,0.000261453,-0.000005243,-0.000000072,-0.000000092,0.170000005
122,0.533333,-0.000000073,-0.000000096,0.370000005,1.000000000,0.000001394,-0.000000637,-0.000000022,0.000026241,-0.000016301,-0.000053059,0.002115941,0.000263398,-0.000004793,-0.000000073,-0.000000096,0.170000005
123,0.537500,-0.000000072,-0.000000094,0.370000005,1.000000000,0.000001335,-0.000000581,-0.000000021,0.000026627,-0.000015576,-0.000053133,0.002103432,0.000268851,-0.000005254,-0.000000072,-0.000000094,0.170000005
124,0.541667,-0.000000072,-0.000000094,0.370000005,1.000000000,0.000001271,-0.000000538,-0.000000020,0.000026344,-0.000015967,-0.000053047,0.002108664,0.000264384,-0.000005053,-0.000000072,-0.000000094,0.170000005
125,0.545833,-0.000000072,-0.000000093,0.370000005,0.999999940,0.000001371,-0.000000796,0.000000019,0.000026460,-0.000015740,-0.000053042,0.002104041,0.000265990,-0.000005171,-0.000000072,-0.000000093,0.170000005
126,0.550000,-0.000000070,-0.000000093,0.370000005,0.999999940,0.000001401,-0.000000634,-0.000000015,0.000026767,-0.000015662,-0.000053148,0.002105684,0.000272905,-0.000004986,-0.000000070,-0.000000093,0.170000005
127,0.554167,-0.000000070,-0.000000093,0.370000005,0.999999940,0.000001342,-0.000000579,-0.000000025,0.000026358,-0.000015872,-0.000053077,0.002107559,0.000264070,-0.000005176,-0.000000070,-0.000000093,0.170000005
128,0.558333,-0.000000070,-0.000000093,0.370000005,0.999999940,0.000001279,-0.000000535,-0.000000024,0.000026336,-0.000015987,-0.000053052,0.002109279,0.000264158,-0.000005042,-0.000000070,-0.000000093,0.170000005
129,0.562500,-0.000000071,-0.000000093,0.370000005,1.000000000,0.000001380,-0.000000792,0.000000014,0.000026268,-0.000015918,-0.000053009,0.002106646,0.000262205,-0.000005161,-0.000000071,-0.000000093,0.170000005
130,0.566667,-0.000000073,-0.000000093,0.370000005,1.000000000,0.000001261,-0.000000713,0.000000017,0.000026046,-0.000016075,-0.000053009,0.002109977,0.000257194,-0.000005244,-0.000000073,-0.000000093,0.170000005
131,0.570833,-0.000000074,-0.000000093,0.370000005,1.000000000,0.000001306,-0.000000745,0.000000020,0.000026289,-0.000016004,-0.000053004,0.002108532,0.000263012,-0.000005021,-0.000000074,-0.000000093,0.170000005
132,0.575000,-0.000000073,-0.000000094,0.370000005,1.000000000,0.000001330,-0.000000596,-0.000000002,0.000026750,-0.000015752,-0.000053125,0.002106922,0.000272973,-0.000004879,-0.000000073,-0.000000094,0.170000005
133,0.579167,-0.000000074,-0.000000096,0.370000005,1.000000000,0.000001268,-0.000000551,-0.000000024,0.000026124,-0.000016161,-0.000053013,0.002111478,0.000260055,-0.000005057,-0.000000074,-0.000000096,0.170000005
134,0.583333,-0.000000071,-0.000000095,0.370000005,0.999999940,0.000001369,-0.000000610,-0.000000023,0.000026955,-0.000015560,-0.000053148,0.002103673,0.000277096,-0.000004883,-0.000000071,-0.000000095,0.170000005
135,0.587500,-0.000000072,-0.000000093,0.370000005,0.999999940,0.000001323,-0.000000740,0.000000016,0.000026268,-0.000015746,-0.000053018,0.002103372,0.000261268,-0.000005374,-0.000000072,-0.000000093,0.170000005
136,0.591667,-0.000000072,-0.000000093,0.370000005,0.999999940,0.000001325,-0.000000610,-0.000000019,0.000026442,-0.000015846,-0.000053057,0.002106714,0.000265928,-0.000005074,-0.000000072,-0.000000093,0.170000005
137,0.595833,-0.000000071,-0.000000092,0.370000005,0.999999940,0.000001282,-0.000000540,-0.000000017,0.000026775,-0.000015576,-0.000053128,0.002103222,0.000272786,-0.000005066,-0.000000071,-0.000000092,0.170000005
138,0.600000,-0.000000072,-0.000000094,0.370000005,1.000000000,0.000001388,-0.000000799,-0.000000002,0.000026128,-0.000016162,-0.000052987,0.002110757,0.000260309,-0.000005023,-0.000000072,-0.000000094,0.170000005
139,0.604167,-0.000000074,-0.000000094,0.370000005,1.000000000,0.000001271,-0.000000721,0.000000013,0.000026024,-0.000016165,-0.000053018,0.002112039,0.000257130,-0.000005179,-0.000000074,-0.000000094,0.170000005
140,0.608333,-0.000000074,-0.000000093,0.370000005,1.000000000,0.000001314,-0.000000750,0.000000004,0.000026519,-0.000015722,-0.000053052,0.002104315,0.000267037,-0.000005116,-0.000000074,-0.000000093,0.170000005
141,0.612500,-0.000000072,-0.000000094,0.370000005,1.000000000,0.000001338,-0.000000601,-0.000000018,0.000026744,-0.000015748,-0.000053118,0.002106573,0.000272902,-0.000004884,-0.000000072,-0.000000094,0.170000005
142,0.616667,-0.000000072,-0.000000094,0.370000005,1.000000000,0.000001276,-0.000000553,-0.000000028,0.000026393,-0.000015841,-0.000053064,0.002106612,0.000264794,-0.000005155,-0.000000072,-0.000000094,0.170000005
143,0.620833,-0.000000072,-0.000000094,0.370000005,0.999999940,0.000001356,-0.000000631,-0.000000027,0.000026370,-0.000015956,-0.000053036,0.002108171,0.000264980,-0.000005021,-0.000000072,-0.000000094,0.170000005
144,0.625000,-0.000000072,-0.000000091,0.370000005,0.999999940,0.000001293,-0.000000576,-0.000000027,0.000026493,-0.000015569,-0.000053078,0.002101685,0.000265631,-0.000005368,-0.000000072,-0.000000091,0.170000005
145,0.629167,-0.000000071,-0.000000094,0.370000005,1.000000000,0.000001398,-0.000000633,-0.000000025,0.000026617,-0.000015995,-0.000053097,0.002110811,0.000271331,-0.000004739,-0.000000071,-0.000000094,0.170000005
146,0.633333,-0.000000071,-0.000000094,0.370000005,1.000000000,0.000001341,-0.000000575,-0.000000012,0.000026159,-0.000016058,-0.000053049,0.002110512,0.000260168,-0.000005180,-0.000000071,-0.000000094,0.170000005
147,0.637500,-0.000000074,-0.000000094,0.370000005,1.000000000,0.000001297,-0.000000707,0.000000014,0.000026042,-0.000016073,-0.000052985,0.002109106,0.000257311,-0.000005230,-0.000000074,-0.000000094,0.170000005
148,0.641667,-0.000000074,-0.000000093,0.370000005,1.000000000,0.000001319,-0.000000761,0.000000029,0.000026497,-0.000015737,-0.000053058,0.002104704,0.000266628,-0.000005139,-0.000000074,-0.000000093,0.170000005
149,0.645833,-0.000000072,-0.000000094,0.370000005,1.000000000,0.000001346,-0.000000608,-0.000000016,0.000026737,-0.000015758,-0.000053127,0.002106996,0.000272759,-0.000004888,-0.000000072,-0.000000094,0.170000005
150,0.650000,-0.000000072,-0.000000095,0.370000005,1.000000000,0.000001284,-0.000000561,-0.000000038,0.000026330,-0.000015968,-0.000053059,0.002109002,0.000263978,-0.000005079,-0.000000072,-0.000000095,0.170000005
151,0.654167,-0.000000072,-0.000000092,0.370000005,0.999999940,0.000001384,-0.000000815,0.000000012,0.000026474,-0.000015658,-0.000053049,0.002102601,0.000265836,-0.000005257,-0.000000072,-0.000000092,0.170000005
152,0.658333,-0.000000072,-0.000000092,0.370000005,0.999999940,0.000001414,-0.000000650,-0.000000010,0.000026576,-0.000015774,-0.000053104,0.002106688,0.000268739,-0.000005046,-0.000000072,-0.000000092,0.170000005
153,0.662500,-0.000000073,-0.000000093,0.370000005,0.999999940,0.000001356,-0.000000593,-0.000000021,0.000026110,-0.000016116,-0.000053035,0.002111255,0.000259227,-0.000005151,-0.000000073,-0.000000093,0.170000005
154,0.666667,-0.000000072,-0.000000093,0.370000005,0.999999940,0.000001294,-0.000000547,-0.000000019,0.000026549,-0.000015800,-0.000053105,0.002107169,0.000268252,-0.000005057,-0.000000072,-0.000000093,0.170000005
155,0.670833,-0.000000071,-0.000000093,0.370000005,1.000000000,0.000001376,-0.000000623,-0.000000018,0.000026554,-0.000015773,-0.000053078,0.002105706,0.000268480,-0.000005055,-0.000000071,-0.000000093,0.170000005
156,0.675000,-0.000000073,-0.000000093,0.370000005,1.000000000,0.000001338,-0.000000749,0.000000020,0.000025985,-0.000016168,-0.000052995,0.002111191,0.000256472,-0.000005205,-0.000000073,-0.000000093,0.170000005
157,0.679167,-0.000000074,-0.000000093,0.370000005,1.000000000,0.000001365,-0.000000794,0.000000012,0.000026265,-0.000015955,-0.000053040,0.002108539,0.000261979,-0.000005144,-0.000000074,-0.000000093,0.170000005
158,0.683333,-0.000000072,-0.000000095,0.370000005,1.000000000,0.000001395,-0.000000637,-0.000000021,0.000026670,-0.000015896,-0.000053136,0.002110133,0.000271734,-0.000004823,-0.000000072,-0.000000095,0.170000005
159,0.687500,-0.000000072,-0.000000093,0.370000005,1.000000000,0.000001335,-0.000000582,-0.000000020,0.000026614,-0.000015567,-0.000053122,0.002102725,0.000268701,-0.000005268,-0.000000072,-0.000000093,0.170000005
160,0.691667,-0.000000072,-0.000000094,0.370000005,1.000000000,0.000001271,-0.000000539,-0.000000018,0.000026345,-0.000015968,-0.000053046,0.002108699,0.000264370,-0.000005049,-0.000000072,-0.000000094,0.170000005
161,0.695833,-0.000000072,-0.000000094,0.370000005,0.999999940,0.000001352,-0.000000617,-0.000000018,0.000026370,-0.000015956,-0.000053039,0.002108335,0.000264926,-0.000005025,-0.000000072,-0.000000094,0.170000005
162,0.700000,-0.000000071,-0.000000092,0.370000005,0.999999940,0.000001287,-0.000000569,-0.000000017,0.000026629,-0.000015576,-0.000053104,0.002102572,0.000269100,-0.000005219,-0.000000071,-0.000000092,0.170000005
163,0.704167,-0.000000071,-0.000000093,0.370000005,1.000000000,0.000001390,-0.000000618,-0.000000016,0.000026359,-0.000015960,-0.000053026,0.002107975,0.000264799,-0.000005022,-0.000000071,-0.000000093,0.170000005
164,0.708333,-0.000000074,-0.000000093,0.370000005,1.000000000,0.000001328,-0.000000766,0.000000022,0.000025844,-0.000016171,-0.000052975,0.002110653,0.000252906,-0.000005352,-0.000000074,-0.000000093,0.170000005
165,0.712500,-0.000000072,-0.000000093,0.370000005,1.000000000,0.000001355,-0.000000612,-0.000000023,0.000026759,-0.000015774,-0.000053141,0.002107917,0.000273179,-0.000004854,-0.000000072,-0.000000093,0.170000005
166,0.716667,-0.000000073,-0.000000095,0.370000005,1.000000000,0.000001294,-0.000000564,-0.000000022,0.000026112,-0.000016168,-0.000053021,0.002111911,0.000259736,-0.000005077,-0.000000073,-0.000000095,0.170000005
167,0.720833,-0.000000075,-0.000000093,0.370000005,0.999999940,0.000001394,-0.000000814,0.000000015,0.000026331,-0.000015737,-0.000053021,0.002103550,0.000262560,-0.000005309,-0.000000075,-0.000000093,0.170000005
168,0.725000,-0.000000072,-0.000000094,0.370000005,0.999999940,0.000001425,-0.000000656,-0.000000018,0.000026859,-0.000015719,-0.000053176,0.002107663,0.000275393,-0.000004835,-0.000000072,-0.000000094,0.170000005
169,0.729167,-0.000000071,-0.000000094,0.370000005,0.999999940,0.000001349,-0.000000624,-0.000000015,0.000026473,-0.000015816,-0.000053128,0.002107801,0.000266598,-0.000005158,-0.000000071,-0.000000094,0.170000005
170,0.733333,-0.000000073,-0.000000093,0.370000005,0.999999940,0.000001307,-0.000000753,0.000000011,0.000026047,-0.000016051,-0.000052991,0.002108735,0.000257375,-0.000005258,-0.000000073,-0.000000093,0.170000005
171,0.737500,-0.000000072,-0.000000093,0.370000005,0.999999940,0.000001330,-0.000000600,-0.000000035,0.000026620,-0.000015760,-0.000053091,0.002106112,0.000269793,-0.000004989,-0.000000072,-0.000000093,0.170000005
172,0.741667,-0.000000073,-0.000000093,0.370000005,0.999999940,0.000001265,-0.000000555,-0.000000022,0.000026390,-0.000015852,-0.000053053,0.002106474,0.000264881,-0.000005138,-0.000000073,-0.000000093,0.170000005
173,0.745833,-0.000000072,-0.000000093,0.370000005,1.000000000,0.000001365,-0.000000610,-0.000000021,0.000026590,-0.000015755,-0.000053064,0.002105037,0.000269324,-0.000005014,-0.000000072,-0.000000093,0.170000005
174,0.750000,-0.000000073,-0.000000094,0.370000005,1.000000000,0.000001305,-0.000000561,-0.000000020,0.000026119,-0.000016175,-0.000053019,0.002112079,0.000259882,-0.000005060,-0.000000073,-0.000000094,0.170000005
175,0.754167,-0.000000073,-0.000000093,0.370000005,0.999999940,0.000001385,-0.000000633,-0.000000043,0.000026458,-0.000015753,-0.000053058,0.002104825,0.000265856,-0.000005167,-0.000000073,-0.000000093,0.170000005
176,0.758333,-0.000000072,-0.000000093,0.370000005,0.999999940,0.000001325,-0.000000583,-0.000000018,0.000026527,-0.000015800,-0.000053103,0.002107001,0.000267828,-0.000005087,-0.000000072,-0.000000093,0.170000005
177,0.762500,-0.000000071,-0.000000092,0.370000005,0.999999940,0.000001259,-0.000000540,-0.000000029,0.000026610,-0.000015655,-0.000053093,0.002103775,0.000269175,-0.000005138,-0.000000071,-0.000000092,0.170000005
178,0.766667,-0.000000072,-0.000000094,0.370000005,1.000000000,0.000001386,-0.000000774,0.000000009,0.000026153,-0.000016151,-0.000052981,0.002110485,0.000260804,-0.000005000,-0.000000072,-0.000000094,0.170000005
179,0.770833,-0.000000072,-0.000000095,0.370000005,1.000000000,0.000001395,-0.000000638,-0.000000024,0.000026350,-0.000016061,-0.000053084,0.002111844,0.000264684,-0.000004966,-0.000000072,-0.000000095,0.170000005
180,0.775000,-0.000000072,-0.000000093,0.370000005,1.000000000,0.000001335,-0.000000582,-0.000000023,0.000026625,-0.000015576,-0.000053127,0.002103235,0.000268885,-0.000005249,-0.000000072,-0.000000093,0.170000005
181,0.779167,-0.000000074,-0.000000094,0.370000005,1.000000000,0.000001293,-0.000000716,0.000000015,0.000026003,-0.000016152,-0.000052972,0.002110222,0.000256945,-0.000005174,-0.000000074,-0.000000094,0.170000005
182,0.783333,-0.000000074,-0.000000094,0.370000005,1.000000000,0.000001340,-0.000000747,0.000000007,0.000026431,-0.000015939,-0.000053048,0.002108522,0.000266051,-0.000004966,-0.000000074,-0.000000094,0.170000005
183,0.787500,-0.000000072,-0.000000093,0.370000005,1.000000000,0.000001344,-0.000000616,-0.000000015,0.000026804,-0.000015555,-0.000053143,0.002103355,0.000273246,-0.000005066,-0.000000072,-0.000000093,0.170000005
184,0.791667,-0.000000073,-0.000000094,0.370000005,1.000000000,0.000001282,-0.000000567,-0.000000025,0.000026137,-0.000016081,-0.000053014,0.002109912,0.000259879,-0.000005135,-0.000000073,-0.000000094,0.170000005
185,0.795833,-0.000000073,-0.000000095,0.370000005,0.999999940,0.000001385,-0.000000616,-0.000000025,0.000026390,-0.000015955,-0.000053044,0.002108495,0.000265313,-0.000005006,-0.000000073,-0.000000095,0.170000005
186,0.800000,-0.000000072,-0.000000093,0.370000005,0.999999940,0.000001303,-0.000000589,-0.000000023,0.000026597,-0.000015598,-0.000053122,0.002103422,0.000268361,-0.000005250,-0.000000072,-0.000000093,0.170000005
187,0.804167,-0.000000072,-0.000000093,0.370000005,0.999999940,0.000001259,-0.000000522,-0.000000022,0.000026565,-0.000015767,-0.000053074,0.002105528,0.000268714,-0.000005043,-0.000000072,-0.000000093,0.170000005
188,0.808333,-0.000000073,-0.000000092,0.370000005,1.000000000,0.000001358,-0.000000782,0.000000015,0.000026232,-0.000015942,-0.000052987,0.002106461,0.000261520,-0.000005154,-0.000000073,-0.000000092,0.170000005
189,0.812500,-0.000000072,-0.000000093,0.370000005,1.000000000,0.000001387,-0.000000623,-0.000000018,0.000026585,-0.000015846,-0.000053109,0.002108344,0.000269308,-0.000004955,-0.000000072,-0.000000093,0.170000005
190,0.816667,-0.000000072,-0.000000094,0.370000005,1.000000000,0.000001328,-0.000000572,-0.000000017,0.000026324,-0.000015980,-0.000053070,0.002109570,0.000263851,-0.000005088,-0.000000072,-0.000000094,0.170000005
191,0.820833,-0.000000072,-0.000000094,0.370000005,1.000000000,0.000001264,-0.000000528,-0.000000016,0.000026352,-0.000015972,-0.000053057,0.002109108,0.000264481,-0.000005048,-0.000000072,-0.000000094,0.170000005
192,0.825000,-0.000000073,-0.000000093,0.370000005,0.999999940,0.000001362,-0.000000787,0.000000010,0.000026279,-0.000015843,-0.000052994,0.002104761,0.000262073,-0.000005216,-0.000000073,-0.000000093,0.170000005
193,0.829167,-0.000000072,-0.000000094,0.370000005,0.999999940,0.000001391,-0.000000628,-0.000000024,0.000026568,-0.000015860,-0.000053105,0.002108434,0.000269047,-0.000004953,-0.000000072,-0.000000094,0.170000005
194,0.833333,-0.000000071,-0.000000095,0.370000005,0.999999940,0.000001332,-0.000000580,-0.000000033,0.000026500,-0.000015884,-0.000053109,0.002108709,0.000267683,-0.000005021,-0.000000071,-0.000000095,0.170000005
195,0.837500,-0.000000073,-0.000000092,0.370000005,0.999999940,0.000001284,-0.000000712,0.000000028,0.000026292,-0.000015750,-0.000053019,0.002103506,0.000261871,-0.000005345,-0.000000073,-0.000000092,0.170000005
196,0.841667,-0.000000071,-0.000000093,0.370000005,0.999999940,0.000001307,-0.000000567,-0.000000017,0.000026749,-0.000015764,-0.000053108,0.002106706,0.000273105,-0.000004846,-0.000000071,-0.000000093,0.170000005
197,0.845833,-0.000000072,-0.000000093,0.370000005,1.000000000,0.000001410,-0.000000820,0.000000021,0.000026205,-0.000015951,-0.000053002,0.002107072,0.000260870,-0.000005195,-0.000000072,-0.000000093,0.170000005
198,0.850000,-0.000000072,-0.000000094,0.370000005,1.000000000,0.000001274,-0.000000561,-0.000000024,0.000026356,-0.000015988,-0.000053094,0.002110707,0.000264323,-0.000005053,-0.000000072,-0.000000094,0.170000005
199,0.854167,-0.000000073,-0.000000095,0.370000005,0.999999940,0.000001400,-0.000000795,0.000000014,0.000026176,-0.000016141,-0.000052993,0.002110697,0.000261211,-0.000004998,-0.000000073,-0.000000095,0.170000005
200,0.858333,-0.000000072,-0.000000093,0.370000005,0.999999940,0.000001408,-0.000000653,-0.000000032,0.000026653,-0.000015576,-0.000053130,0.002103490,0.000269367,-0.000005204,-0.000000072,-0.000000093,0.170000005
201,0.862500,-0.000000072,-0.000000093,0.370000005,0.999999940,0.000001350,-0.000000600,-0.000000030,0.000026513,-0.000015804,-0.000053107,0.002107099,0.000267521,-0.000005100,-0.000000072,-0.000000093,0.170000005
202,0.866667,-0.000000073,-0.000000093,0.370000005,0.999999940,0.000001287,-0.000000549,-0.000000029,0.000026195,-0.000015975,-0.000053024,0.002108094,0.000260664,-0.000005201,-0.000000073,-0.000000093,0.170000005
203,0.870833,-0.000000073,-0.000000093,0.370000005,1.000000000,0.000001366,-0.000000626,-0.000000017,0.000026424,-0.000015849,-0.000053042,0.002106361,0.000265624,-0.000005089,-0.000000073,-0.000000093,0.170000005
204,0.875000,-0.000000073,-0.000000093,0.370000005,1.000000000,0.000001307,-0.000000575,-0.000000016,0.000026330,-0.000015986,-0.000053072,0.002109755,0.000263947,-0.000005073,-0.000000073,-0.000000093,0.170000005
205,0.879167,-0.000000074,-0.000000094,0.370000005,1.000000000,0.000001264,-0.000000714,0.000000011,0.000026172,-0.000016075,-0.000053009,0.002109811,0.000260691,-0.000005095,-0.000000074,-0.000000094,0.170000005
206,0.883333,-0.000000073,-0.000000093,0.370000005,1.000000000,0.000001305,-0.000000749,0.000000015,0.000026713,-0.000015598,-0.000053080,0.002102602,0.000271297,-0.000005056,-0.000000073,-0.000000093,0.170000005
207,0.887500,-0.000000073,-0.000000094,0.370000005,1.000000000,0.000001354,-0.000000777,0.000000030,0.000026396,-0.000015929,-0.000053041,0.002107860,0.000265390,-0.000005018,-0.000000073,-0.000000094,0.170000005
208,0.891667,-0.000000073,-0.000000094,0.370000005,1.000000000,0.000001382,-0.000000618,-0.000000027,0.000026540,-0.000015877,-0.000053100,0.002108684,0.000268441,-0.000004961,-0.000000073,-0.000000094,0.170000005
209,0.895833,-0.000000073,-0.000000093,0.370000005,1.000000000,0.000001321,-0.000000564,-0.000000026,0.000026414,-0.000015765,-0.000053074,0.002105404,0.000264848,-0.000005231,-0.000000073,-0.000000093,0.170000005
210,0.900000,-0.000000074,-0.000000095,0.370000005,1.000000000,0.000001256,-0.000000523,-0.000000025,0.000026145,-0.000016165,-0.000053004,0.002111459,0.000260540,-0.000005020,-0.000000074,-0.000000095,0.170000005
211,0.904167,-0.000000073,-0.000000094,0.370000005,0.999999940,0.000001332,-0.000000605,-0.000000013,0.000026665,-0.000015624,-0.000053080,0.002102912,0.000270322,-0.000005093,-0.000000073,-0.000000094,0.170000005
212,0.908333,-0.000000072,-0.000000093,0.370000005,0.999999940,0.000001269,-0.000000558,-0.000000023,0.000026557,-0.000015697,-0.000053090,0.002104485,0.000268067,-0.000005149,-0.000000072,-0.000000093,0.170000005
213,0.912500,-0.000000071,-0.000000092,0.370000005,1.000000000,0.000001369,-0.000000613,-0.000000022,0.000026585,-0.000015751,-0.000053059,0.002104754,0.000269254,-0.000005020,-0.000000071,-0.000000092,0.170000005
214,0.916667,-0.000000073,-0.000000093,0.370000005,1.000000000,0.000001330,-0.000000739,0.000000016,0.000025983,-0.000016167,-0.000052994,0.002111195,0.000256414,-0.000005207,-0.000000073,-0.000000093,0.170000005
215,0.920833,-0.000000074,-0.000000094,0.370000005,1.000000000,0.000001358,-0.000000788,0.000000019,0.000026210,-0.000016074,-0.000053026,0.002110496,0.000261298,-0.000005061,-0.000000074,-0.000000094,0.170000005
216,0.925000,-0.000000073,-0.000000095,0.370000005,1.000000000,0.000001388,-0.000000632,-0.000000014,0.000026671,-0.000015896,-0.000053140,0.002110218,0.000271684,-0.000004822,-0.000000073,-0.000000095,0.170000005
217,0.929167,-0.000000073,-0.000000095,0.370000005,1.000000000,0.000001328,-0.000000580,-0.000000024,0.000026345,-0.000015886,-0.000053070,0.002107655,0.000263848,-0.000005169,-0.000000073,-0.000000095,0.170000005
218,0.933333,-0.000000073,-0.000000094,0.370000005,1.000000000,0.000001262,-0.000000534,-0.000000023,0.000026441,-0.000015757,-0.000053058,0.002104883,0.000265471,-0.000005191,-0.000000073,-0.000000094,0.170000005
219,0.937500,-0.000000073,-0.000000093,0.370000005,0.999999940,0.000001340,-0.000000610,-0.000000023,0.000026458,-0.000015740,-0.000053037,0.002103875,0.000265961,-0.000005166,-0.000000073,-0.000000093,0.170000005
220,0.941667,-0.000000072,-0.000000093,0.370000005,0.999999940,0.000001278,-0.000000564,-0.000000021,0.000026539,-0.000015793,-0.000053095,0.002106592,0.000268080,-0.000005066,-0.000000072,-0.000000093,0.170000005
221,0.945833,-0.000000071,-0.000000092,0.370000005,1.000000000,0.000001379,-0.000000617,-0.000000020,0.000026790,-0.000015558,-0.000053109,0.002102301,0.000273172,-0.000005048,-0.000000071,-0.000000092,0.170000005
222,0.950000,-0.000000073,-0.000000094,0.370000005,1.000000000,0.000001321,-0.000000564,-0.000000020,0.000025889,-0.000016379,-0.000052986,0.002115104,0.000255328,-0.000005069,-0.000000073,-0.000000094,0.170000005
223,0.954167,-0.000000074,-0.000000094,0.370000005,0.999999940,0.000001425,-0.000000816,0.000000018,0.000026249,-0.000015958,-0.000053025,0.002108041,0.000261724,-0.000005155,-0.000000074,-0.000000094,0.170000005
224,0.958333,-0.000000071,-0.000000094,0.370000005,0.999999940,0.000001289,-0.000000564,-0.000000002,0.000026893,-0.000015614,-0.000053203,0.002106366,0.000275544,-0.000004950,-0.000000071,-0.000000094,0.170000005
225,0.962500,-0.000000073,-0.000000093,0.370000005,1.000000000,0.000001389,-0.000000814,0.000000012,0.000026076,-0.000015934,-0.000052964,0.002105574,0.000257644,-0.000005330,-0.000000073,-0.000000093,0.170000005
226,0.966667,-0.000000073,-0.000000094,0.370000005,1.000000000,0.000001272,-0.000000535,-0.000000022,0.000026367,-0.000016060,-0.000053079,0.002111822,0.000265012,-0.000004942,-0.000000073,-0.000000094,0.170000005
227,0.970833,-0.000000073,-0.000000093,0.370000005,0.999999940,0.000001372,-0.000000793,0.000000017,0.000026458,-0.000015737,-0.000053044,0.002104051,0.000265858,-0.000005177,-0.000000073,-0.000000093,0.170000005
228,0.975000,-0.000000072,-0.000000094,0.370000005,0.999999940,0.000001400,-0.000000634,-0.000000017,0.000026562,-0.000015855,-0.000053100,0.002108161,0.000268906,-0.000004960,-0.000000072,-0.000000094,0.170000005
229,0.979167,-0.000000071,-0.000000094,0.370000005,0.999999940,0.000001343,-0.000000583,-0.000000026,0.000026706,-0.000015691,-0.000053156,0.002106266,0.000271601,-0.000005044,-0.000000071,-0.000000094,0.170000005
230,0.983333,-0.000000073,-0.000000094,0.370000005,0.999999940,0.000001301,-0.000000717,0.000000012,0.000025983,-0.000016163,-0.000052972,0.002110407,0.000256520,-0.000005190,-0.000000073,-0.000000094,0.170000005
231,0.987500,-0.000000073,-0.000000092,0.370000005,0.999999940,0.000001321,-0.000000769,0.000000015,0.000026508,-0.000015663,-0.000053055,0.002103101,0.000266448,-0.000005205,-0.000000073,-0.000000092,0.170000005
232,0.991667,-0.000000072,-0.000000092,0.370000005,0.999999940,0.000001346,-0.000000613,-0.000000008,0.000026594,-0.000015757,-0.000053086,0.002105854,0.000269152,-0.000005024,-0.000000072,-0.000000092,0.170000005
233,0.995833,-0.000000072,-0.000000092,0.370000005,0.999999940,0.000001284,-0.000000565,-0.000000018,0.000026383,-0.000015862,-0.000053062,0.002106987,0.000264672,-0.000005141,-0.000000072,-0.000000092,0.170000005
234,1.000000,-0.000000071,-0.000000095,0.370000005,1.000000000,0.000001390,-0.000000621,-0.000000016,0.000026618,-0.000015994,-0.000053104,0.002110998,0.000271253,-0.000004744,-0.000000071,-0.000000095,0.170000005
235,1.004167,-0.000000073,-0.000000092,0.370000005,1.000000000,0.000001324,-0.000000767,0.000000021,0.000025921,-0.000015945,-0.000052978,0.002106114,0.000253680,-0.000005525,-0.000000073,-0.000000092,0.170000005
236,1.008333,-0.000000074,-0.000000093,0.370000005,1.000000000,0.000001350,-0.000000608,-0.000000025,0.000026418,-0.000015961,-0.000053062,0.002109409,0.000265778,-0.000004973,-0.000000074,-0.000000093,0.170000005
237,1.012500,-0.000000073,-0.000000094,0.370000005,1.000000000,0.000001289,-0.000000563,-0.000000012,0.000026528,-0.000015865,-0.000053105,0.002108320,0.000268284,-0.000005010,-0.000000073,-0.000000094,0.170000005
238,1.016667,-0.000000073,-0.000000093,0.370000005,0.999999940,0.000001370,-0.000000637,-0.000000023,0.000026420,-0.000015832,-0.000053051,0.002106050,0.000265483,-0.000005117,-0.000000073,-0.000000093,0.170000005
239,1.020833,-0.000000073,-0.000000092,0.370000005,0.999999940,0.000001309,-0.000000584,-0.000000022,0.000026404,-0.000015785,-0.000053071,0.002105740,0.000264650,-0.000005217,-0.000000073,-0.000000092,0.170000005
240,1.025000,-0.000000072,-0.000000091,0.370000005,0.999999940,0.000001243,-0.000000541,-0.000000032,0.000026615,-0.000015659,-0.000053093,0.002103935,0.000269273,-0.000005123,-0.000000072,-0.000000091,0.170000005
241,1.029167,-0.000000071,-0.000000093,0.370000005,1.000000000,0.000001343,-0.000000601,-0.000000008,0.000026502,-0.000015958,-0.000053045,0.002108512,0.000268358,-0.000004871,-0.000000071,-0.000000093,0.170000005
242,1.033333,-0.000000073,-0.000000093,0.370000005,1.000000000,0.000001303,-0.000000731,0.000000007,0.000025996,-0.000016159,-0.000052991,0.002110961,0.000256683,-0.000005193,-0.000000073,-0.000000093,0.170000005
243,1.037500,-0.000000073,-0.000000094,0.370000005,1.000000000,0.000001352,-0.000000758,0.000000022,0.000026420,-0.000015947,-0.000053057,0.002108889,0.000265828,-0.000004985,-0.000000073,-0.000000094,0.170000005
244,1.041667,-0.000000074,-0.000000094,0.370000005,1.000000000,0.000001379,-0.000000803,0.000000014,0.000026250,-0.000015942,-0.000053033,0.002107900,0.000261686,-0.000005171,-0.000000074,-0.000000094,0.170000005
245,1.045833,-0.000000073,-0.000000095,0.370000005,1.000000000,0.000001410,-0.000000642,-0.000000031,0.000026726,-0.000015778,-0.000053151,0.002108164,0.000272411,-0.000004903,-0.000000073,-0.000000095,0.170000005
246,1.050000,-0.000000072,-0.000000094,0.370000005,1.000000000,0.000001352,-0.000000589,-0.000000029,0.000026524,-0.000015783,-0.000053115,0.002106942,0.000267682,-0.000005121,-0.000000072,-0.000000094,0.170000005
247,1.054167,-0.000000071,-0.000000093,0.370000005,1.000000000,0.000001289,-0.000000543,-0.000000016,0.000026615,-0.000015648,-0.000053104,0.002103903,0.000269229,-0.000005154,-0.000000071,-0.000000093,0.170000005
248,1.058333,-0.000000073,-0.000000094,0.370000005,0.999999940,0.000001391,-0.000000798,0.000000021,0.000026022,-0.000016137,-0.000052957,0.002109471,0.000257416,-0.000005154,-0.000000073,-0.000000094,0.170000005
249,1.062500,-0.000000072,-0.000000094,0.370000005,0.999999940,0.000001401,-0.000000658,-0.000000024,0.000026570,-0.000015798,-0.000053127,0.002107896,0.000268564,-0.000005046,-0.000000072,-0.000000094,0.170000005
250,1.066667,-0.000000071,-0.000000094,0.370000005,0.999999940,0.000001343,-0.000000605,-0.000000022,0.000026515,-0.000015803,-0.000053114,0.002107274,0.000267509,-0.000005105,-0.000000071,-0.000000094,0.170000005
251,1.070833,-0.000000072,-0.000000093,0.370000005,0.999999940,0.000001280,-0.000000554,-0.000000021,0.000026195,-0.000015975,-0.000053023,0.002108155,0.000260612,-0.000005201,-0.000000072,-0.000000093,0.170000005
252,1.075000,-0.000000073,-0.000000093,0.370000005,1.000000000,0.000001359,-0.000000631,-0.000000009,0.000026424,-0.000015849,-0.000053041,0.002106284,0.000265633,-0.000005087,-0.000000073,-0.000000093,0.170000005
253,1.079167,-0.000000073,-0.000000093,0.370000005,1.000000000,0.000001299,-0.000000579,-0.000000019,0.000026356,-0.000015897,-0.000053070,0.002107963,0.000264068,-0.000005141,-0.000000073,-0.000000093,0.170000005
254,1.083333,-0.000000073,-0.000000094,0.370000005,0.999999940,0.000001402,-0.000000628,-0.000000019,0.000026383,-0.000015950,-0.000053038,0.002108197,0.000265219,-0.000005015,-0.000000073,-0.000000094,0.170000005
255,1.087500,-0.000000072,-0.000000092,0.370000005,0.999999940,0.000001323,-0.000000598,-0.000000029,0.000026565,-0.000015696,-0.000053132,0.002105644,0.000268069,-0.000005187,-0.000000072,-0.000000092,0.170000005
256,1.091667,-0.000000072,-0.000000092,0.370000005,0.999999940,0.000001258,-0.000000554,-0.000000016,0.000026393,-0.000015856,-0.000053052,0.002106581,0.000264926,-0.000005130,-0.000000072,-0.000000092,0.170000005
257,1.095833,-0.000000071,-0.000000092,0.370000005,1.000000000,0.000001358,-0.000000609,-0.000000016,0.000026590,-0.000015755,-0.000053063,0.002105025,0.000269291,-0.000005014,-0.000000071,-0.000000092,0.170000005
258,1.100000,-0.000000073,-0.000000094,0.370000005,1.000000000,0.000001298,-0.000000558,-0.000000038,0.000025906,-0.000016375,-0.000052984,0.002114947,0.000255776,-0.000005043,-0.000000073,-0.000000094,0.170000005
259,1.104167,-0.000000073,-0.000000093,0.370000005,0.999999940,0.000001378,-0.000000630,-0.000000014,0.000026462,-0.000015756,-0.000053063,0.002105130,0.000265858,-0.000005173,-0.000000073,-0.000000093,0.170000005
260,1.108333,-0.000000073,-0.000000093,0.370000005,0.999999940,0.000001318,-0.000000580,-0.000000036,0.000026531,-0.000015800,-0.000053104,0.002107046,0.000267923,-0.000005074,-0.000000073,-0.000000093,0.170000005
261,1.112500,-0.000000072,-0.000000093,0.370000005,0.999999940,0.000001254,-0.000000538,-0.000000011,0.000026543,-0.000015781,-0.000053088,0.002106082,0.000268264,-0.000005072,-0.000000072,-0.000000093,0.170000005
262,1.116667,-0.000000071,-0.000000094,0.370000005,1.000000000,0.000001353,-0.000000598,-0.000000022,0.000026571,-0.000015832,-0.000053054,0.002106316,0.000269310,-0.000004935,-0.000000071,-0.000000094,0.170000005
263,1.120833,-0.000000072,-0.000000095,0.370000005,1.000000000,0.000001292,-0.000000549,-0.000000021,0.000026118,-0.000016174,-0.000053022,0.002112100,0.000259870,-0.000005063,-0.000000072,-0.000000095,0.170000005
264,1.125000,-0.000000071,-0.000000093,0.370000005,0.999999940,0.000001372,-0.000000623,-0.000000021,0.000026672,-0.000015551,-0.000053095,0.002101878,0.000269995,-0.000005183,-0.000000071,-0.000000093,0.170000005
265,1.129167,-0.000000071,-0.000000092,0.370000005,0.999999940,0.000001310,-0.000000570,-0.000000019,0.000026397,-0.000015780,-0.000053063,0.002105364,0.000264575,-0.000005224,-0.000000071,-0.000000092,0.170000005
266,1.133333,-0.000000072,-0.000000094,0.370000005,0.999999940,0.000001245,-0.000000528,-0.000000019,0.000026130,-0.000016180,-0.000053002,0.002111679,0.000260234,-0.000005019,-0.000000072,-0.000000094,0.170000005
267,1.137500,-0.000000072,-0.000000094,0.370000005,1.000000000,0.000001344,-0.000000587,-0.000000030,0.000026583,-0.000015841,-0.000053066,0.002106909,0.000269538,-0.000004921,-0.000000072,-0.000000094,0.170000005
268,1.141667,-0.000000073,-0.000000094,0.370000005,1.000000000,0.000001300,-0.000000720,0.000000020,0.000026065,-0.000016024,-0.000052984,0.002108008,0.000257702,-0.000005265,-0.000000073,-0.000000094,0.170000005
269,1.145833,-0.000000074,-0.000000095,0.370000005,1.000000000,0.000001347,-0.000000751,0.000000012,0.000026430,-0.000015939,-0.000053045,0.002108404,0.000266112,-0.000004966,-0.000000074,-0.000000095,0.170000005
270,1.150000,-0.000000074,-0.000000093,0.370000005,1.000000000,0.000001351,-0.000000615,-0.000000011,0.000026463,-0.000015740,-0.000053069,0.002104976,0.000265817,-0.000005190,-0.000000074,-0.000000093,0.170000005
271,1.154167,-0.000000072,-0.000000094,0.370000005,1.000000000,0.000001290,-0.000000573,-0.000000032,0.000026682,-0.000015793,-0.000053133,0.002107702,0.000271662,-0.000004926,-0.000000072,-0.000000094,0.170000005
272,1.158333,-0.000000072,-0.000000093,0.370000005,0.999999940,0.000001413,-0.000000803,0.000000006,0.000026459,-0.000015723,-0.000053037,0.002103597,0.000265857,-0.000005185,-0.000000072,-0.000000093,0.170000005
273,1.162500,-0.000000071,-0.000000093,0.370000005,0.999999940,0.000001275,-0.000000546,-0.000000015,0.000026546,-0.000015796,-0.000053123,0.002107637,0.000268033,-0.000005080,-0.000000071,-0.000000093,0.170000005
274,1.166667,-0.000000072,-0.000000093,0.370000005,1.000000000,0.000001377,-0.000000803,-0.000000001,0.000026224,-0.000015951,-0.000052996,0.002106926,0.000261360,-0.000005161,-0.000000072,-0.000000093,0.170000005
275,1.170833,-0.000000072,-0.000000094,0.370000005,1.000000000,0.000001409,-0.000000640,-0.000000023,0.000026510,-0.000015980,-0.000053112,0.002111073,0.000268221,-0.000004896,-0.000000072,-0.000000094,0.170000005
276,1.175000,-0.000000074,-0.000000093,0.370000005,1.000000000,0.000001329,-0.000000603,-0.000000022,0.000026042,-0.000015973,-0.000053021,0.002108023,0.000256687,-0.000005391,-0.000000074,-0.000000093,0.170000005
277,1.179167,-0.000000074,-0.000000094,0.370000005,1.000000000,0.000001265,-0.000000559,-0.000000021,0.000026364,-0.000015983,-0.000053059,0.002109480,0.000264737,-0.000005021,-0.000000074,-0.000000094,0.170000005
278,1.183333,-0.000000072,-0.000000095,0.370000005,0.999999940,0.000001368,-0.000000618,-0.000000031,0.000026708,-0.000015844,-0.000053107,0.002108065,0.000272693,-0.000004809,-0.000000072,-0.000000095,0.170000005
279,1.187500,-0.000000070,-0.000000093,0.370000005,0.999999940,0.000001306,-0.000000569,-0.000000017,0.000026796,-0.000015462,-0.000053148,0.002101446,0.000272659,-0.000005198,-0.000000070,-0.000000093,0.170000005
280,1.191667,-0.000000071,-0.000000093,0.370000005,1.000000000,0.000001409,-0.000000823,0.000000020,0.000026206,-0.000015954,-0.000052996,0.002106843,0.000261022,-0.000005182,-0.000000071,-0.000000093,0.170000005
281,1.195833,-0.000000073,-0.000000094,0.370000005,1.000000000,0.000001294,-0.000000741,0.000000013,0.000026015,-0.000016174,-0.000053022,0.002112330,0.000256904,-0.000005178,-0.000000073,-0.000000094,0.170000005
282,1.200000,-0.000000073,-0.000000094,0.370000005,1.000000000,0.000001343,-0.000000768,0.000000028,0.000026419,-0.000015946,-0.000053056,0.002108898,0.000265774,-0.000004988,-0.000000073,-0.000000094,0.170000005
283,1.204167,-0.000000073,-0.000000093,0.370000005,1.000000000,0.000001389,-0.000000790,0.000000019,0.000026486,-0.000015726,-0.000053063,0.002104532,0.000266316,-0.000005164,-0.000000073,-0.000000093,0.170000005
284,1.208333,-0.000000074,-0.000000093,0.370000005,1.000000000,0.000001398,-0.000000648,-0.000000015,0.000026380,-0.000015885,-0.000053077,0.002108051,0.000264524,-0.000005128,-0.000000074,-0.000000093,0.170000005
285,1.212500,-0.000000072,-0.000000094,0.370000005,1.000000000,0.000001342,-0.000000598,-0.000000035,0.000026665,-0.000015810,-0.000053155,0.002108666,0.000271230,-0.000004953,-0.000000072,-0.000000094,0.170000005
286,1.216667,-0.000000072,-0.000000095,0.370000005,1.000000000,0.000001280,-0.000000551,-0.000000011,0.000026329,-0.000015970,-0.000053060,0.002109041,0.000263960,-0.000005087,-0.000000072,-0.000000095,0.170000005
287,1.220833,-0.000000073,-0.000000093,0.370000005,0.999999940,0.000001380,-0.000000807,0.000000015,0.000026310,-0.000015815,-0.000053010,0.002104642,0.000262649,-0.000005230,-0.000000073,-0.000000093,0.170000005
288,1.225000,-0.000000071,-0.000000093,0.370000005,0.999999940,0.000001410,-0.000000645,-0.000000018,0.000026773,-0.000015666,-0.000053149,0.002105897,0.000272936,-0.000004977,-0.000000071,-0.000000093,0.170000005
289,1.229167,-0.000000072,-0.000000093,0.370000005,0.999999940,0.000001351,-0.000000587,-0.000000017,0.000026166,-0.000015983,-0.000053038,0.002108591,0.000260006,-0.000005242,-0.000000072,-0.000000093,0.170000005
290,1.233333,-0.000000070,-0.000000093,0.370000005,0.999999940,0.000001289,-0.000000543,-0.000000027,0.000026740,-0.000015688,-0.000053142,0.002106006,0.000272366,-0.000004991,-0.000000070,-0.000000093,0.170000005
291,1.237500,-0.000000072,-0.000000093,0.370000005,1.000000000,0.000001392,-0.000000799,0.000000011,0.000026001,-0.000016146,-0.000052955,0.002109537,0.000257028,-0.000005168,-0.000000072,-0.000000093,0.170000005
292,1.241667,-0.000000073,-0.000000094,0.370000005,1.000000000,0.000001254,-0.000000544,-0.000000011,0.000026370,-0.000015985,-0.000053091,0.002110578,0.000264658,-0.000005040,-0.000000073,-0.000000094,0.170000005
293,1.245833,-0.000000072,-0.000000093,0.370000005,0.999999940,0.000001353,-0.000000597,-0.000000022,0.000026630,-0.000015650,-0.000053068,0.002103066,0.000269670,-0.000005089,-0.000000072,-0.000000093,0.170000005
294,1.250000,-0.000000071,-0.000000093,0.370000005,0.999999940,0.000001290,-0.000000551,-0.000000021,0.000026533,-0.000015788,-0.000053092,0.002106322,0.000268041,-0.000005078,-0.000000071,-0.000000093,0.170000005
295,1.254167,-0.000000072,-0.000000093,0.370000005,1.000000000,0.000001394,-0.000000804,0.000000017,0.000026213,-0.000015959,-0.000053005,0.002107353,0.000261092,-0.000005179,-0.000000072,-0.000000093,0.170000005
296,1.258333,-0.000000073,-0.000000093,0.370000005,1.000000000,0.000001255,-0.000000547,-0.000000016,0.000026214,-0.000016055,-0.000053052,0.002110818,0.000261222,-0.000005108,-0.000000073,-0.000000093,0.170000005
297,1.262500,-0.000000072,-0.000000094,0.370000005,0.999999940,0.000001356,-0.000000603,-0.000000027,0.000026547,-0.000015870,-0.000053068,0.002107468,0.000268809,-0.000004933,-0.000000072,-0.000000094,0.170000005
298,1.266667,-0.000000072,-0.000000094,0.370000005,0.999999940,0.000001294,-0.000000557,-0.000000026,0.000026533,-0.000015787,-0.000053098,0.002106532,0.000267954,-0.000005085,-0.000000072,-0.000000094,0.170000005
299,1.270833,-0.000000073,-0.000000094,0.370000005,1.000000000,0.000001397,-0.000000810,0.000000012,0.000026213,-0.000015959,-0.000053004,0.002107358,0.000261036,-0.000005178,-0.000000073,-0.000000094,0.170000005
300,1.275000,-0.000000074,-0.000000094,0.370000005,1.000000000,0.000001258,-0.000000552,-0.000000021,0.000026214,-0.000016054,-0.000053052,0.002110856,0.000261210,-0.000005109,-0.000000074,-0.000000094,0.170000005
301,1.279167,-0.000000071,-0.000000093,0.370000005,0.999999940,0.000001358,-0.000000611,-0.000000032,0.000026977,-0.000015469,-0.000053144,0.002101602,0.000277278,-0.000004956,-0.000000071,-0.000000093,0.170000005
302,1.283333,-0.000000072,-0.000000093,0.370000005,0.999999940,0.000001295,-0.000000560,-0.000000031,0.000026179,-0.000015964,-0.000053013,0.002107512,0.000260349,-0.000005225,-0.000000072,-0.000000093,0.170000005
303,1.287500,-0.000000071,-0.000000093,0.370000005,1.000000000,0.000001377,-0.000000636,-0.000000030,0.000026567,-0.000015784,-0.000053084,0.002106195,0.000268792,-0.000005031,-0.000000071,-0.000000093,0.170000005
304,1.291667,-0.000000073,-0.000000093,0.370000005,1.000000000,0.000001338,-0.000000762,0.000000009,0.000025984,-0.000016168,-0.000052995,0.002111202,0.000256465,-0.000005208,-0.000000073,-0.000000093,0.170000005
305,1.295833,-0.000000073,-0.000000095,0.370000005,1.000000000,0.000001365,-0.000000605,-0.000000026,0.000026387,-0.000016044,-0.000053068,0.002111156,0.000265532,-0.000004924,-0.000000073,-0.000000095,0.170000005
306,1.300000,-0.000000074,-0.000000095,0.370000005,1.000000000,0.000001303,-0.000000556,-0.000000013,0.000026363,-0.000015887,-0.000053065,0.002107619,0.000264271,-0.000005145,-0.000000074,-0.000000095,0.170000005
307,1.304167,-0.000000074,-0.000000094,0.370000005,0.999999940,0.000001383,-0.000000628,-0.000000036,0.000026452,-0.000015748,-0.000053049,0.002104481,0.000265765,-0.000005173,-0.000000074,-0.000000094,0.170000005
308,1.308333,-0.000000071,-0.000000094,0.370000005,0.999999940,0.000001324,-0.000000584,-0.000000010,0.000026869,-0.000015614,-0.000053177,0.002105368,0.000275274,-0.000004962,-0.000000071,-0.000000094,0.170000005
309,1.312500,-0.000000072,-0.000000093,0.370000005,0.999999940,0.000001281,-0.000000719,0.000000006,0.000026194,-0.000015957,-0.000053009,0.002107248,0.000260707,-0.000005203,-0.000000072,-0.000000093,0.170000005
310,1.316667,-0.000000071,-0.000000093,0.370000005,0.999999940,0.000001301,-0.000000570,-0.000000017,0.000026623,-0.000015749,-0.000053078,0.002105508,0.000269842,-0.000004990,-0.000000071,-0.000000093,0.170000005
311,1.320833,-0.000000073,-0.000000093,0.370000005,1.000000000,0.000001405,-0.000000823,0.000000021,0.000026210,-0.000015957,-0.000053003,0.002107246,0.000260986,-0.000005183,-0.000000073,-0.000000093,0.170000005
312,1.325000,-0.000000072,-0.000000095,0.370000005,1.000000000,0.000001290,-0.000000543,-0.000000023,0.000026502,-0.000015989,-0.000053121,0.002111545,0.000268000,-0.000004901,-0.000000072,-0.000000095,0.170000005
313,1.329167,-0.000000074,-0.000000093,0.370000005,0.999999940,0.000001389,-0.000000796,0.000000013,0.000026112,-0.000015919,-0.000052969,0.002105478,0.000258410,-0.000005311,-0.000000074,-0.000000093,0.170000005
314,1.333333,-0.000000071,-0.000000093,0.370000005,0.999999940,0.000001399,-0.000000661,-0.000000031,0.000026910,-0.000015613,-0.000053195,0.002106128,0.000275977,-0.000004917,-0.000000071,-0.000000093,0.170000005
315,1.337500,-0.000000072,-0.000000093,0.370000005,0.999999940,0.000001341,-0.000000604,-0.000000030,0.000026161,-0.000015979,-0.000053034,0.002108414,0.000259864,-0.000005251,-0.000000072,-0.000000093,0.170000005
316,1.341667,-0.000000071,-0.000000093,0.370000005,0.999999940,0.000001279,-0.000000557,-0.000000028,0.000026549,-0.000015800,-0.000053102,0.002107016,0.000268328,-0.000005055,-0.000000071,-0.000000093,0.170000005
317,1.345833,-0.000000072,-0.000000094,0.370000005,1.000000000,0.000001403,-0.000000790,0.000000021,0.000026218,-0.000016025,-0.000052989,0.002108287,0.000261615,-0.000005080,-0.000000072,-0.000000094,0.170000005
318,1.350000,-0.000000073,-0.000000095,0.370000005,1.000000000,0.000001266,-0.000000536,-0.000000012,0.000026299,-0.000016105,-0.000053082,0.002112645,0.000263703,-0.000004976,-0.000000073,-0.000000095,0.170000005
319,1.354167,-0.000000073,-0.000000093,0.370000005,0.999999940,0.000001364,-0.000000793,0.000000014,0.000026485,-0.000015650,-0.000053044,0.002102321,0.000266056,-0.000005243,-0.000000073,-0.000000093,0.170000005
320,1.358333,-0.000000072,-0.000000094,0.370000005,0.999999940,0.000001393,-0.000000634,-0.000000020,0.000026562,-0.000015855,-0.000053097,0.002108156,0.000268853,-0.000004960,-0.000000072,-0.000000094,0.170000005
321,1.362500,-0.000000070,-0.000000094,0.370000005,0.999999940,0.000001335,-0.000000583,-0.000000029,0.000026706,-0.000015691,-0.000053156,0.002106244,0.000271662,-0.000005046,-0.000000070,-0.000000094,0.170000005
322,1.366667,-0.000000071,-0.000000094,0.370000005,0.999999940,0.000001292,-0.000000718,0.000000033,0.000026196,-0.000015962,-0.000053010,0.002107480,0.000260658,-0.000005206,-0.000000071,-0.000000094,0.170000005
323,1.370833,-0.000000072,-0.000000094,0.370000005,0.999999940,0.000001338,-0.000000747,0.000000013,0.000026260,-0.000016024,-0.000053008,0.002108971,0.000262374,-0.000005032,-0.000000072,-0.000000094,0.170000005
324,1.375000,-0.000000072,-0.000000091,0.370000005,0.999999940,0.000001339,-0.000000612,-0.000000022,0.000026734,-0.000015432,-0.000053114,0.002100076,0.000270764,-0.000005259,-0.000000072,-0.000000091,0.170000005
325,1.379167,-0.000000073,-0.000000093,0.370000005,0.999999940,0.000001278,-0.000000563,-0.000000021,0.000026101,-0.000016190,-0.000053010,0.002112058,0.000259543,-0.000005054,-0.000000073,-0.000000093,0.170000005
326,1.383333,-0.000000071,-0.000000092,0.370000005,1.000000000,0.000001380,-0.000000615,-0.000000020,0.000026804,-0.000015567,-0.000053120,0.002102955,0.000273355,-0.000005030,-0.000000071,-0.000000092,0.170000005
327,1.387500,-0.000000073,-0.000000094,0.370000005,1.000000000,0.000001322,-0.000000562,-0.000000019,0.000025888,-0.000016378,-0.000052986,0.002115071,0.000255347,-0.000005071,-0.000000073,-0.000000094,0.170000005
328,1.391667,-0.000000073,-0.000000094,0.370000005,0.999999940,0.000001404,-0.000000634,-0.000000030,0.000026441,-0.000015847,-0.000053065,0.002106990,0.000265876,-0.000005089,-0.000000073,-0.000000094,0.170000005
329,1.395833,-0.000000073,-0.000000093,0.370000005,0.999999940,0.000001324,-0.000000602,-0.000000028,0.000026372,-0.000015807,-0.000053089,0.002106606,0.000263940,-0.000005249,-0.000000073,-0.000000093,0.170000005
330,1.400000,-0.000000073,-0.000000093,0.370000005,0.999999940,0.000001259,-0.000000557,-0.000000016,0.000026400,-0.000015861,-0.000053055,0.002106890,0.000265055,-0.000005119,-0.000000073,-0.000000093,0.170000005
331,1.404167,-0.000000072,-0.000000092,0.370000005,1.000000000,0.000001359,-0.000000612,-0.000000015,0.000026589,-0.000015755,-0.000053063,0.002105047,0.000269285,-0.000005016,-0.000000072,-0.000000092,0.170000005
332,1.408333,-0.000000072,-0.000000094,0.370000005,1.000000000,0.000001299,-0.000000566,-0.000000025,0.000026310,-0.000016063,-0.000053061,0.002111025,0.000263967,-0.000004996,-0.000000072,-0.000000094,0.170000005
333,1.412500,-0.000000073,-0.000000094,0.370000005,0.999999940,0.000001402,-0.000000819,0.000000013,0.000026236,-0.000015948,-0.000053015,0.002107420,0.000261490,-0.000005173,-0.000000073,-0.000000094,0.170000005
334,1.416667,-0.000000073,-0.000000093,0.370000005,0.999999940,0.000001264,-0.000000560,-0.000000020,0.000026577,-0.000015711,-0.000053128,0.002106110,0.000268284,-0.000005142,-0.000000073,-0.000000093,0.170000005
335,1.420833,-0.000000072,-0.000000093,0.370000005,1.000000000,0.000001364,-0.000000615,-0.000000020,0.000026584,-0.000015750,-0.000053059,0.002104738,0.000269193,-0.000005023,-0.000000072,-0.000000093,0.170000005
336,1.425000,-0.000000072,-0.000000093,0.370000005,1.000000000,0.000001305,-0.000000564,-0.000000018,0.000026325,-0.000015981,-0.000053069,0.002109525,0.000263869,-0.000005081,-0.000000072,-0.000000093,0.170000005
337,1.429167,-0.000000073,-0.000000094,0.370000005,1.000000000,0.000001262,-0.000000704,0.000000009,0.000026172,-0.000016075,-0.000053008,0.002109799,0.000260645,-0.000005093,-0.000000073,-0.000000094,0.170000005
338,1.433333,-0.000000073,-0.000000095,0.370000005,1.000000000,0.000001307,-0.000000738,0.000000024,0.000026433,-0.000015926,-0.000053035,0.002107885,0.000266123,-0.000004973,-0.000000073,-0.000000095,0.170000005
339,1.437500,-0.000000073,-0.000000094,0.370000005,1.000000000,0.000001330,-0.000000585,-0.000000022,0.000026621,-0.000015733,-0.000053088,0.002105372,0.000269744,-0.000005016,-0.000000073,-0.000000094,0.170000005
340,1.441667,-0.000000073,-0.000000093,0.370000005,1.000000000,0.000001264,-0.000000540,-0.000000021,0.000026432,-0.000015749,-0.000053053,0.002104476,0.000265304,-0.000005207,-0.000000073,-0.000000093,0.170000005
341,1.445833,-0.000000073,-0.000000094,0.370000005,0.999999940,0.000001344,-0.000000618,-0.000000021,0.000026369,-0.000015956,-0.000053033,0.002108117,0.000264955,-0.000005019,-0.000000073,-0.000000094,0.170000005
342,1.450000,-0.000000072,-0.000000094,0.370000005,0.999999940,0.000001282,-0.000000572,-0.000000019,0.000026540,-0.000015792,-0.000053100,0.002106790,0.000268083,-0.000005073,-0.000000072,-0.000000094,0.170000005
343,1.454167,-0.000000070,-0.000000095,0.370000005,1.000000000,0.000001386,-0.000000627,-0.000000018,0.000026701,-0.000015774,-0.000053105,0.002106574,0.000272142,-0.000004901,-0.000000070,-0.000000095,0.170000005
344,1.458333,-0.000000072,-0.000000093,0.370000005,1.000000000,0.000001344,-0.000000751,0.000000020,0.000026068,-0.000015946,-0.000052999,0.002106807,0.000257310,-0.000005365,-0.000000072,-0.000000093,0.170000005
345,1.462500,-0.000000073,-0.000000093,0.370000005,1.000000000,0.000001370,-0.000000796,0.000000012,0.000026264,-0.000015955,-0.000053035,0.002108413,0.000261973,-0.000005141,-0.000000073,-0.000000093,0.170000005
346,1.466667,-0.000000073,-0.000000094,0.370000005,1.000000000,0.000001401,-0.000000633,-0.000000022,0.000026534,-0.000015889,-0.000053110,0.002109223,0.000268257,-0.000004968,-0.000000073,-0.000000094,0.170000005
347,1.470833,-0.000000073,-0.000000095,0.370000005,1.000000000,0.000001324,-0.000000603,-0.000000020,0.000026294,-0.000016004,-0.000053088,0.002110559,0.000263139,-0.000005116,-0.000000073,-0.000000095,0.170000005
348,1.475000,-0.000000073,-0.000000094,0.370000005,1.000000000,0.000001279,-0.000000533,-0.000000031,0.000026440,-0.000015831,-0.000053055,0.002106318,0.000265904,-0.000005099,-0.000000073,-0.000000094,0.170000005
349,1.479167,-0.000000073,-0.000000093,0.370000005,0.999999940,0.000001379,-0.000000791,0.000000007,0.000026457,-0.000015738,-0.000053039,0.002103857,0.000265935,-0.000005171,-0.000000073,-0.000000093,0.170000005
350,1.483333,-0.000000072,-0.000000092,0.370000005,0.999999940,0.000001387,-0.000000651,-0.000000026,0.000026620,-0.000015662,-0.000053121,0.002104828,0.000269200,-0.000005140,-0.000000072,-0.000000092,0.170000005
351,1.487500,-0.000000071,-0.000000094,0.370000005,0.999999940,0.000001332,-0.000000600,-0.000000024,0.000026425,-0.000016019,-0.000053107,0.002111409,0.000266541,-0.000004957,-0.000000071,-0.000000094,0.170000005
352,1.491667,-0.000000073,-0.000000094,0.370000005,0.999999940,0.000001290,-0.000000733,0.000000014,0.000025991,-0.000016168,-0.000052981,0.002110822,0.000256665,-0.000005184,-0.000000073,-0.000000094,0.170000005
353,1.495833,-0.000000073,-0.000000092,0.370000005,0.999999940,0.000001331,-0.000000761,0.000000017,0.000026568,-0.000015611,-0.000053054,0.002102142,0.000267650,-0.000005191,-0.000000073,-0.000000092,0.170000005
354,1.500000,-0.000000072,-0.000000092,0.370000005,0.999999940,0.000001356,-0.000000607,-0.000000017,0.000026784,-0.000015645,-0.000053126,0.002104687,0.000273338,-0.000004964,-0.000000072,-0.000000092,0.170000005
355,1.504167,-0.000000073,-0.000000094,0.370000005,0.999999940,0.000001296,-0.000000559,-0.000000016,0.000026097,-0.000016184,-0.000053015,0.002111982,0.000259461,-0.000005069,-0.000000073,-0.000000094,0.170000005
356,1.508333,-0.000000072,-0.000000094,0.370000005,1.000000000,0.000001378,-0.000000634,-0.000000015,0.000026568,-0.000015783,-0.000053089,0.002106367,0.000268703,-0.000005037,-0.000000072,-0.000000094,0.170000005
357,1.512500,-0.000000072,-0.000000094,0.370000005,1.000000000,0.000001318,-0.000000583,-0.000000013,0.000026325,-0.000015982,-0.000053069,0.002109573,0.000263847,-0.000005082,-0.000000072,-0.000000094,0.170000005
358,1.516667,-0.000000072,-0.000000093,0.370000005,1.000000000,0.000001253,-0.000000537,-0.000000013,0.000026441,-0.000015756,-0.000053060,0.002104886,0.000265476,-0.000005193,-0.000000072,-0.000000093,0.170000005
359,1.520833,-0.000000072,-0.000000095,0.370000005,0.999999940,0.000001378,-0.000000777,0.000000014,0.000026336,-0.000016060,-0.000053011,0.002109638,0.000264774,-0.000004913,-0.000000072,-0.000000095,0.170000005
360,1.525000,-0.000000072,-0.000000093,0.370000005,0.999999940,0.000001383,-0.000000637,-0.000000020,0.000026505,-0.000015638,-0.000053085,0.002103420,0.000266163,-0.000005271,-0.000000072,-0.000000093,0.170000005
361,1.529167,-0.000000073,-0.000000093,0.370000005,0.999999940,0.000001323,-0.000000586,-0.000000019,0.000026314,-0.000016001,-0.000053063,0.002109840,0.000263700,-0.000005068,-0.000000073,-0.000000093,0.170000005
362,1.533333,-0.000000072,-0.000000092,0.370000005,0.999999940,0.000001258,-0.000000542,-0.000000029,0.000026617,-0.000015659,-0.000053099,0.002104070,0.000269284,-0.000005129,-0.000000072,-0.000000092,0.170000005
363,1.537500,-0.000000071,-0.000000092,0.370000005,1.000000000,0.000001358,-0.000000597,-0.000000028,0.000026583,-0.000015750,-0.000053058,0.002104702,0.000269184,-0.000005023,-0.000000071,-0.000000092,0.170000005
364,1.541667,-0.000000072,-0.000000095,0.370000005,1.000000000,0.000001299,-0.000000551,-0.000000027,0.000026031,-0.000016391,-0.000053017,0.002116305,0.000258924,-0.000004913,-0.000000072,-0.000000095,0.170000005
365,1.545833,-0.000000071,-0.000000093,0.370000005,0.999999940,0.000001379,-0.000000624,-0.000000026,0.000026673,-0.000015551,-0.000053101,0.002102066,0.000269973,-0.000005188,-0.000000071,-0.000000093,0.170000005
366,1.550000,-0.000000071,-0.000000093,0.370000005,0.999999940,0.000001318,-0.000000572,-0.000000014,0.000026371,-0.000015870,-0.000053065,0.002107251,0.000264374,-0.000005155,-0.000000071,-0.000000093,0.170000005
367,1.554167,-0.000000072,-0.000000092,0.370000005,0.999999940,0.000001273,-0.000000706,0.000000013,0.000026274,-0.000015845,-0.000053022,0.002105630,0.000261824,-0.000005253,-0.000000072,-0.000000092,0.170000005
368,1.558333,-0.000000070,-0.000000094,0.370000005,0.999999940,0.000001297,-0.000000561,-0.000000020,0.000026724,-0.000015852,-0.000053112,0.002108498,0.000273004,-0.000004781,-0.000000070,-0.000000094,0.170000005
369,1.562500,-0.000000072,-0.000000093,0.370000005,1.000000000,0.000001400,-0.000000815,0.000000018,0.000026205,-0.000015951,-0.000053006,0.002107107,0.000260873,-0.000005200,-0.000000072,-0.000000093,0.170000005
370,1.566667,-0.000000073,-0.000000093,0.370000005,1.000000000,0.000001283,-0.000000732,0.000000021,0.000026078,-0.000016047,-0.000053026,0.002109951,0.000257723,-0.000005254,-0.000000073,-0.000000093,0.170000005
371,1.570833,-0.000000074,-0.000000094,0.370000005,1.000000000,0.000001330,-0.000000763,0.000000013,0.000026429,-0.000015938,-0.000053046,0.002108394,0.000266090,-0.000004969,-0.000000074,-0.000000094,0.170000005
372,1.575000,-0.000000072,-0.000000094,0.370000005,1.000000000,0.000001356,-0.000000610,-0.000000032,0.000026737,-0.000015756,-0.000053133,0.002107179,0.000272679,-0.000004894,-0.000000072,-0.000000094,0.170000005
373,1.579167,-0.000000072,-0.000000093,0.370000005,1.000000000,0.000001293,-0.000000561,-0.000000008,0.000026415,-0.000015752,-0.000053061,0.002104714,0.000264916,-0.000005237,-0.000000072,-0.000000093,0.170000005
374,1.583333,-0.000000072,-0.000000094,0.370000005,0.999999940,0.000001375,-0.000000635,-0.000000030,0.000026362,-0.000015965,-0.000053043,0.002108609,0.000264795,-0.000005025,-0.000000072,-0.000000094,0.170000005
375,1.587500,-0.000000072,-0.000000094,0.370000005,0.999999940,0.000001315,-0.000000583,-0.000000017,0.000026380,-0.000015874,-0.000053076,0.002107666,0.000264551,-0.000005151,-0.000000072,-0.000000094,0.170000005
376,1.591667,-0.000000071,-0.000000092,0.370000005,0.999999940,0.000001249,-0.000000540,-0.000000028,0.000026615,-0.000015659,-0.000053095,0.002104006,0.000269224,-0.000005126,-0.000000071,-0.000000092,0.170000005
377,1.595833,-0.000000073,-0.000000093,0.370000005,1.000000000,0.000001371,-0.000000774,0.000000009,0.000026037,-0.000016129,-0.000052937,0.002108860,0.000257801,-0.000005123,-0.000000073,-0.000000093,0.170000005
378,1.600000,-0.000000073,-0.000000094,0.370000005,1.000000000,0.000001380,-0.000000636,-0.000000037,0.000026380,-0.000015976,-0.000053082,0.002110166,0.000264913,-0.000005025,-0.000000073,-0.000000094,0.170000005
379,1.604167,-0.000000074,-0.000000094,0.370000005,1.000000000,0.000001320,-0.000000585,-0.000000035,0.000026331,-0.000015985,-0.000053074,0.002109818,0.000263972,-0.000005077,-0.000000074,-0.000000094,0.170000005
380,1.608333,-0.000000074,-0.000000093,0.370000005,1.000000000,0.000001255,-0.000000539,-0.000000034,0.000026441,-0.000015755,-0.000053060,0.002104938,0.000265428,-0.000005195,-0.000000074,-0.000000093,0.170000005
381,1.612500,-0.000000071,-0.000000094,0.370000005,0.999999940,0.000001356,-0.000000600,-0.000000021,0.000026921,-0.000015644,-0.000053140,0.002104935,0.000276938,-0.000004820,-0.000000071,-0.000000094,0.170000005
382,1.616667,-0.000000072,-0.000000094,0.370000005,0.999999940,0.000001293,-0.000000550,-0.000000020,0.000026179,-0.000015963,-0.000053017,0.002107582,0.000260322,-0.000005228,-0.000000072,-0.000000094,0.170000005
383,1.620833,-0.000000071,-0.000000094,0.370000005,1.000000000,0.000001375,-0.000000626,-0.000000019,0.000026567,-0.000015784,-0.000053084,0.002106262,0.000268731,-0.000005032,-0.000000071,-0.000000094,0.170000005
384,1.625000,-0.000000073,-0.000000094,0.370000005,1.000000000,0.000001337,-0.000000752,0.000000019,0.000025983,-0.000016168,-0.000052995,0.002111184,0.000256429,-0.000005208,-0.000000073,-0.000000094,0.170000005
385,1.629167,-0.000000074,-0.000000092,0.370000005,1.000000000,0.000001360,-0.000000795,0.000000010,0.000026355,-0.000015738,-0.000053043,0.002104254,0.000262994,-0.000005290,-0.000000074,-0.000000092,0.170000005
386,1.633333,-0.000000072,-0.000000095,0.370000005,1.000000000,0.000001391,-0.000000640,-0.000000011,0.000026643,-0.000015986,-0.000053133,0.002111806,0.000271614,-0.000004748,-0.000000072,-0.000000095,0.170000005
387,1.637500,-0.000000072,-0.000000094,0.370000005,1.000000000,0.000001332,-0.000000585,-0.000000021,0.000026550,-0.000015693,-0.000053119,0.002105269,0.000267743,-0.000005193,-0.000000072,-0.000000094,0.170000005
388,1.641667,-0.000000072,-0.000000094,0.370000005,1.000000000,0.000001269,-0.000000542,-0.000000020,0.000026346,-0.000015969,-0.000053050,0.002108762,0.000264425,-0.000005051,-0.000000072,-0.000000094,0.170000005
389,1.645833,-0.000000072,-0.000000093,0.370000005,0.999999940,0.000001369,-0.000000800,0.000000018,0.000026460,-0.000015740,-0.000053042,0.002104057,0.000265938,-0.000005170,-0.000000072,-0.000000093,0.170000005
390,1.650000,-0.000000070,-0.000000093,0.370000005,0.999999940,0.000001399,-0.000000638,-0.000000015,0.000026767,-0.000015662,-0.000053147,0.002105660,0.000272879,-0.000004986,-0.000000070,-0.000000093,0.170000005
391,1.654167,-0.000000070,-0.000000093,0.370000005,0.999999940,0.000001340,-0.000000583,-0.000000025,0.000026358,-0.000015872,-0.000053076,0.002107560,0.000264071,-0.000005177,-0.000000070,-0.000000093,0.170000005
392,1.658333,-0.000000071,-0.000000093,0.370000005,0.999999940,0.000001276,-0.000000537,-0.000000036,0.000026187,-0.000016062,-0.000053019,0.002109835,0.000260920,-0.000005105,-0.000000071,-0.000000093,0.170000005
393,1.662500,-0.000000072,-0.000000093,0.370000005,1.000000000,0.000001378,-0.000000793,0.000000025,0.000026232,-0.000015959,-0.000053004,0.002107382,0.000261518,-0.000005157,-0.000000072,-0.000000093,0.170000005
394,1.666667,-0.000000072,-0.000000093,0.370000005,1.000000000,0.000001387,-0.000000651,-0.000000032,0.000026429,-0.000015853,-0.000053091,0.002107884,0.000265451,-0.000005115,-0.000000072,-0.000000093,0.170000005
395,1.670833,-0.000000073,-0.000000093,0.370000005,1.000000000,0.000001329,-0.000000595,-0.000000019,0.000026344,-0.000015904,-0.000053079,0.002108342,0.000263799,-0.000005161,-0.000000073,-0.000000093,0.170000005
396,1.675000,-0.000000073,-0.000000093,0.370000005,1.000000000,0.000001265,-0.000000551,-0.000000018,0.000026352,-0.000015973,-0.000053055,0.002109098,0.000264515,-0.000005046,-0.000000073,-0.000000093,0.170000005
397,1.679167,-0.000000072,-0.000000095,0.370000005,0.999999940,0.000001367,-0.000000608,-0.000000017,0.000026517,-0.000015956,-0.000053066,0.002109123,0.000268585,-0.000004872,-0.000000072,-0.000000095,0.170000005
398,1.683333,-0.000000071,-0.000000093,0.370000005,0.999999940,0.000001303,-0.000000560,-0.000000016,0.000026623,-0.000015570,-0.000053103,0.002102371,0.000268898,-0.000005231,-0.000000071,-0.000000093,0.170000005
399,1.687500,-0.000000072,-0.000000093,0.370000005,1.000000000,0.000001406,-0.000000813,0.000000022,0.000026212,-0.000015960,-0.000052999,0.002107158,0.000261126,-0.000005172,-0.000000072,-0.000000093,0.170000005
400,1.691667,-0.000000072,-0.000000094,0.370000005,1.000000000,0.000001270,-0.000000554,-0.000000022,0.000026356,-0.000015988,-0.000053095,0.002110694,0.000264324,-0.000005054,-0.000000072,-0.000000094,0.170000005
401,1.695833,-0.000000071,-0.000000095,0.370000005,0.999999940,0.000001372,-0.000000611,-0.000000021,0.000026517,-0.000015955,-0.000053065,0.002109133,0.000268559,-0.000004874,-0.000000071,-0.000000095,0.170000005
402,1.700000,-0.000000072,-0.000000092,0.370000005,0.999999940,0.000001308,-0.000000556,-0.000000021,0.000026487,-0.000015563,-0.000053077,0.002101533,0.000265446,-0.000005380,-0.000000072,-0.000000092,0.170000005
403,1.704167,-0.000000073,-0.000000092,0.370000005,1.000000000,0.000001411,-0.000000809,0.000000017,0.000026218,-0.000015965,-0.000053001,0.002107299,0.000261302,-0.000005161,-0.000000073,-0.000000092,0.170000005
404,1.708333,-0.000000073,-0.000000095,0.370000005,1.000000000,0.000001277,-0.000000552,-0.000000027,0.000026266,-0.000016204,-0.000053092,0.002114960,0.000263266,-0.000004909,-0.000000073,-0.000000095,0.170000005
405,1.712500,-0.000000073,-0.000000093,0.370000005,0.999999940,0.000001378,-0.000000810,0.000000011,0.000026460,-0.000015738,-0.000053049,0.002104233,0.000265916,-0.000005177,-0.000000073,-0.000000093,0.170000005
406,1.716667,-0.000000072,-0.000000093,0.370000005,0.999999940,0.000001407,-0.000000646,-0.000000011,0.000026576,-0.000015773,-0.000053106,0.002106735,0.000268706,-0.000005050,-0.000000072,-0.000000093,0.170000005
407,1.720833,-0.000000072,-0.000000093,0.370000005,0.999999940,0.000001349,-0.000000592,-0.000000009,0.000026514,-0.000015803,-0.000053113,0.002107301,0.000267484,-0.000005105,-0.000000072,-0.000000093,0.170000005
408,1.725000,-0.000000072,-0.000000093,0.370000005,0.999999940,0.000001287,-0.000000544,-0.000000019,0.000026386,-0.000015864,-0.000053063,0.002107131,0.000264683,-0.000005137,-0.000000072,-0.000000093,0.170000005
409,1.729167,-0.000000074,-0.000000093,0.370000005,1.000000000,0.000001390,-0.000000799,0.000000018,0.000026013,-0.000016157,-0.000052960,0.002110050,0.000257249,-0.000005146,-0.000000074,-0.000000093,0.170000005
410,1.733333,-0.000000073,-0.000000093,0.370000005,1.000000000,0.000001399,-0.000000659,-0.000000027,0.000026586,-0.000015784,-0.000053130,0.002107738,0.000268852,-0.000005046,-0.000000073,-0.000000093,0.170000005
411,1.737500,-0.000000074,-0.000000094,0.370000005,1.000000000,0.000001342,-0.000000602,-0.000000015,0.000026163,-0.000016063,-0.000053045,0.002110488,0.000260250,-0.000005164,-0.000000074,-0.000000094,0.170000005
412,1.741667,-0.000000072,-0.000000095,0.370000005,1.000000000,0.000001281,-0.000000559,-0.000000035,0.000026691,-0.000015799,-0.000053145,0.002108149,0.000271841,-0.000004919,-0.000000072,-0.000000095,0.170000005
413,1.745833,-0.000000072,-0.000000093,0.370000005,0.999999940,0.000001361,-0.000000631,-0.000000024,0.000026461,-0.000015648,-0.000053044,0.002102105,0.000265551,-0.000005279,-0.000000072,-0.000000093,0.170000005
414,1.750000,-0.000000071,-0.000000092,0.370000005,0.999999940,0.000001299,-0.000000580,-0.000000034,0.000026595,-0.000015675,-0.000053107,0.002104579,0.000268836,-0.000005145,-0.000000071,-0.000000092,0.170000005
415,1.754167,-0.000000072,-0.000000094,0.370000005,0.999999940,0.000001281,-0.000000697,0.000000017,0.000026079,-0.000016287,-0.000052984,0.002113341,0.000259629,-0.000004942,-0.000000072,-0.000000094,0.170000005
416,1.758333,-0.000000073,-0.000000092,0.370000005,0.999999940,0.000001300,-0.000000753,0.000000020,0.000026552,-0.000015612,-0.000053056,0.002102124,0.000267303,-0.000005210,-0.000000073,-0.000000092,0.170000005
417,1.762500,-0.000000072,-0.000000094,0.370000005,0.999999940,0.000001325,-0.000000603,-0.000000026,0.000026515,-0.000015964,-0.000053074,0.002109616,0.000268468,-0.000004862,-0.000000072,-0.000000094,0.170000005
418,1.766667,-0.000000072,-0.000000093,0.370000005,0.999999940,0.000001260,-0.000000558,-0.000000013,0.000026392,-0.000015853,-0.000053057,0.002106777,0.000264827,-0.000005141,-0.000000072,-0.000000093,0.170000005
419,1.770833,-0.000000071,-0.000000093,0.370000005,1.000000000,0.000001360,-0.000000613,-0.000000013,0.000026590,-0.000015755,-0.000053064,0.002105041,0.000269278,-0.000005013,-0.000000071,-0.000000093,0.170000005
420,1.775000,-0.000000073,-0.000000094,0.370000005,1.000000000,0.000001320,-0.000000743,0.000000002,0.000025994,-0.000016160,-0.000052986,0.002110772,0.000256734,-0.000005189,-0.000000073,-0.000000094,0.170000005
421,1.779167,-0.000000073,-0.000000095,0.370000005,1.000000000,0.000001369,-0.000000770,0.000000018,0.000026420,-0.000015946,-0.000053057,0.002108893,0.000265851,-0.000004986,-0.000000073,-0.000000095,0.170000005
422,1.783333,-0.000000073,-0.000000093,0.370000005,1.000000000,0.000001374,-0.000000630,-0.000000028,0.000026455,-0.000015749,-0.000053079,0.002105467,0.000265578,-0.000005194,-0.000000073,-0.000000093,0.170000005
423,1.787500,-0.000000073,-0.000000094,0.370000005,1.000000000,0.000001315,-0.000000579,-0.000000027,0.000026330,-0.000015986,-0.000053069,0.002109681,0.000263999,-0.000005071,-0.000000073,-0.000000094,0.170000005
424,1.791667,-0.000000074,-0.000000093,0.370000005,1.000000000,0.000001249,-0.000000534,-0.000000026,0.000026440,-0.000015756,-0.000053061,0.002104922,0.000265465,-0.000005195,-0.000000074,-0.000000093,0.170000005
425,1.795833,-0.000000072,-0.000000094,0.370000005,0.999999940,0.000001348,-0.000000596,-0.000000025,0.000026741,-0.000015747,-0.000053090,0.002105660,0.000273042,-0.000004865,-0.000000072,-0.000000094,0.170000005
426,1.800000,-0.000000071,-0.000000094,0.370000005,0.999999940,0.000001286,-0.000000550,-0.000000023,0.000026527,-0.000015782,-0.000053094,0.002106271,0.000267841,-0.000005095,-0.000000071,-0.000000094,0.170000005
427,1.804167,-0.000000073,-0.000000094,0.370000005,1.000000000,0.000001389,-0.000000805,0.000000014,0.000026008,-0.000016152,-0.000052958,0.002109793,0.000257158,-0.000005152,-0.000000073,-0.000000094,0.170000005
428,1.808333,-0.000000074,-0.000000093,0.370000005,1.000000000,0.000001397,-0.000000659,-0.000000021,0.000026309,-0.000015843,-0.000053062,0.002106917,0.000262344,-0.000005248,-0.000000074,-0.000000093,0.170000005
429,1.812500,-0.000000073,-0.000000094,0.370000005,1.000000000,0.000001340,-0.000000607,-0.000000030,0.000026477,-0.000015924,-0.000053114,0.002109780,0.000267201,-0.000005008,-0.000000073,-0.000000094,0.170000005
430,1.816667,-0.000000074,-0.000000094,0.370000005,1.000000000,0.000001278,-0.000000558,-0.000000017,0.000026361,-0.000015886,-0.000053062,0.002107495,0.000264223,-0.000005146,-0.000000074,-0.000000094,0.170000005
431,1.820833,-0.000000073,-0.000000095,0.370000005,0.999999940,0.000001379,-0.000000613,-0.000000029,0.000026368,-0.000016032,-0.000053031,0.002109614,0.000265381,-0.000004928,-0.000000073,-0.000000095,0.170000005
432,1.825000,-0.000000072,-0.000000093,0.370000005,0.999999940,0.000001318,-0.000000563,-0.000000015,0.000026808,-0.000015471,-0.000053155,0.002101871,0.000272921,-0.000005177,-0.000000072,-0.000000093,0.170000005
433,1.829167,-0.000000071,-0.000000093,0.370000005,1.000000000,0.000001399,-0.000000640,-0.000000014,0.000026546,-0.000015769,-0.000053070,0.002105287,0.000268425,-0.000005060,-0.000000071,-0.000000093,0.170000005
434,1.833333,-0.000000072,-0.000000094,0.370000005,1.000000000,0.000001342,-0.000000582,-0.000000025,0.000026126,-0.000016103,-0.000053037,0.002111091,0.000259591,-0.000005149,-0.000000072,-0.000000094,0.170000005
435,1.837500,-0.000000072,-0.000000094,0.370000005,1.000000000,0.000001278,-0.000000538,-0.000000023,0.000026359,-0.000015977,-0.000053060,0.002109455,0.000264557,-0.000005037,-0.000000072,-0.000000094,0.170000005
436,1.841667,-0.000000072,-0.000000093,0.370000005,0.999999940,0.000001378,-0.000000796,0.000000015,0.000026459,-0.000015739,-0.000053044,0.002104032,0.000265978,-0.000005174,-0.000000072,-0.000000093,0.170000005
437,1.845833,-0.000000071,-0.000000093,0.370000005,0.999999940,0.000001408,-0.000000635,-0.000000018,0.000026767,-0.000015662,-0.000053147,0.002105672,0.000272828,-0.000004986,-0.000000071,-0.000000093,0.170000005
438,1.850000,-0.000000072,-0.000000092,0.370000005,0.999999940,0.000001328,-0.000000601,-0.000000029,0.000026211,-0.000015872,-0.000053050,0.002106699,0.000260439,-0.000005329,-0.000000072,-0.000000092,0.170000005
439,1.854167,-0.000000073,-0.000000093,0.370000005,0.999999940,0.000001288,-0.000000735,0.000000021,0.000025976,-0.000016267,-0.000052980,0.002112895,0.000256804,-0.000005086,-0.000000073,-0.000000093,0.170000005
440,1.858333,-0.000000074,-0.000000094,0.370000005,0.999999940,0.000001335,-0.000000765,0.000000013,0.000026415,-0.000015952,-0.000053049,0.002108783,0.000265773,-0.000004971,-0.000000074,-0.000000094,0.170000005
441,1.862500,-0.000000071,-0.000000094,0.370000005,0.999999940,0.000001361,-0.000000613,-0.000000009,0.000026936,-0.000015570,-0.000053166,0.002104452,0.000276567,-0.000004910,-0.000000071,-0.000000094,0.170000005
442,1.866667,-0.000000073,-0.000000094,0.370000005,0.999999940,0.000001319,-0.000000743,0.000000018,0.000026030,-0.000016038,-0.000052982,0.002108123,0.000257003,-0.000005286,-0.000000073,-0.000000094,0.170000005
443,1.870833,-0.000000072,-0.000000094,0.370000005,0.999999940,0.000001343,-0.000000591,-0.000000016,0.000026595,-0.000015851,-0.000053091,0.002107995,0.000269624,-0.000004916,-0.000000072,-0.000000094,0.170000005
444,1.875000,-0.000000070,-0.000000092,0.370000005,0.999999940,0.000001279,-0.000000545,-0.000000026,0.000026812,-0.000015458,-0.000053140,0.002101234,0.000273019,-0.000005169,-0.000000070,-0.000000092,0.170000005
445,1.879167,-0.000000072,-0.000000092,0.370000005,1.000000000,0.000001380,-0.000000800,0.000000023,0.000026063,-0.000016020,-0.000052954,0.002107006,0.000257860,-0.000005237,-0.000000072,-0.000000092,0.170000005
446,1.883333,-0.000000072,-0.000000094,0.370000005,1.000000000,0.000001264,-0.000000522,-0.000000022,0.000026303,-0.000016186,-0.000053076,0.002114309,0.000264079,-0.000004868,-0.000000072,-0.000000094,0.170000005
447,1.887500,-0.000000073,-0.000000094,0.370000005,0.999999940,0.000001364,-0.000000782,0.000000016,0.000026254,-0.000015931,-0.000053002,0.002106690,0.000261935,-0.000005156,-0.000000073,-0.000000094,0.170000005
448,1.891667,-0.000000073,-0.000000093,0.370000005,0.999999940,0.000001390,-0.000000621,-0.000000018,0.000026657,-0.000015644,-0.000053110,0.002104272,0.000270019,-0.000005102,-0.000000073,-0.000000093,0.170000005
449,1.895833,-0.000000072,-0.000000093,0.370000005,0.999999940,0.000001309,-0.000000596,-0.000000016,0.000026501,-0.000015809,-0.000053109,0.002107221,0.000267240,-0.000005110,-0.000000072,-0.000000093,0.170000005
450,1.900000,-0.000000071,-0.000000093,0.370000005,0.999999940,0.000001265,-0.000000529,-0.000000015,0.000026567,-0.000015767,-0.000053080,0.002105703,0.000268699,-0.000005046,-0.000000071,-0.000000093,0.170000005
451,1.904167,-0.000000072,-0.000000091,0.370000005,1.000000000,0.000001365,-0.000000785,0.000000011,0.000026287,-0.000015824,-0.000053001,0.002104518,0.000262203,-0.000005238,-0.000000072,-0.000000091,0.170000005
452,1.908333,-0.000000072,-0.000000095,0.370000005,1.000000000,0.000001396,-0.000000626,-0.000000023,0.000026240,-0.000016299,-0.000053057,0.002115835,0.000263402,-0.000004795,-0.000000072,-0.000000095,0.170000005
453,1.912500,-0.000000073,-0.000000093,0.370000005,1.000000000,0.000001314,-0.000000594,-0.000000022,0.000026275,-0.000015769,-0.000053059,0.002105093,0.000261290,-0.000005383,-0.000000073,-0.000000093,0.170000005
454,1.916667,-0.000000073,-0.000000095,0.370000005,1.000000000,0.000001272,-0.000000529,-0.000000021,0.000026504,-0.000015978,-0.000053079,0.002109973,0.000268281,-0.000004877,-0.000000073,-0.000000095,0.170000005
455,1.920833,-0.000000073,-0.000000093,0.370000005,0.999999940,0.000001372,-0.000000787,0.000000018,0.000026453,-0.000015733,-0.000053042,0.002103865,0.000265827,-0.000005186,-0.000000073,-0.000000093,0.170000005
456,1.925000,-0.000000073,-0.000000093,0.370000005,0.999999940,0.000001378,-0.000000649,-0.000000017,0.000026416,-0.000015855,-0.000053073,0.002107370,0.000265265,-0.000005115,-0.000000073,-0.000000093,0.170000005
457,1.929167,-0.000000072,-0.000000093,0.370000005,0.999999940,0.000001321,-0.000000595,-0.000000015,0.000026520,-0.000015808,-0.000053116,0.002107473,0.000267631,-0.000005095,-0.000000072,-0.000000093,0.170000005
458,1.933333,-0.000000072,-0.000000092,0.370000005,0.999999940,0.000001255,-0.000000550,-0.000000014,0.000026419,-0.000015766,-0.000053052,0.002104819,0.000265023,-0.000005200,-0.000000072,-0.000000092,0.170000005
459,1.937500,-0.000000071,-0.000000094,0.370000005,1.000000000,0.000001357,-0.000000606,-0.000000013,0.000026501,-0.000015971,-0.000053058,0.002109144,0.000268372,-0.000004866,-0.000000071,-0.000000094,0.170000005
460,1.941667,-0.000000073,-0.000000094,0.370000005,1.000000000,0.000001317,-0.000000736,0.000000002,0.000025996,-0.000016159,-0.000052992,0.002110968,0.000256652,-0.000005192,-0.000000073,-0.000000094,0.170000005
461,1.945833,-0.000000074,-0.000000093,0.370000005,1.000000000,0.000001362,-0.000000761,0.000000017,0.000026509,-0.000015730,-0.000053060,0.002104690,0.000266769,-0.000005132,-0.000000074,-0.000000093,0.170000005
462,1.950000,-0.000000074,-0.000000094,0.370000005,1.000000000,0.000001369,-0.000000624,-0.000000029,0.000026365,-0.000015965,-0.000053070,0.002109465,0.000264631,-0.000005043,-0.000000074,-0.000000094,0.170000005
463,1.954167,-0.000000072,-0.000000094,0.370000005,1.000000000,0.000001311,-0.000000578,-0.000000026,0.000026672,-0.000015801,-0.000053148,0.002108283,0.000271402,-0.000004950,-0.000000072,-0.000000094,0.170000005
464,1.958333,-0.000000072,-0.000000093,0.370000005,1.000000000,0.000001245,-0.000000533,-0.000000025,0.000026429,-0.000015746,-0.000053055,0.002104413,0.000265255,-0.000005216,-0.000000072,-0.000000093,0.170000005
465,1.962500,-0.000000072,-0.000000094,0.370000005,0.999999940,0.000001368,-0.000000771,0.000000013,0.000026401,-0.000015934,-0.000053017,0.002107239,0.000265675,-0.000004988,-0.000000072,-0.000000094,0.170000005
466,1.966667,-0.000000071,-0.000000094,0.370000005,0.999999940,0.000001376,-0.000000636,-0.000000009,0.000026565,-0.000015779,-0.000053111,0.002106912,0.000268487,-0.000005063,-0.000000071,-0.000000094,0.170000005
467,1.970833,-0.000000072,-0.000000094,0.370000005,0.999999940,0.000001315,-0.000000581,-0.000000032,0.000026185,-0.000015982,-0.000053032,0.002108509,0.000260428,-0.000005211,-0.000000072,-0.000000094,0.170000005
468,1.975000,-0.000000072,-0.000000093,0.370000005,0.999999940,0.000001250,-0.000000537,-0.000000019,0.000026581,-0.000015701,-0.000053092,0.002104709,0.000268614,-0.000005120,-0.000000072,-0.000000093,0.170000005
469,1.979167,-0.000000071,-0.000000093,0.370000005,1.000000000,0.000001348,-0.000000597,-0.000000030,0.000026570,-0.000015832,-0.000053053,0.002106149,0.000269432,-0.000004936,-0.000000071,-0.000000093,0.170000005
470,1.983333,-0.000000072,-0.000000094,0.370000005,1.000000000,0.000001287,-0.000000548,-0.000000017,0.000026182,-0.000016048,-0.000053027,0.002109732,0.000260738,-0.000005140,-0.000000072,-0.000000094,0.170000005
471,1.987500,-0.000000072,-0.000000094,0.370000005,0.999999940,0.000001367,-0.000000625,-0.000000017,0.000026376,-0.000015960,-0.000053041,0.002108515,0.000265037,-0.000005014,-0.000000072,-0.000000094,0.170000005
472,1.991667,-0.000000071,-0.000000092,0.370000005,0.999999940,0.000001304,-0.000000572,-0.000000027,0.000026684,-0.000015457,-0.000053118,0.002100554,0.000269725,-0.000005303,-0.000000071,-0.000000092,0.170000005
473,1.995833,-0.000000072,-0.000000093,0.370000005,0.999999940,0.000001238,-0.000000531,-0.000000026,0.000026122,-0.000016175,-0.000052993,0.002111305,0.000260088,-0.000005027,-0.000000072,-0.000000093,0.170000005
474,2.000000,-0.000000070,-0.000000093,0.370000005,1.000000000,0.000001337,-0.000000592,-0.000000014,0.000026796,-0.000015641,-0.000053103,0.002103958,0.000273723,-0.000004939,-0.000000070,-0.000000093,0.170000005
475,2.004167,-0.000000072,-0.000000093,0.370000005,1.000000000,0.000001295,-0.000000726,0.000000024,0.000025995,-0.000016146,-0.000052972,0.002110084,0.000256742,-0.000005196,-0.000000072,-0.000000093,0.170000005
476,2.008333,-0.000000072,-0.000000094,0.370000005,1.000000000,0.000001342,-0.000000756,0.000000016,0.000026431,-0.000015940,-0.000053049,0.002108532,0.000266114,-0.000004966,-0.000000072,-0.000000094,0.170000005
477,2.012500,-0.000000074,-0.000000092,0.370000005,1.000000000,0.000001365,-0.000000800,0.000000007,0.000026338,-0.000015726,-0.000053035,0.002103714,0.000262611,-0.000005318,-0.000000074,-0.000000092,0.170000005
478,2.016667,-0.000000074,-0.000000094,0.370000005,1.000000000,0.000001395,-0.000000640,-0.000000015,0.000026303,-0.000016172,-0.000053058,0.002113405,0.000264193,-0.000004870,-0.000000074,-0.000000094,0.170000005
479,2.020833,-0.000000071,-0.000000094,0.370000005,1.000000000,0.000001337,-0.000000590,-0.000000024,0.000026904,-0.000015517,-0.000053198,0.002104069,0.000275465,-0.000005049,-0.000000071,-0.000000094,0.170000005
480,2.025000,-0.000000073,-0.000000094,0.370000005,1.000000000,0.000001295,-0.000000724,0.000000014,0.000025992,-0.000016143,-0.000052970,0.002109823,0.000256783,-0.000005199,-0.000000073,-0.000000094,0.170000005
481,2.029167,-0.000000073,-0.000000094,0.370000005,1.000000000,0.000001340,-0.000000754,0.000000017,0.000026496,-0.000015812,-0.000053053,0.002106086,0.000266972,-0.000005042,-0.000000073,-0.000000094,0.170000005
482,2.033333,-0.000000074,-0.000000094,0.370000005,1.000000000,0.000001366,-0.000000800,0.000000009,0.000026248,-0.000015941,-0.000053030,0.002107737,0.000261677,-0.000005170,-0.000000074,-0.000000094,0.170000005
483,2.037500,-0.000000072,-0.000000095,0.370000005,1.000000000,0.000001398,-0.000000641,-0.000000024,0.000026875,-0.000015704,-0.000053183,0.002107673,0.000275668,-0.000004843,-0.000000072,-0.000000095,0.170000005
484,2.041667,-0.000000073,-0.000000094,0.370000005,1.000000000,0.000001339,-0.000000583,-0.000000023,0.000026177,-0.000015964,-0.000053039,0.002108259,0.000260123,-0.000005254,-0.000000073,-0.000000094,0.170000005
485,2.045833,-0.000000073,-0.000000093,0.370000005,1.000000000,0.000001274,-0.000000537,-0.000000022,0.000026447,-0.000015762,-0.000053061,0.002105093,0.000265660,-0.000005180,-0.000000073,-0.000000093,0.170000005
486,2.050000,-0.000000073,-0.000000094,0.370000005,0.999999940,0.000001354,-0.000000616,-0.000000022,0.000026369,-0.000015955,-0.000053034,0.002108166,0.000264934,-0.000005022,-0.000000073,-0.000000094,0.170000005
487,2.054167,-0.000000072,-0.000000094,0.370000005,0.999999940,0.000001292,-0.000000569,-0.000000020,0.000026540,-0.000015792,-0.000053101,0.002106731,0.000268116,-0.000005072,-0.000000072,-0.000000094,0.170000005
488,2.058333,-0.000000071,-0.000000093,0.370000005,1.000000000,0.000001374,-0.000000645,-0.000000019,0.000026554,-0.000015773,-0.000053078,0.002105725,0.000268486,-0.000005053,-0.000000071,-0.000000093,0.170000005
489,2.062500,-0.000000073,-0.000000094,0.370000005,1.000000000,0.000001335,-0.000000772,0.000000020,0.000025984,-0.000016168,-0.000052995,0.002111174,0.000256445,-0.000005205,-0.000000073,-0.000000094,0.170000005
490,2.066667,-0.000000073,-0.000000095,0.370000005,1.000000000,0.000001361,-0.000000613,-0.000000026,0.000026412,-0.000015955,-0.000053066,0.002109298,0.000265662,-0.000004991,-0.000000073,-0.000000095,0.170000005
491,2.070833,-0.000000074,-0.000000094,0.370000005,1.000000000,0.000001298,-0.000000562,-0.000000026,0.000026213,-0.000015962,-0.000053030,0.002108117,0.000261004,-0.000005202,-0.000000074,-0.000000094,0.170000005
492,2.075000,-0.000000074,-0.000000092,0.370000005,0.999999940,0.000001378,-0.000000635,-0.000000025,0.000026670,-0.000015552,-0.000053090,0.002101730,0.000269989,-0.000005180,-0.000000074,-0.000000092,0.170000005
493,2.079167,-0.000000074,-0.000000092,0.370000005,0.999999940,0.000001317,-0.000000584,-0.000000012,0.000026371,-0.000015870,-0.000053065,0.002107207,0.000264423,-0.000005156,-0.000000074,-0.000000092,0.170000005
494,2.083333,-0.000000071,-0.000000093,0.370000005,0.999999940,0.000001255,-0.000000547,-0.000000021,0.000026868,-0.000015690,-0.000053166,0.002106582,0.000275710,-0.000004855,-0.000000071,-0.000000093,0.170000005
495,2.087500,-0.000000072,-0.000000093,0.370000005,1.000000000,0.000001377,-0.000000780,0.000000016,0.000026231,-0.000015926,-0.000052983,0.002106041,0.000261471,-0.000005172,-0.000000072,-0.000000093,0.170000005
496,2.091667,-0.000000072,-0.000000093,0.370000005,1.000000000,0.000001385,-0.000000642,-0.000000029,0.000026375,-0.000015972,-0.000053077,0.002109866,0.000264832,-0.000005031,-0.000000072,-0.000000093,0.170000005
497,2.095833,-0.000000071,-0.000000093,0.370000005,1.000000000,0.000001328,-0.000000589,-0.000000027,0.000026536,-0.000015793,-0.000053121,0.002107420,0.000267906,-0.000005100,-0.000000071,-0.000000093,0.170000005
498,2.100000,-0.000000073,-0.000000094,0.370000005,1.000000000,0.000001286,-0.000000722,0.000000011,0.000026005,-0.000016153,-0.000052977,0.002110452,0.000256941,-0.000005181,-0.000000073,-0.000000094,0.170000005
499,2.104167,-0.000000073,-0.000000094,0.370000005,1.000000000,0.000001333,-0.000000753,0.000000003,0.000026431,-0.000015939,-0.000053049,0.002108504,0.000266135,-0.000004968,-0.000000073,-0.000000094,0.170000005
500,2.108333,-0.000000073,-0.000000094,0.370000005,1.000000000,0.000001358,-0.000000597,-0.000000020,0.000026610,-0.000015741,-0.000053097,0.002105807,0.000269463,-0.000005036,-0.000000073,-0.000000094,0.170000005
501,2.112500,-0.000000072,-0.000000094,0.370000005,1.000000000,0.000001296,-0.000000551,-0.000000018,0.000026548,-0.000015772,-0.000053098,0.002106228,0.000268271,-0.000005083,-0.000000072,-0.000000094,0.170000005
502,2.116667,-0.000000071,-0.000000094,0.370000005,0.999999940,0.000001377,-0.000000627,-0.000000017,0.000026569,-0.000015759,-0.000053081,0.002105472,0.000268811,-0.000005054,-0.000000071,-0.000000094,0.170000005
503,2.120833,-0.000000072,-0.000000094,0.370000005,0.999999940,0.000001318,-0.000000574,-0.000000028,0.000026160,-0.000016071,-0.000053033,0.002110363,0.000260244,-0.000005141,-0.000000072,-0.000000094,0.170000005
504,2.125000,-0.000000070,-0.000000092,0.370000005,1.000000000,0.000001399,-0.000000645,-0.000000027,0.000026861,-0.000015374,-0.000053137,0.002099538,0.000273685,-0.000005205,-0.000000070,-0.000000092,0.170000005
505,2.129167,-0.000000071,-0.000000094,0.370000005,1.000000000,0.000001343,-0.000000590,-0.000000014,0.000026068,-0.000016275,-0.000053030,0.002114263,0.000259196,-0.000005018,-0.000000071,-0.000000094,0.170000005
506,2.133333,-0.000000072,-0.000000095,0.370000005,1.000000000,0.000001282,-0.000000540,-0.000000024,0.000026160,-0.000016096,-0.000053034,0.002111052,0.000260242,-0.000005112,-0.000000072,-0.000000095,0.170000005
507,2.137500,-0.000000072,-0.000000094,0.370000005,0.999999940,0.000001382,-0.000000798,0.000000014,0.000026466,-0.000015745,-0.000053047,0.002104396,0.000266035,-0.000005161,-0.000000072,-0.000000094,0.170000005
508,2.141667,-0.000000072,-0.000000092,0.370000005,0.999999940,0.000001390,-0.000000657,-0.000000020,0.000026620,-0.000015661,-0.000053121,0.002104861,0.000269206,-0.000005141,-0.000000072,-0.000000092,0.170000005
509,2.145833,-0.000000073,-0.000000092,0.370000005,0.999999940,0.000001331,-0.000000599,-0.000000019,0.000026173,-0.000015989,-0.000053037,0.002108787,0.000260109,-0.000005227,-0.000000073,-0.000000092,0.170000005
510,2.150000,-0.000000073,-0.000000095,0.370000005,0.999999940,0.000001270,-0.000000557,-0.000000017,0.000026254,-0.000016208,-0.000053051,0.002113807,0.000263307,-0.000004888,-0.000000073,-0.000000095,0.170000005
511,2.154167,-0.000000072,-0.000000093,0.370000005,1.000000000,0.000001368,-0.000000609,-0.000000017,0.000026681,-0.000015539,-0.000053076,0.002101098,0.000270251,-0.000005168,-0.000000072,-0.000000093,0.170000005
512,2.158333,-0.000000072,-0.000000094,0.370000005,1.000000000,0.000001307,-0.000000563,-0.000000027,0.000026309,-0.000016064,-0.000053055,0.002110858,0.000264015,-0.000004991,-0.000000072,-0.000000094,0.170000005
513,2.162500,-0.000000073,-0.000000093,0.370000005,0.999999940,0.000001409,-0.000000815,0.000000022,0.000026299,-0.000015821,-0.000053019,0.002105029,0.000262375,-0.000005250,-0.000000073,-0.000000093,0.170000005
514,2.166667,-0.000000072,-0.000000092,0.370000005,0.999999940,0.000001270,-0.000000557,-0.000000034,0.000026618,-0.000015674,-0.000053132,0.002105478,0.000269111,-0.000005135,-0.000000072,-0.000000092,0.170000005
515,2.170833,-0.000000071,-0.000000094,0.370000005,1.000000000,0.000001373,-0.000000616,-0.000000021,0.000026468,-0.000016054,-0.000053057,0.002110714,0.000268105,-0.000004811,-0.000000071,-0.000000094,0.170000005
516,2.175000,-0.000000073,-0.000000093,0.370000005,1.000000000,0.000001331,-0.000000740,0.000000017,0.000026073,-0.000015951,-0.000053005,0.002107223,0.000257357,-0.000005361,-0.000000073,-0.000000093,0.170000005
517,2.179167,-0.000000074,-0.000000094,0.370000005,1.000000000,0.000001358,-0.000000789,0.000000020,0.000026209,-0.000016073,-0.000053020,0.002110312,0.000261316,-0.000005057,-0.000000074,-0.000000094,0.170000005
518,2.183333,-0.000000073,-0.000000096,0.370000005,1.000000000,0.000001389,-0.000000633,-0.000000013,0.000026671,-0.000015897,-0.000053140,0.002110219,0.000271746,-0.000004824,-0.000000073,-0.000000096,0.170000005
519,2.187500,-0.000000073,-0.000000096,0.370000005,1.000000000,0.000001329,-0.000000581,-0.000000024,0.000026345,-0.000015887,-0.000053070,0.002107597,0.000263882,-0.000005168,-0.000000073,-0.000000096,0.170000005
520,2.191667,-0.000000073,-0.000000094,0.370000005,1.000000000,0.000001263,-0.000000535,-0.000000023,0.000026441,-0.000015757,-0.000053059,0.002104849,0.000265504,-0.000005189,-0.000000073,-0.000000094,0.170000005
521,2.195833,-0.000000073,-0.000000093,0.370000005,0.999999940,0.000001341,-0.000000611,-0.000000023,0.000026458,-0.000015740,-0.000053037,0.002103918,0.000265975,-0.000005168,-0.000000073,-0.000000093,0.170000005
522,2.200000,-0.000000072,-0.000000093,0.370000005,0.999999940,0.000001279,-0.000000565,-0.000000021,0.000026539,-0.000015793,-0.000053095,0.002106601,0.000268093,-0.000005068,-0.000000072,-0.000000093,0.170000005
523,2.204167,-0.000000071,-0.000000092,0.370000005,1.000000000,0.000001380,-0.000000618,-0.000000020,0.000026790,-0.000015557,-0.000053109,0.002102328,0.000273160,-0.000005047,-0.000000071,-0.000000092,0.170000005
524,2.208333,-0.000000073,-0.000000094,0.370000005,1.000000000,0.000001322,-0.000000564,-0.000000019,0.000025888,-0.000016379,-0.000052985,0.002115030,0.000255352,-0.000005068,-0.000000073,-0.000000094,0.170000005
525,2.212500,-0.000000073,-0.000000093,0.370000005,1.000000000,0.000001257,-0.000000518,-0.000000018,0.000026455,-0.000015766,-0.000053072,0.002105566,0.000265711,-0.000005177,-0.000000073,-0.000000093,0.170000005
526,2.216667,-0.000000074,-0.000000094,0.370000005,0.999999940,0.000001358,-0.000000779,0.000000008,0.000026189,-0.000016059,-0.000052986,0.002108732,0.000261163,-0.000005067,-0.000000074,-0.000000094,0.170000005
527,2.220833,-0.000000070,-0.000000095,0.370000005,0.999999940,0.000001388,-0.000000627,-0.000000013,0.000027060,-0.000015600,-0.000053215,0.002106486,0.000279711,-0.000004774,-0.000000070,-0.000000095,0.170000005
528,2.225000,-0.000000071,-0.000000094,0.370000005,0.999999940,0.000001326,-0.000000572,-0.000000024,0.000026230,-0.000015839,-0.000053030,0.002105471,0.000260811,-0.000005321,-0.000000071,-0.000000094,0.170000005
529,2.229167,-0.000000071,-0.000000093,0.370000005,0.999999940,0.000001262,-0.000000527,-0.000000011,0.000026405,-0.000015865,-0.000053056,0.002107010,0.000265206,-0.000005107,-0.000000071,-0.000000093,0.170000005
530,2.233333,-0.000000073,-0.000000093,0.370000005,1.000000000,0.000001361,-0.000000785,0.000000014,0.000026087,-0.000016021,-0.000052957,0.002107272,0.000258333,-0.000005205,-0.000000073,-0.000000093,0.170000005
531,2.237500,-0.000000074,-0.000000095,0.370000005,1.000000000,0.000001390,-0.000000623,-0.000000020,0.000026336,-0.000016088,-0.000053066,0.002111934,0.000264517,-0.000004933,-0.000000074,-0.000000095,0.170000005
532,2.241667,-0.000000074,-0.000000094,0.370000005,1.000000000,0.000001329,-0.000000570,-0.000000019,0.000026420,-0.000015769,-0.000053080,0.002105748,0.000264909,-0.000005226,-0.000000074,-0.000000094,0.170000005
533,2.245833,-0.000000072,-0.000000094,0.370000005,1.000000000,0.000001266,-0.000000531,-0.000000017,0.000026692,-0.000015786,-0.000053126,0.002107308,0.000271959,-0.000004920,-0.000000072,-0.000000094,0.170000005
534,2.250000,-0.000000072,-0.000000093,0.370000005,0.999999940,0.000001344,-0.000000608,-0.000000016,0.000026447,-0.000015730,-0.000053036,0.002103579,0.000265724,-0.000005193,-0.000000072,-0.000000093,0.170000005
535,2.254167,-0.000000071,-0.000000093,0.370000005,0.999999940,0.000001282,-0.000000562,-0.000000015,0.000026539,-0.000015793,-0.000053094,0.002106627,0.000268114,-0.000005066,-0.000000071,-0.000000093,0.170000005
536,2.258333,-0.000000072,-0.000000093,0.370000005,1.000000000,0.000001407,-0.000000792,0.000000012,0.000026386,-0.000015870,-0.000053030,0.002106355,0.000264860,-0.000005095,-0.000000072,-0.000000093,0.170000005
537,2.262500,-0.000000073,-0.000000093,0.370000005,1.000000000,0.000001290,-0.000000714,0.000000027,0.000026017,-0.000016160,-0.000053009,0.002111622,0.000257030,-0.000005184,-0.000000073,-0.000000093,0.170000005
538,2.266667,-0.000000074,-0.000000094,0.370000005,1.000000000,0.000001337,-0.000000745,0.000000019,0.000026431,-0.000015938,-0.000053049,0.002108468,0.000266107,-0.000004969,-0.000000074,-0.000000094,0.170000005
539,2.270833,-0.000000072,-0.000000092,0.370000005,1.000000000,0.000001340,-0.000000614,-0.000000015,0.000026829,-0.000015465,-0.000053141,0.002101598,0.000273298,-0.000005135,-0.000000072,-0.000000092,0.170000005
540,2.275000,-0.000000072,-0.000000092,0.370000005,1.000000000,0.000001277,-0.000000566,-0.000000025,0.000026392,-0.000015843,-0.000053057,0.002106365,0.000264908,-0.000005147,-0.000000072,-0.000000092,0.170000005
541,2.279167,-0.000000072,-0.000000094,0.370000005,1.000000000,0.000001234,-0.000000503,-0.000000024,0.000026292,-0.000016166,-0.000053033,0.002112366,0.000264194,-0.000004870,-0.000000072,-0.000000094,0.170000005
542,2.283333,-0.000000072,-0.000000093,0.370000005,0.999999940,0.000001331,-0.000000768,0.000000014,0.000026478,-0.000015723,-0.000053030,0.002103379,0.000266366,-0.000005153,-0.000000072,-0.000000093,0.170000005
543,2.287500,-0.000000071,-0.000000093,0.370000005,0.999999940,0.000001356,-0.000000612,-0.000000009,0.000026595,-0.000015757,-0.000053089,0.002105874,0.000269242,-0.000005028,-0.000000071,-0.000000093,0.170000005
544,2.291667,-0.000000073,-0.000000093,0.370000005,0.999999940,0.000001314,-0.000000741,0.000000018,0.000026042,-0.000016047,-0.000052988,0.002108570,0.000257265,-0.000005266,-0.000000073,-0.000000093,0.170000005
545,2.295833,-0.000000073,-0.000000093,0.370000005,0.999999940,0.000001337,-0.000000587,-0.000000028,0.000026620,-0.000015761,-0.000053090,0.002106098,0.000269760,-0.000004987,-0.000000073,-0.000000093,0.170000005
546,2.300000,-0.000000073,-0.000000093,0.370000005,0.999999940,0.000001273,-0.000000544,-0.000000027,0.000026327,-0.000015979,-0.000053047,0.002108924,0.000264021,-0.000005060,-0.000000073,-0.000000093,0.170000005
547,2.304167,-0.000000073,-0.000000092,0.370000005,1.000000000,0.000001374,-0.000000802,0.000000011,0.000026445,-0.000015754,-0.000053040,0.002104272,0.000265685,-0.000005169,-0.000000073,-0.000000092,0.170000005
548,2.308333,-0.000000072,-0.000000095,0.370000005,1.000000000,0.000001258,-0.000000527,-0.000000021,0.000026440,-0.000016102,-0.000053101,0.002113147,0.000267205,-0.000004828,-0.000000072,-0.000000095,0.170000005
549,2.312500,-0.000000073,-0.000000094,0.370000005,0.999999940,0.000001356,-0.000000786,0.000000004,0.000026274,-0.000015837,-0.000052997,0.002104697,0.000261957,-0.000005235,-0.000000073,-0.000000094,0.170000005
550,2.316667,-0.000000073,-0.000000094,0.370000005,0.999999940,0.000001384,-0.000000626,-0.000000029,0.000026569,-0.000015860,-0.000053103,0.002108430,0.000269048,-0.000004952,-0.000000073,-0.000000094,0.170000005
551,2.320833,-0.000000072,-0.000000093,0.370000005,0.999999940,0.000001323,-0.000000576,-0.000000016,0.000026547,-0.000015704,-0.000053104,0.002105040,0.000267830,-0.000005174,-0.000000072,-0.000000093,0.170000005
552,2.325000,-0.000000071,-0.000000093,0.370000005,0.999999940,0.000001259,-0.000000533,-0.000000038,0.000026547,-0.000015782,-0.000053087,0.002106077,0.000268386,-0.000005055,-0.000000071,-0.000000093,0.170000005
553,2.329167,-0.000000073,-0.000000093,0.370000005,1.000000000,0.000001358,-0.000000791,0.000000010,0.000026041,-0.000016054,-0.000052947,0.002107513,0.000257444,-0.000005218,-0.000000073,-0.000000093,0.170000005
554,2.333333,-0.000000073,-0.000000094,0.370000005,1.000000000,0.000001387,-0.000000629,-0.000000012,0.000026400,-0.000015962,-0.000053072,0.002109661,0.000265279,-0.000005007,-0.000000073,-0.000000094,0.170000005
555,2.337500,-0.000000073,-0.000000095,0.370000005,1.000000000,0.000001329,-0.000000579,-0.000000022,0.000026266,-0.000016112,-0.000053068,0.002112245,0.000263034,-0.000005000,-0.000000073,-0.000000095,0.170000005
556,2.341667,-0.000000074,-0.000000094,0.370000005,1.000000000,0.000001263,-0.000000533,-0.000000021,0.000026442,-0.000015756,-0.000053064,0.002105044,0.000265428,-0.000005196,-0.000000074,-0.000000094,0.170000005
557,2.345833,-0.000000072,-0.000000093,0.370000005,0.999999940,0.000001342,-0.000000614,-0.000000020,0.000026799,-0.000015554,-0.000053111,0.002102300,0.000273368,-0.000005043,-0.000000072,-0.000000093,0.170000005
558,2.350000,-0.000000071,-0.000000093,0.370000005,0.999999940,0.000001280,-0.000000568,-0.000000018,0.000026527,-0.000015784,-0.000053089,0.002106161,0.000267880,-0.000005089,-0.000000071,-0.000000093,0.170000005
559,2.354167,-0.000000071,-0.000000093,0.370000005,1.000000000,0.000001405,-0.000000799,0.000000008,0.000026386,-0.000015871,-0.000053030,0.002106337,0.000264896,-0.000005093,-0.000000071,-0.000000093,0.170000005
560,2.358333,-0.000000073,-0.000000093,0.370000005,1.000000000,0.000001288,-0.000000721,0.000000023,0.000026016,-0.000016161,-0.000053008,0.002111643,0.000256959,-0.000005183,-0.000000073,-0.000000093,0.170000005
561,2.362500,-0.000000073,-0.000000094,0.370000005,1.000000000,0.000001335,-0.000000752,0.000000015,0.000026430,-0.000015938,-0.000053049,0.002108495,0.000266065,-0.000004968,-0.000000073,-0.000000094,0.170000005
562,2.366667,-0.000000074,-0.000000092,0.370000005,1.000000000,0.000001358,-0.000000797,0.000000018,0.000026488,-0.000015651,-0.000053069,0.002103172,0.000265909,-0.000005259,-0.000000074,-0.000000092,0.170000005
563,2.370833,-0.000000073,-0.000000096,0.370000005,1.000000000,0.000001390,-0.000000641,-0.000000026,0.000026425,-0.000016184,-0.000053092,0.002114589,0.000267313,-0.000004738,-0.000000073,-0.000000096,0.170000005
564,2.375000,-0.000000072,-0.000000094,0.370000005,1.000000000,0.000001330,-0.000000586,-0.000000025,0.000026620,-0.000015571,-0.000053130,0.002103163,0.000268757,-0.000005262,-0.000000072,-0.000000094,0.170000005
565,2.379167,-0.000000072,-0.000000094,0.370000005,1.000000000,0.000001266,-0.000000542,-0.000000024,0.000026344,-0.000015968,-0.000053046,0.002108702,0.000264361,-0.000005050,-0.000000072,-0.000000094,0.170000005
566,2.383333,-0.000000072,-0.000000093,0.370000005,0.999999940,0.000001366,-0.000000800,0.000000015,0.000026459,-0.000015740,-0.000053043,0.002104090,0.000265938,-0.000005172,-0.000000072,-0.000000093,0.170000005
567,2.387500,-0.000000070,-0.000000093,0.370000005,0.999999940,0.000001396,-0.000000639,-0.000000019,0.000026767,-0.000015663,-0.000053148,0.002105671,0.000272889,-0.000004986,-0.000000070,-0.000000093,0.170000005
568,2.391667,-0.000000072,-0.000000093,0.370000005,0.999999940,0.000001338,-0.000000581,-0.000000018,0.000026167,-0.000015984,-0.000053036,0.002108635,0.000259955,-0.000005240,-0.000000072,-0.000000093,0.170000005
569,2.395833,-0.000000073,-0.000000093,0.370000005,0.999999940,0.000001274,-0.000000534,-0.000000029,0.000026193,-0.000016066,-0.000053023,0.002110073,0.000261073,-0.000005095,-0.000000073,-0.000000093,0.170000005
570,2.400000,-0.000000072,-0.000000093,0.370000005,1.000000000,0.000001353,-0.000000613,-0.000000005,0.000026573,-0.000015773,-0.000053077,0.002105806,0.000268854,-0.000005031,-0.000000072,-0.000000093,0.170000005
571,2.404167,-0.000000072,-0.000000094,0.370000005,1.000000000,0.000001292,-0.000000566,-0.000000026,0.000026336,-0.000015974,-0.000053060,0.002109187,0.000264211,-0.000005065,-0.000000072,-0.000000094,0.170000005
572,2.408333,-0.000000073,-0.000000094,0.370000005,0.999999940,0.000001395,-0.000000819,0.000000012,0.000026235,-0.000015949,-0.000053013,0.002107438,0.000261479,-0.000005172,-0.000000073,-0.000000094,0.170000005
573,2.412500,-0.000000071,-0.000000094,0.370000005,0.999999940,0.000001279,-0.000000539,-0.000000021,0.000026724,-0.000015712,-0.000053154,0.002106988,0.000271912,-0.000004989,-0.000000071,-0.000000094,0.170000005
574,2.416667,-0.000000072,-0.000000092,0.370000005,1.000000000,0.000001378,-0.000000795,0.000000005,0.000026281,-0.000015819,-0.000053000,0.002104299,0.000262124,-0.000005251,-0.000000072,-0.000000092,0.170000005
575,2.420833,-0.000000073,-0.000000092,0.370000005,1.000000000,0.000001387,-0.000000653,-0.000000029,0.000026387,-0.000015890,-0.000053081,0.002108353,0.000264561,-0.000005113,-0.000000073,-0.000000092,0.170000005
576,2.425000,-0.000000073,-0.000000092,0.370000005,1.000000000,0.000001329,-0.000000597,-0.000000016,0.000026346,-0.000015905,-0.000053080,0.002108331,0.000263864,-0.000005159,-0.000000073,-0.000000092,0.170000005
577,2.429167,-0.000000073,-0.000000095,0.370000005,1.000000000,0.000001268,-0.000000555,-0.000000015,0.000026263,-0.000016189,-0.000053052,0.002113350,0.000263516,-0.000004900,-0.000000073,-0.000000095,0.170000005
578,2.433333,-0.000000073,-0.000000094,0.370000005,0.999999940,0.000001391,-0.000000789,0.000000012,0.000026458,-0.000015814,-0.000053042,0.002105615,0.000266281,-0.000005082,-0.000000073,-0.000000094,0.170000005
579,2.437500,-0.000000072,-0.000000092,0.370000005,0.999999940,0.000001398,-0.000000648,-0.000000034,0.000026645,-0.000015571,-0.000053120,0.002103039,0.000269264,-0.000005211,-0.000000072,-0.000000092,0.170000005
580,2.441667,-0.000000071,-0.000000092,0.370000005,0.999999940,0.000001340,-0.000000595,-0.000000032,0.000026514,-0.000015804,-0.000053108,0.002107177,0.000267528,-0.000005100,-0.000000071,-0.000000092,0.170000005
581,2.445833,-0.000000073,-0.000000092,0.370000005,0.999999940,0.000001277,-0.000000544,-0.000000031,0.000026194,-0.000015975,-0.000053023,0.002108161,0.000260590,-0.000005202,-0.000000073,-0.000000092,0.170000005
582,2.450000,-0.000000073,-0.000000094,0.370000005,1.000000000,0.000001359,-0.000000623,-0.000000019,0.000026335,-0.000016065,-0.000053038,0.002110495,0.000264697,-0.000004941,-0.000000073,-0.000000094,0.170000005
583,2.454167,-0.000000073,-0.000000094,0.370000005,1.000000000,0.000001300,-0.000000572,-0.000000017,0.000026332,-0.000015986,-0.000053078,0.002109922,0.000263989,-0.000005078,-0.000000073,-0.000000094,0.170000005
584,2.458333,-0.000000074,-0.000000093,0.370000005,0.999999940,0.000001401,-0.000000823,0.000000009,0.000026260,-0.000015860,-0.000053012,0.002105570,0.000261604,-0.000005239,-0.000000074,-0.000000093,0.170000005
585,2.462500,-0.000000070,-0.000000093,0.370000005,0.999999940,0.000001286,-0.000000549,-0.000000023,0.000027066,-0.000015527,-0.000053227,0.002105264,0.000279407,-0.000004860,-0.000000070,-0.000000093,0.170000005
586,2.466667,-0.000000072,-0.000000094,0.370000005,1.000000000,0.000001388,-0.000000805,0.000000014,0.000025989,-0.000016136,-0.000052949,0.002109079,0.000256747,-0.000005187,-0.000000072,-0.000000094,0.170000005
587,2.470833,-0.000000073,-0.000000094,0.370000005,1.000000000,0.000001249,-0.000000547,-0.000000019,0.000026221,-0.000016059,-0.000053058,0.002111143,0.000261349,-0.000005098,-0.000000073,-0.000000094,0.170000005
588,2.475000,-0.000000073,-0.000000092,0.370000005,0.999999940,0.000001347,-0.000000599,-0.000000019,0.000026700,-0.000015528,-0.000053076,0.002100888,0.000270661,-0.000005157,-0.000000073,-0.000000092,0.170000005
589,2.479167,-0.000000072,-0.000000092,0.370000005,0.999999940,0.000001285,-0.000000554,-0.000000018,0.000026531,-0.000015787,-0.000053089,0.002106275,0.000267997,-0.000005078,-0.000000072,-0.000000092,0.170000005
590,2.483333,-0.000000072,-0.000000093,0.370000005,1.000000000,0.000001365,-0.000000632,-0.000000017,0.000026349,-0.000015966,-0.000053031,0.002108241,0.000264546,-0.000005031,-0.000000072,-0.000000093,0.170000005
591,2.487500,-0.000000072,-0.000000094,0.370000005,1.000000000,0.000001306,-0.000000581,-0.000000016,0.000026332,-0.000015987,-0.000053075,0.002109929,0.000264015,-0.000005075,-0.000000072,-0.000000094,0.170000005
592,2.491667,-0.000000072,-0.000000093,0.370000005,1.000000000,0.000001242,-0.000000536,-0.000000026,0.000026377,-0.000015882,-0.000053056,0.002107319,0.000264538,-0.000005117,-0.000000072,-0.000000093,0.170000005
593,2.495833,-0.000000072,-0.000000094,0.370000005,0.999999940,0.000001365,-0.000000774,0.000000012,0.000026401,-0.000015933,-0.000053019,0.002107365,0.000265638,-0.000004992,-0.000000072,-0.000000094,0.170000005
594,2.500000,-0.000000072,-0.000000092,0.370000005,0.999999940,0.000001370,-0.000000637,-0.000000010,0.000026654,-0.000015563,-0.000053115,0.002102736,0.000269469,-0.000005209,-0.000000072,-0.000000092,0.170000005
595,2.504167,-0.000000073,-0.000000094,0.370000005,0.999999940,0.000001311,-0.000000584,-0.000000032,0.000026095,-0.000016198,-0.000053023,0.002112547,0.000259434,-0.000005061,-0.000000073,-0.000000094,0.170000005
596,2.508333,-0.000000072,-0.000000093,0.370000005,0.999999940,0.000001246,-0.000000540,-0.000000019,0.000026582,-0.000015701,-0.000053098,0.002104876,0.000268605,-0.000005126,-0.000000072,-0.000000093,0.170000005
597,2.512500,-0.000000071,-0.000000093,0.370000005,1.000000000,0.000001345,-0.000000600,-0.000000030,0.000026570,-0.000015832,-0.000053052,0.002106128,0.000269354,-0.000004933,-0.000000071,-0.000000093,0.170000005
598,2.516667,-0.000000073,-0.000000094,0.370000005,1.000000000,0.000001305,-0.000000730,0.000000031,0.000025991,-0.000016158,-0.000052987,0.002110786,0.000256561,-0.000005203,-0.000000073,-0.000000094,0.170000005
599,2.520833,-0.000000072,-0.000000095,0.370000005,1.000000000,0.000001329,-0.000000578,-0.000000026,0.000026573,-0.000015873,-0.000053090,0.002108457,0.000269195,-0.000004913,-0.000000072,-0.000000095,0.170000005
600,2.525000,-0.000000072,-0.000000094,0.370000005,1.000000000,0.000001263,-0.000000532,-0.000000025,0.000026432,-0.000015748,-0.000053058,0.002104542,0.000265319,-0.000005210,-0.000000072,-0.000000094,0.170000005
601,2.529167,-0.000000073,-0.000000094,0.370000005,0.999999940,0.000001343,-0.000000610,-0.000000024,0.000026369,-0.000015956,-0.000053034,0.002108097,0.000265007,-0.000005020,-0.000000073,-0.000000094,0.170000005
602,2.533333,-0.000000072,-0.000000092,0.370000005,0.999999940,0.000001279,-0.000000562,-0.000000023,0.000026629,-0.000015576,-0.000053104,0.002102550,0.000269095,-0.000005220,-0.000000072,-0.000000092,0.170000005
603,2.537500,-0.000000070,-0.000000092,0.370000005,1.000000000,0.000001381,-0.000000616,-0.000000010,0.000026764,-0.000015647,-0.000053105,0.002103999,0.000273066,-0.000004974,-0.000000070,-0.000000092,0.170000005
604,2.541667,-0.000000071,-0.000000095,0.370000005,1.000000000,0.000001324,-0.000000565,-0.000000021,0.000026080,-0.000016267,-0.000053028,0.002114103,0.000259444,-0.000005006,-0.000000071,-0.000000095,0.170000005
605,2.545833,-0.000000073,-0.000000093,0.370000005,1.000000000,0.000001278,-0.000000696,0.000000017,0.000026107,-0.000015946,-0.000052995,0.002106883,0.000258206,-0.000005313,-0.000000073,-0.000000093,0.170000005
606,2.550000,-0.000000074,-0.000000094,0.370000005,1.000000000,0.000001302,-0.000000753,0.000000020,0.000026227,-0.000016057,-0.000053002,0.002109401,0.000261831,-0.000005035,-0.000000074,-0.000000094,0.170000005
607,2.554167,-0.000000073,-0.000000095,0.370000005,1.000000000,0.000001326,-0.000000601,-0.000000014,0.000026603,-0.000015828,-0.000053093,0.002107556,0.000269718,-0.000004937,-0.000000073,-0.000000095,0.170000005
608,2.558333,-0.000000074,-0.000000093,0.370000005,1.000000000,0.000001281,-0.000000735,0.000000013,0.000026281,-0.000015822,-0.000053023,0.002105026,0.000262005,-0.000005270,-0.000000074,-0.000000093,0.170000005
609,2.562500,-0.000000073,-0.000000094,0.370000005,1.000000000,0.000001302,-0.000000587,-0.000000022,0.000026573,-0.000015859,-0.000053072,0.002107510,0.000269277,-0.000004914,-0.000000073,-0.000000094,0.170000005
610,2.566667,-0.000000073,-0.000000093,0.370000005,1.000000000,0.000001257,-0.000000519,-0.000000032,0.000026604,-0.000015660,-0.000053082,0.002103546,0.000269066,-0.000005124,-0.000000073,-0.000000093,0.170000005
611,2.570833,-0.000000073,-0.000000094,0.370000005,0.999999940,0.000001335,-0.000000601,-0.000000008,0.000026371,-0.000015943,-0.000053021,0.002107514,0.000265013,-0.000005025,-0.000000073,-0.000000094,0.170000005
612,2.575000,-0.000000072,-0.000000093,0.370000005,0.999999940,0.000001272,-0.000000554,-0.000000019,0.000026565,-0.000015704,-0.000053098,0.002104953,0.000268232,-0.000005141,-0.000000072,-0.000000093,0.170000005
613,2.579167,-0.000000071,-0.000000093,0.370000005,1.000000000,0.000001372,-0.000000609,-0.000000018,0.000026585,-0.000015751,-0.000053059,0.002104786,0.000269213,-0.000005022,-0.000000071,-0.000000093,0.170000005
614,2.583333,-0.000000072,-0.000000093,0.370000005,1.000000000,0.000001312,-0.000000556,-0.000000029,0.000026175,-0.000016056,-0.000053035,0.002110057,0.000260617,-0.000005143,-0.000000072,-0.000000093,0.170000005
615,2.587500,-0.000000072,-0.000000095,0.370000005,1.000000000,0.000001248,-0.000000516,-0.000000016,0.000026302,-0.000016095,-0.000053045,0.002111325,0.000263892,-0.000004955,-0.000000072,-0.000000095,0.170000005
616,2.591667,-0.000000072,-0.000000093,0.370000005,0.999999940,0.000001344,-0.000000777,0.000000010,0.000026535,-0.000015605,-0.000053043,0.002101354,0.000267116,-0.000005233,-0.000000072,-0.000000093,0.170000005
617,2.595833,-0.000000071,-0.000000093,0.370000005,0.999999940,0.000001372,-0.000000619,-0.000000023,0.000026735,-0.000015691,-0.000053129,0.002105667,0.000272329,-0.000004972,-0.000000071,-0.000000093,0.170000005
618,2.600000,-0.000000071,-0.000000092,0.370000005,0.999999940,0.000001311,-0.000000567,-0.000000010,0.000026366,-0.000015865,-0.000053068,0.002107166,0.000264330,-0.000005171,-0.000000071,-0.000000092,0.170000005
619,2.604167,-0.000000073,-0.000000092,0.370000005,1.000000000,0.000001414,-0.000000818,0.000000015,0.000026070,-0.000016038,-0.000052974,0.002108071,0.000257916,-0.000005226,-0.000000073,-0.000000092,0.170000005
620,2.608333,-0.000000073,-0.000000094,0.370000005,1.000000000,0.000001280,-0.000000561,-0.000000029,0.000026272,-0.000016208,-0.000053094,0.002115136,0.000263461,-0.000004901,-0.000000073,-0.000000094,0.170000005
621,2.612500,-0.000000072,-0.000000093,0.370000005,0.999999940,0.000001382,-0.000000611,-0.000000017,0.000026621,-0.000015657,-0.000053082,0.002103623,0.000269348,-0.000005113,-0.000000072,-0.000000093,0.170000005
622,2.616667,-0.000000071,-0.000000093,0.370000005,0.999999940,0.000001301,-0.000000586,-0.000000015,0.000026503,-0.000015810,-0.000053110,0.002107280,0.000267310,-0.000005107,-0.000000071,-0.000000093,0.170000005
623,2.620833,-0.000000072,-0.000000093,0.370000005,0.999999940,0.000001257,-0.000000517,-0.000000026,0.000026416,-0.000015842,-0.000053047,0.002106236,0.000265422,-0.000005105,-0.000000072,-0.000000093,0.170000005
624,2.625000,-0.000000073,-0.000000093,0.370000005,1.000000000,0.000001356,-0.000000777,0.000000012,0.000026236,-0.000015947,-0.000052989,0.002106695,0.000261670,-0.000005147,-0.000000073,-0.000000093,0.170000005
625,2.629167,-0.000000072,-0.000000093,0.370000005,1.000000000,0.000001385,-0.000000617,-0.000000022,0.000026584,-0.000015845,-0.000053109,0.002108332,0.000269308,-0.000004956,-0.000000072,-0.000000093,0.170000005
626,2.633333,-0.000000074,-0.000000094,0.370000005,1.000000000,0.000001347,-0.000000744,0.000000017,0.000025982,-0.000016166,-0.000052996,0.002111236,0.000256349,-0.000005213,-0.000000074,-0.000000094,0.170000005
627,2.637500,-0.000000072,-0.000000095,0.370000005,1.000000000,0.000001353,-0.000000615,-0.000000005,0.000026731,-0.000015784,-0.000053147,0.002108201,0.000272516,-0.000004891,-0.000000072,-0.000000095,0.170000005
628,2.641667,-0.000000072,-0.000000094,0.370000005,1.000000000,0.000001290,-0.000000566,-0.000000027,0.000026419,-0.000015752,-0.000053063,0.002104823,0.000264978,-0.000005226,-0.000000072,-0.000000094,0.170000005
629,2.645833,-0.000000073,-0.000000093,0.370000005,0.999999940,0.000001393,-0.000000819,0.000000011,0.000026235,-0.000015949,-0.000053008,0.002107242,0.000261557,-0.000005166,-0.000000073,-0.000000093,0.170000005
630,2.650000,-0.000000072,-0.000000094,0.370000005,0.999999940,0.000001424,-0.000000655,-0.000000023,0.000026519,-0.000015905,-0.000053107,0.002109494,0.000267985,-0.000004966,-0.000000072,-0.000000094,0.170000005
631,2.654167,-0.000000072,-0.000000092,0.370000005,0.999999940,0.000001345,-0.000000621,-0.000000021,0.000026573,-0.000015609,-0.000053138,0.002104054,0.000267796,-0.000005286,-0.000000072,-0.000000092,0.170000005
632,2.658333,-0.000000073,-0.000000092,0.370000005,0.999999940,0.000001282,-0.000000570,-0.000000020,0.000026195,-0.000015976,-0.000053018,0.002107998,0.000260660,-0.000005194,-0.000000073,-0.000000092,0.170000005
633,2.662500,-0.000000071,-0.000000095,0.370000005,1.000000000,0.000001388,-0.000000626,-0.000000018,0.000026624,-0.000015999,-0.000053107,0.002111238,0.000271374,-0.000004733,-0.000000071,-0.000000095,0.170000005
634,2.666667,-0.000000073,-0.000000093,0.370000005,1.000000000,0.000001346,-0.000000750,0.000000020,0.000026068,-0.000015946,-0.000053004,0.002106954,0.000257247,-0.000005370,-0.000000073,-0.000000093,0.170000005
635,2.670833,-0.000000074,-0.000000093,0.370000005,1.000000000,0.000001373,-0.000000795,0.000000011,0.000026265,-0.000015955,-0.000053035,0.002108326,0.000262025,-0.000005139,-0.000000074,-0.000000093,0.170000005
636,2.675000,-0.000000072,-0.000000094,0.370000005,1.000000000,0.000001405,-0.000000637,-0.000000022,0.000026875,-0.000015704,-0.000053183,0.002107623,0.000275637,-0.000004845,-0.000000072,-0.000000094,0.170000005
637,2.679167,-0.000000073,-0.000000094,0.370000005,1.000000000,0.000001346,-0.000000579,-0.000000021,0.000026177,-0.000015964,-0.000053040,0.002108254,0.000260153,-0.000005253,-0.000000073,-0.000000094,0.170000005
638,2.683333,-0.000000073,-0.000000095,0.370000005,1.000000000,0.000001283,-0.000000535,-0.000000019,0.000026358,-0.000015978,-0.000053056,0.002109310,0.000264642,-0.000005033,-0.000000073,-0.000000095,0.170000005
639,2.687500,-0.000000073,-0.000000093,0.370000005,0.999999940,0.000001383,-0.000000793,0.000000019,0.000026459,-0.000015739,-0.000053043,0.002104057,0.000265929,-0.000005172,-0.000000073,-0.000000093,0.170000005
640,2.691667,-0.000000072,-0.000000093,0.370000005,0.999999940,0.000001392,-0.000000654,-0.000000026,0.000026557,-0.000015788,-0.000053115,0.002107242,0.000268343,-0.000005063,-0.000000072,-0.000000093,0.170000005
641,2.695833,-0.000000071,-0.000000093,0.370000005,0.999999940,0.000001334,-0.000000600,-0.000000024,0.000026515,-0.000015804,-0.000053113,0.002107272,0.000267550,-0.000005104,-0.000000071,-0.000000093,0.170000005
642,2.700000,-0.000000072,-0.000000093,0.370000005,0.999999940,0.000001271,-0.000000550,-0.000000024,0.000026195,-0.000015975,-0.000053023,0.002108115,0.000260676,-0.000005201,-0.000000072,-0.000000093,0.170000005
643,2.704167,-0.000000072,-0.000000093,0.370000005,1.000000000,0.000001371,-0.000000604,-0.000000023,0.000026597,-0.000015760,-0.000053067,0.002105280,0.000269470,-0.000005003,-0.000000072,-0.000000093,0.170000005
644,2.708333,-0.000000073,-0.000000094,0.370000005,1.000000000,0.000001310,-0.000000555,-0.000000022,0.000026118,-0.000016174,-0.000053021,0.002112078,0.000259875,-0.000005061,-0.000000073,-0.000000094,0.170000005
645,2.712500,-0.000000072,-0.000000094,0.370000005,0.999999940,0.000001392,-0.000000631,-0.000000021,0.000026583,-0.000015768,-0.000053092,0.002106155,0.000269022,-0.000005039,-0.000000072,-0.000000094,0.170000005
646,2.716667,-0.000000071,-0.000000093,0.370000005,0.999999940,0.000001331,-0.000000580,-0.000000031,0.000026588,-0.000015669,-0.000053109,0.002104482,0.000268630,-0.000005164,-0.000000071,-0.000000093,0.170000005
647,2.720833,-0.000000072,-0.000000093,0.370000005,0.999999940,0.000001288,-0.000000715,0.000000031,0.000026201,-0.000015966,-0.000053011,0.002107575,0.000260827,-0.000005194,-0.000000072,-0.000000093,0.170000005
648,2.725000,-0.000000071,-0.000000093,0.370000005,0.999999940,0.000001310,-0.000000567,-0.000000026,0.000026601,-0.000015838,-0.000053081,0.002107347,0.000269834,-0.000004909,-0.000000071,-0.000000093,0.170000005
649,2.729167,-0.000000072,-0.000000093,0.370000005,1.000000000,0.000001413,-0.000000820,0.000000011,0.000026210,-0.000015955,-0.000053006,0.002107200,0.000261010,-0.000005186,-0.000000072,-0.000000093,0.170000005
650,2.733333,-0.000000072,-0.000000094,0.370000005,1.000000000,0.000001277,-0.000000562,-0.000000033,0.000026356,-0.000015988,-0.000053094,0.002110718,0.000264320,-0.000005053,-0.000000072,-0.000000094,0.170000005
651,2.737500,-0.000000073,-0.000000096,0.370000005,0.999999940,0.000001379,-0.000000616,-0.000000021,0.000026326,-0.000016067,-0.000053026,0.002110204,0.000264468,-0.000004937,-0.000000073,-0.000000096,0.170000005
652,2.741667,-0.000000071,-0.000000095,0.370000005,0.999999940,0.000001318,-0.000000567,-0.000000019,0.000026746,-0.000015599,-0.000053150,0.002104340,0.000272046,-0.000005099,-0.000000071,-0.000000095,0.170000005
653,2.745833,-0.000000072,-0.000000092,0.370000005,1.000000000,0.000001417,-0.000000819,0.000000018,0.000026296,-0.000015738,-0.000053003,0.002102748,0.000262016,-0.000005332,-0.000000072,-0.000000092,0.170000005
654,2.750000,-0.000000072,-0.000000093,0.370000005,1.000000000,0.000001281,-0.000000560,-0.000000026,0.000026354,-0.000015988,-0.000053090,0.002110524,0.000264351,-0.000005049,-0.000000072,-0.000000093,0.170000005
655,2.754167,-0.000000071,-0.000000094,0.370000005,0.999999940,0.000001384,-0.000000612,-0.000000014,0.000026531,-0.000015874,-0.000053073,0.002107673,0.000268440,-0.000004961,-0.000000071,-0.000000094,0.170000005
656,2.758333,-0.000000072,-0.000000094,0.370000005,0.999999940,0.000001303,-0.000000582,-0.000000013,0.000026162,-0.000015996,-0.000053042,0.002109010,0.000259915,-0.000005239,-0.000000072,-0.000000094,0.170000005
657,2.762500,-0.000000072,-0.000000094,0.370000005,1.000000000,0.000001406,-0.000000634,-0.000000024,0.000026565,-0.000015858,-0.000053079,0.002107593,0.000269113,-0.000004938,-0.000000072,-0.000000094,0.170000005
658,2.766667,-0.000000074,-0.000000093,0.370000005,1.000000000,0.000001326,-0.000000597,-0.000000023,0.000026042,-0.000015972,-0.000053018,0.002107871,0.000256681,-0.000005387,-0.000000074,-0.000000093,0.170000005
659,2.770833,-0.000000072,-0.000000094,0.370000005,1.000000000,0.000001263,-0.000000558,-0.000000021,0.000026705,-0.000015797,-0.000053132,0.002107896,0.000272138,-0.000004897,-0.000000072,-0.000000094,0.170000005
660,2.775000,-0.000000072,-0.000000095,0.370000005,0.999999940,0.000001365,-0.000000612,-0.000000032,0.000026355,-0.000016020,-0.000053027,0.002109161,0.000265108,-0.000004955,-0.000000072,-0.000000095,0.170000005
661,2.779167,-0.000000071,-0.000000094,0.370000005,0.999999940,0.000001302,-0.000000565,-0.000000019,0.000026603,-0.000015664,-0.000053107,0.002104361,0.000268947,-0.000005151,-0.000000071,-0.000000094,0.170000005
662,2.783333,-0.000000072,-0.000000092,0.370000005,1.000000000,0.000001401,-0.000000817,0.000000018,0.000026300,-0.000015742,-0.000053006,0.002102980,0.000262070,-0.000005324,-0.000000072,-0.000000092,0.170000005
663,2.787500,-0.000000072,-0.000000092,0.370000005,1.000000000,0.000001263,-0.000000557,-0.000000015,0.000026418,-0.000015861,-0.000053094,0.002108119,0.000265220,-0.000005127,-0.000000072,-0.000000092,0.170000005
664,2.791667,-0.000000072,-0.000000094,0.370000005,0.999999940,0.000001366,-0.000000613,-0.000000038,0.000026302,-0.000016156,-0.000053024,0.002111930,0.000264401,-0.000004854,-0.000000072,-0.000000094,0.170000005
665,2.795833,-0.000000071,-0.000000093,0.370000005,0.999999940,0.000001303,-0.000000565,-0.000000025,0.000026604,-0.000015665,-0.000053111,0.002104537,0.000268938,-0.000005155,-0.000000071,-0.000000093,0.170000005
666,2.800000,-0.000000072,-0.000000093,0.370000005,1.000000000,0.000001406,-0.000000818,0.000000013,0.000026212,-0.000015958,-0.000053001,0.002107207,0.000261067,-0.000005176,-0.000000072,-0.000000093,0.170000005
667,2.804167,-0.000000073,-0.000000093,0.370000005,1.000000000,0.000001269,-0.000000559,-0.000000020,0.000026419,-0.000015861,-0.000053099,0.002108335,0.000265149,-0.000005131,-0.000000073,-0.000000093,0.170000005
668,2.808333,-0.000000073,-0.000000094,0.370000005,0.999999940,0.000001370,-0.000000613,-0.000000031,0.000026366,-0.000016030,-0.000053030,0.002109572,0.000265264,-0.000004932,-0.000000073,-0.000000094,0.170000005
669,2.812500,-0.000000071,-0.000000092,0.370000005,0.999999940,0.000001308,-0.000000564,-0.000000018,0.000026809,-0.000015471,-0.000053155,0.002101911,0.000272882,-0.000005177,-0.000000071,-0.000000092,0.170000005
670,2.816667,-0.000000072,-0.000000092,0.370000005,1.000000000,0.000001411,-0.000000817,0.000000020,0.000026205,-0.000015954,-0.000052996,0.002106892,0.000260978,-0.000005184,-0.000000072,-0.000000092,0.170000005
671,2.820833,-0.000000072,-0.000000095,0.370000005,1.000000000,0.000001277,-0.000000561,-0.000000024,0.000026268,-0.000016204,-0.000053091,0.002114928,0.000263405,-0.000004908,-0.000000072,-0.000000095,0.170000005
672,2.825000,-0.000000073,-0.000000094,0.370000005,0.999999940,0.000001400,-0.000000792,0.000000013,0.000026266,-0.000015925,-0.000053003,0.002106618,0.000262177,-0.000005148,-0.000000073,-0.000000094,0.170000005
673,2.829167,-0.000000072,-0.000000092,0.370000005,0.999999940,0.000001407,-0.000000650,-0.000000032,0.000026652,-0.000015576,-0.000053125,0.002103308,0.000269405,-0.000005201,-0.000000072,-0.000000092,0.170000005
674,2.833333,-0.000000072,-0.000000092,0.370000005,0.999999940,0.000001349,-0.000000597,-0.000000030,0.000026513,-0.000015804,-0.000053108,0.002107145,0.000267522,-0.000005101,-0.000000072,-0.000000092,0.170000005
675,2.837500,-0.000000073,-0.000000092,0.370000005,0.999999940,0.000001286,-0.000000546,-0.000000030,0.000026194,-0.000015975,-0.000053023,0.002108154,0.000260630,-0.000005202,-0.000000073,-0.000000092,0.170000005
676,2.841667,-0.000000073,-0.000000094,0.370000005,1.000000000,0.000001368,-0.000000625,-0.000000017,0.000026336,-0.000016065,-0.000053039,0.002110498,0.000264660,-0.000004941,-0.000000073,-0.000000094,0.170000005
677,2.845833,-0.000000073,-0.000000094,0.370000005,1.000000000,0.000001309,-0.000000574,-0.000000016,0.000026331,-0.000015986,-0.000053077,0.002109924,0.000263978,-0.000005078,-0.000000073,-0.000000094,0.170000005
678,2.850000,-0.000000074,-0.000000093,0.370000005,0.999999940,0.000001410,-0.000000826,0.000000010,0.000026261,-0.000015859,-0.000053012,0.002105550,0.000261607,-0.000005238,-0.000000074,-0.000000093,0.170000005
679,2.854167,-0.000000072,-0.000000093,0.370000005,0.999999940,0.000001273,-0.000000571,-0.000000022,0.000026744,-0.000015690,-0.000053169,0.002106810,0.000272310,-0.000005004,-0.000000072,-0.000000093,0.170000005
680,2.858333,-0.000000071,-0.000000092,0.370000005,1.000000000,0.000001375,-0.000000624,-0.000000021,0.000026783,-0.000015552,-0.000053106,0.002101983,0.000273075,-0.000005061,-0.000000071,-0.000000092,0.170000005
681,2.862500,-0.000000072,-0.000000094,0.370000005,1.000000000,0.000001317,-0.000000571,-0.000000020,0.000025889,-0.000016379,-0.000052985,0.002115128,0.000255349,-0.000005068,-0.000000072,-0.000000094,0.170000005
682,2.866667,-0.000000073,-0.000000093,0.370000005,1.000000000,0.000001251,-0.000000524,-0.000000019,0.000026455,-0.000015766,-0.000053073,0.002105574,0.000265709,-0.000005177,-0.000000073,-0.000000093,0.170000005
683,2.870833,-0.000000074,-0.000000093,0.370000005,0.999999940,0.000001351,-0.000000784,0.000000018,0.000026252,-0.000015932,-0.000052989,0.002106371,0.000262014,-0.000005146,-0.000000074,-0.000000093,0.170000005
684,2.875000,-0.000000073,-0.000000093,0.370000005,0.999999940,0.000001378,-0.000000624,-0.000000027,0.000026594,-0.000015770,-0.000053104,0.002106671,0.000269123,-0.000005024,-0.000000073,-0.000000093,0.170000005
685,2.879167,-0.000000071,-0.000000093,0.370000005,0.999999940,0.000001319,-0.000000577,-0.000000013,0.000026713,-0.000015683,-0.000053145,0.002105733,0.000271834,-0.000005038,-0.000000071,-0.000000093,0.170000005
686,2.883333,-0.000000072,-0.000000091,0.370000005,0.999999940,0.000001273,-0.000000711,0.000000013,0.000026263,-0.000015835,-0.000053016,0.002105090,0.000261668,-0.000005271,-0.000000072,-0.000000091,0.170000005
687,2.887500,-0.000000070,-0.000000093,0.370000005,0.999999940,0.000001297,-0.000000567,-0.000000020,0.000026724,-0.000015852,-0.000053112,0.002108543,0.000272950,-0.000004778,-0.000000070,-0.000000093,0.170000005
688,2.891667,-0.000000071,-0.000000093,0.370000005,1.000000000,0.000001400,-0.000000820,0.000000018,0.000026204,-0.000015951,-0.000053006,0.002107126,0.000260881,-0.000005200,-0.000000071,-0.000000093,0.170000005
689,2.895833,-0.000000072,-0.000000093,0.370000005,1.000000000,0.000001283,-0.000000534,-0.000000016,0.000026226,-0.000016048,-0.000053053,0.002110739,0.000261433,-0.000005101,-0.000000072,-0.000000093,0.170000005
690,2.900000,-0.000000072,-0.000000094,0.370000005,0.999999940,0.000001364,-0.000000612,-0.000000015,0.000026375,-0.000015959,-0.000053042,0.002108417,0.000265070,-0.000005019,-0.000000072,-0.000000094,0.170000005
691,2.904167,-0.000000072,-0.000000094,0.370000005,0.999999940,0.000001302,-0.000000566,-0.000000014,0.000026540,-0.000015792,-0.000053101,0.002106766,0.000268076,-0.000005073,-0.000000072,-0.000000094,0.170000005
692,2.908333,-0.000000073,-0.000000094,0.370000005,1.000000000,0.000001405,-0.000000819,0.000000024,0.000026213,-0.000015959,-0.000053005,0.002107318,0.000261078,-0.000005179,-0.000000073,-0.000000094,0.170000005
693,2.912500,-0.000000073,-0.000000094,0.370000005,1.000000000,0.000001269,-0.000000560,-0.000000021,0.000026356,-0.000015988,-0.000053095,0.002110730,0.000264267,-0.000005053,-0.000000073,-0.000000094,0.170000005
694,2.916667,-0.000000073,-0.000000094,0.370000005,0.999999940,0.000001392,-0.000000794,0.000000006,0.000026456,-0.000015814,-0.000053037,0.002105428,0.000266356,-0.000005080,-0.000000073,-0.000000094,0.170000005
695,2.920833,-0.000000072,-0.000000093,0.370000005,0.999999940,0.000001400,-0.000000654,-0.000000028,0.000026620,-0.000015660,-0.000053122,0.002104832,0.000269175,-0.000005144,-0.000000072,-0.000000093,0.170000005
696,2.925000,-0.000000071,-0.000000093,0.370000005,0.999999940,0.000001342,-0.000000601,-0.000000026,0.000026514,-0.000015803,-0.000053110,0.002107160,0.000267573,-0.000005103,-0.000000071,-0.000000093,0.170000005
697,2.929167,-0.000000072,-0.000000093,0.370000005,0.999999940,0.000001279,-0.000000550,-0.000000025,0.000026194,-0.000015975,-0.000053023,0.002108151,0.000260612,-0.000005200,-0.000000072,-0.000000093,0.170000005
698,2.933333,-0.000000073,-0.000000092,0.370000005,1.000000000,0.000001358,-0.000000627,-0.000000013,0.000026425,-0.000015849,-0.000053043,0.002106313,0.000265687,-0.000005088,-0.000000073,-0.000000092,0.170000005
699,2.937500,-0.000000073,-0.000000092,0.370000005,1.000000000,0.000001298,-0.000000574,-0.000000024,0.000026356,-0.000015897,-0.000053071,0.002107927,0.000264134,-0.000005143,-0.000000073,-0.000000092,0.170000005
700,2.941667,-0.000000074,-0.000000094,0.370000005,1.000000000,0.000001233,-0.000000533,-0.000000023,0.000026147,-0.000016165,-0.000053006,0.002111610,0.000260515,-0.000005022,-0.000000074,-0.000000094,0.170000005
701,2.945833,-0.000000072,-0.000000094,0.370000005,0.999999940,0.000001332,-0.000000594,-0.000000022,0.000026748,-0.000015752,-0.000053100,0.002106134,0.000273136,-0.000004863,-0.000000072,-0.000000094,0.170000005
702,2.950000,-0.000000072,-0.000000093,0.370000005,0.999999940,0.000001267,-0.000000549,-0.000000021,0.000026410,-0.000015758,-0.000053050,0.002104513,0.000264880,-0.000005219,-0.000000072,-0.000000093,0.170000005
703,2.954167,-0.000000071,-0.000000093,0.370000005,1.000000000,0.000001367,-0.000000604,-0.000000020,0.000026591,-0.000015756,-0.000053063,0.002104928,0.000269372,-0.000005010,-0.000000071,-0.000000093,0.170000005
704,2.958333,-0.000000073,-0.000000095,0.370000005,1.000000000,0.000001328,-0.000000735,0.000000007,0.000025969,-0.000016248,-0.000052989,0.002112558,0.000256643,-0.000005120,-0.000000073,-0.000000095,0.170000005
705,2.962500,-0.000000074,-0.000000093,0.370000005,1.000000000,0.000001352,-0.000000782,0.000000009,0.000026299,-0.000015856,-0.000053031,0.002106312,0.000262243,-0.000005210,-0.000000074,-0.000000093,0.170000005
706,2.966667,-0.000000073,-0.000000094,0.370000005,1.000000000,0.000001381,-0.000000625,-0.000000012,0.000026733,-0.000015770,-0.000053140,0.002107679,0.000272581,-0.000004897,-0.000000073,-0.000000094,0.170000005
707,2.970833,-0.000000073,-0.000000093,0.370000005,1.000000000,0.000001319,-0.000000572,-0.000000011,0.000026407,-0.000015760,-0.000053071,0.002105151,0.000264691,-0.000005243,-0.000000073,-0.000000093,0.170000005
708,2.975000,-0.000000073,-0.000000094,0.370000005,1.000000000,0.000001255,-0.000000529,-0.000000010,0.000026352,-0.000015972,-0.000053052,0.002108978,0.000264499,-0.000005041,-0.000000073,-0.000000094,0.170000005
709,2.979167,-0.000000074,-0.000000094,0.370000005,0.999999940,0.000001357,-0.000000790,0.000000016,0.000026190,-0.000016059,-0.000052991,0.002108958,0.000261142,-0.000005072,-0.000000074,-0.000000094,0.170000005
710,2.983333,-0.000000071,-0.000000093,0.370000005,0.999999940,0.000001383,-0.000000632,-0.000000029,0.000027025,-0.000015369,-0.000053185,0.002100978,0.000277539,-0.000005048,-0.000000071,-0.000000093,0.170000005
711,2.987500,-0.000000073,-0.000000093,0.370000005,0.999999940,0.000001345,-0.000000759,0.000000010,0.000025954,-0.000016172,-0.000052980,0.002110684,0.000255911,-0.000005223,-0.000000073,-0.000000093,0.170000005
712,2.991667,-0.000000074,-0.000000093,0.370000005,0.999999940,0.000001350,-0.000000623,-0.000000024,0.000026401,-0.000015896,-0.000053071,0.002108212,0.000264990,-0.000005081,-0.000000074,-0.000000093,0.170000005
713,2.995833,-0.000000071,-0.000000093,0.370000005,0.999999940,0.000001288,-0.000000582,-0.000000022,0.000026880,-0.000015606,-0.000053173,0.002105101,0.000275548,-0.000004947,-0.000000071,-0.000000093,0.170000005
714,3.000000,-0.000000072,-0.000000094,0.370000005,1.000000000,0.000001414,-0.000000812,0.000000005,0.000026198,-0.000016024,-0.000052992,0.002108237,0.000261198,-0.000005105,-0.000000072,-0.000000094,0.170000005
715,3.004167,-0.000000072,-0.000000093,0.370000005,1.000000000,0.000001277,-0.000000552,-0.000000029,0.000026419,-0.000015861,-0.000053101,0.002108342,0.000265187,-0.000005135,-0.000000072,-0.000000093,0.170000005
716,3.008333,-0.000000072,-0.000000094,0.370000005,0.999999940,0.000001357,-0.000000630,-0.000000028,0.000026369,-0.000015955,-0.000053035,0.002108200,0.000264881,-0.000005025,-0.000000072,-0.000000094,0.170000005
717,3.012500,-0.000000072,-0.000000093,0.370000005,0.999999940,0.000001296,-0.000000579,-0.000000015,0.000026554,-0.000015711,-0.000053107,0.002105334,0.000267964,-0.000005160,-0.000000072,-0.000000093,0.170000005
718,3.016667,-0.000000073,-0.000000094,0.370000005,1.000000000,0.000001422,-0.000000809,0.000000011,0.000026210,-0.000016035,-0.000052997,0.002108664,0.000261431,-0.000005080,-0.000000073,-0.000000094,0.170000005
719,3.020833,-0.000000073,-0.000000094,0.370000005,1.000000000,0.000001286,-0.000000550,-0.000000034,0.000026355,-0.000015987,-0.000053098,0.002110696,0.000264306,-0.000005059,-0.000000073,-0.000000094,0.170000005
720,3.025000,-0.000000074,-0.000000093,0.370000005,0.999999940,0.000001386,-0.000000805,0.000000015,0.000026268,-0.000015850,-0.000053003,0.002105104,0.000261837,-0.000005236,-0.000000074,-0.000000093,0.170000005
721,3.029167,-0.000000070,-0.000000094,0.370000005,0.999999940,0.000001418,-0.000000650,-0.000000028,0.000027052,-0.000015608,-0.000053220,0.002106704,0.000279609,-0.000004775,-0.000000070,-0.000000094,0.170000005
722,3.033333,-0.000000071,-0.000000093,0.370000005,0.999999940,0.000001358,-0.000000591,-0.000000016,0.000026219,-0.000015847,-0.000053037,0.002105844,0.000260601,-0.000005341,-0.000000071,-0.000000093,0.170000005
723,3.037500,-0.000000071,-0.000000093,0.370000005,0.999999940,0.000001295,-0.000000542,-0.000000026,0.000026398,-0.000015874,-0.000053066,0.002107478,0.000265000,-0.000005113,-0.000000071,-0.000000093,0.170000005
724,3.041667,-0.000000073,-0.000000093,0.370000005,1.000000000,0.000001398,-0.000000797,0.000000011,0.000026012,-0.000016156,-0.000052960,0.002110003,0.000257251,-0.000005149,-0.000000073,-0.000000093,0.170000005
725,3.045833,-0.000000074,-0.000000094,0.370000005,1.000000000,0.000001260,-0.000000542,-0.000000011,0.000026370,-0.000015984,-0.000053091,0.002110585,0.000264593,-0.000005040,-0.000000074,-0.000000094,0.170000005
726,3.050000,-0.000000073,-0.000000093,0.370000005,0.999999940,0.000001359,-0.000000596,-0.000000022,0.000026630,-0.000015650,-0.000053070,0.002103031,0.000269739,-0.000005089,-0.000000073,-0.000000093,0.170000005
727,3.054167,-0.000000072,-0.000000093,0.370000005,0.999999940,0.000001297,-0.000000550,-0.000000020,0.000026532,-0.000015788,-0.000053093,0.002106347,0.000267983,-0.000005078,-0.000000072,-0.000000093,0.170000005
728,3.058333,-0.000000071,-0.000000093,0.370000005,1.000000000,0.000001379,-0.000000626,-0.000000019,0.000026555,-0.000015773,-0.000053078,0.002105684,0.000268530,-0.000005054,-0.000000071,-0.000000093,0.170000005
729,3.062500,-0.000000073,-0.000000093,0.370000005,1.000000000,0.000001340,-0.000000752,0.000000019,0.000025984,-0.000016168,-0.000052995,0.002111200,0.000256428,-0.000005205,-0.000000073,-0.000000093,0.170000005
730,3.066667,-0.000000074,-0.000000093,0.370000005,1.000000000,0.000001367,-0.000000797,0.000000011,0.000026266,-0.000015954,-0.000053040,0.002108484,0.000261965,-0.000005143,-0.000000074,-0.000000093,0.170000005
731,3.070833,-0.000000073,-0.000000095,0.370000005,1.000000000,0.000001397,-0.000000641,-0.000000022,0.000026669,-0.000015897,-0.000053137,0.002110115,0.000271676,-0.000004821,-0.000000073,-0.000000095,0.170000005
732,3.075000,-0.000000072,-0.000000094,0.370000005,1.000000000,0.000001339,-0.000000586,-0.000000032,0.000026550,-0.000015694,-0.000053117,0.002105183,0.000267797,-0.000005192,-0.000000072,-0.000000094,0.170000005
733,3.079167,-0.000000072,-0.000000095,0.370000005,1.000000000,0.000001275,-0.000000543,-0.000000031,0.000026346,-0.000015968,-0.000053050,0.002108755,0.000264416,-0.000005052,-0.000000072,-0.000000095,0.170000005
734,3.083333,-0.000000072,-0.000000093,0.370000005,0.999999940,0.000001375,-0.000000801,0.000000007,0.000026459,-0.000015740,-0.000053043,0.002104070,0.000265940,-0.000005170,-0.000000072,-0.000000093,0.170000005
735,3.087500,-0.000000070,-0.000000093,0.370000005,0.999999940,0.000001405,-0.000000639,-0.000000026,0.000026768,-0.000015662,-0.000053147,0.002105674,0.000272844,-0.000004986,-0.000000070,-0.000000093,0.170000005
736,3.091667,-0.000000071,-0.000000093,0.370000005,0.999999940,0.000001346,-0.000000581,-0.000000025,0.000026167,-0.000015984,-0.000053037,0.002108600,0.000260011,-0.000005242,-0.000000071,-0.000000093,0.170000005
737,3.095833,-0.000000072,-0.000000094,0.370000005,0.999999940,0.000001282,-0.000000535,-0.000000036,0.000026193,-0.000016066,-0.000053022,0.002110044,0.000261050,-0.000005093,-0.000000072,-0.000000094,0.170000005
738,3.100000,-0.000000072,-0.000000093,0.370000005,1.000000000,0.000001362,-0.000000614,-0.000000012,0.000026574,-0.000015773,-0.000053077,0.002105829,0.000268890,-0.000005034,-0.000000072,-0.000000093,0.170000005
739,3.104167,-0.000000073,-0.000000095,0.370000005,1.000000000,0.000001324,-0.000000745,0.000000015,0.000025969,-0.000016249,-0.000052989,0.002112607,0.000256630,-0.000005121,-0.000000073,-0.000000095,0.170000005
740,3.108333,-0.000000074,-0.000000095,0.370000005,1.000000000,0.000001371,-0.000000771,0.000000018,0.000026446,-0.000015857,-0.000053057,0.002107181,0.000265879,-0.000005059,-0.000000074,-0.000000095,0.170000005
741,3.112500,-0.000000072,-0.000000094,0.370000005,1.000000000,0.000001377,-0.000000637,-0.000000026,0.000026797,-0.000015564,-0.000053152,0.002103729,0.000273091,-0.000005068,-0.000000072,-0.000000094,0.170000005
742,3.116667,-0.000000072,-0.000000094,0.370000005,1.000000000,0.000001318,-0.000000586,-0.000000025,0.000026318,-0.000015977,-0.000053063,0.002109223,0.000263764,-0.000005090,-0.000000072,-0.000000094,0.170000005
743,3.120833,-0.000000072,-0.000000093,0.370000005,1.000000000,0.000001252,-0.000000540,-0.000000024,0.000026441,-0.000015756,-0.000053061,0.002104888,0.000265530,-0.000005195,-0.000000072,-0.000000093,0.170000005
744,3.125000,-0.000000072,-0.000000094,0.370000005,0.999999940,0.000001375,-0.000000779,0.000000014,0.000026399,-0.000015933,-0.000053017,0.002107219,0.000265669,-0.000004990,-0.000000072,-0.000000094,0.170000005
745,3.129167,-0.000000072,-0.000000094,0.370000005,0.999999940,0.000001382,-0.000000641,-0.000000020,0.000026415,-0.000015853,-0.000053078,0.002107522,0.000265167,-0.000005123,-0.000000072,-0.000000094,0.170000005
746,3.133333,-0.000000073,-0.000000094,0.370000005,0.999999940,0.000001323,-0.000000590,-0.000000019,0.000026314,-0.000016001,-0.000053069,0.002110024,0.000263626,-0.000005072,-0.000000073,-0.000000094,0.170000005
747,3.137500,-0.000000073,-0.000000091,0.370000005,0.999999940,0.000001255,-0.000000542,-0.000000018,0.000026514,-0.000015554,-0.000053062,0.002100955,0.000266141,-0.000005340,-0.000000073,-0.000000091,0.170000005
748,3.141667,-0.000000071,-0.000000093,0.370000005,1.000000000,0.000001357,-0.000000601,-0.000000028,0.000026691,-0.000015860,-0.000053094,0.002107951,0.000272486,-0.000004798,-0.000000071,-0.000000093,0.170000005
749,3.145833,-0.000000073,-0.000000095,0.370000005,1.000000000,0.000001319,-0.000000732,0.000000022,0.000025922,-0.000016281,-0.000052982,0.002113084,0.000255613,-0.000005141,-0.000000073,-0.000000095,0.170000005
750,3.150000,-0.000000073,-0.000000093,0.370000005,1.000000000,0.000001343,-0.000000782,0.000000014,0.000026491,-0.000015746,-0.000053072,0.002105349,0.000266350,-0.000005143,-0.000000073,-0.000000093,0.170000005
751,3.154167,-0.000000072,-0.000000094,0.370000005,1.000000000,0.000001371,-0.000000623,-0.000000020,0.000026576,-0.000015840,-0.000053102,0.002107936,0.000269164,-0.000004967,-0.000000072,-0.000000094,0.170000005
752,3.158333,-0.000000072,-0.000000093,0.370000005,1.000000000,0.000001310,-0.000000570,-0.000000019,0.000026413,-0.000015765,-0.000053074,0.002105388,0.000264792,-0.000005233,-0.000000072,-0.000000093,0.170000005
753,3.162500,-0.000000073,-0.000000094,0.370000005,1.000000000,0.000001245,-0.000000528,-0.000000018,0.000026146,-0.000016166,-0.000053003,0.002111518,0.000260508,-0.000005020,-0.000000073,-0.000000094,0.170000005
754,3.166667,-0.000000073,-0.000000093,0.370000005,0.999999940,0.000001364,-0.000000765,0.000000020,0.000026496,-0.000015721,-0.000053031,0.002103490,0.000266724,-0.000005134,-0.000000073,-0.000000093,0.170000005
755,3.170833,-0.000000072,-0.000000092,0.370000005,0.999999940,0.000001371,-0.000000631,-0.000000025,0.000026780,-0.000015578,-0.000053145,0.002103859,0.000272753,-0.000005063,-0.000000072,-0.000000092,0.170000005
756,3.175000,-0.000000072,-0.000000092,0.370000005,0.999999940,0.000001310,-0.000000579,-0.000000012,0.000026367,-0.000015866,-0.000053065,0.002107132,0.000264305,-0.000005165,-0.000000072,-0.000000092,0.170000005
757,3.179167,-0.000000071,-0.000000093,0.370000005,0.999999940,0.000001247,-0.000000538,-0.000000022,0.000026527,-0.000015876,-0.000053092,0.002108201,0.000268334,-0.000004979,-0.000000071,-0.000000093,0.170000005
758,3.183333,-0.000000072,-0.000000093,0.370000005,1.000000000,0.000001370,-0.000000774,0.000000003,0.000026229,-0.000016017,-0.000052983,0.002107894,0.000261968,-0.000005065,-0.000000072,-0.000000093,0.170000005
759,3.187500,-0.000000073,-0.000000093,0.370000005,1.000000000,0.000001398,-0.000000816,0.000000018,0.000026246,-0.000015955,-0.000053044,0.002108560,0.000261546,-0.000005177,-0.000000073,-0.000000093,0.170000005
760,3.191667,-0.000000073,-0.000000093,0.370000005,1.000000000,0.000001261,-0.000000556,-0.000000015,0.000026418,-0.000015860,-0.000053100,0.002108295,0.000265139,-0.000005134,-0.000000073,-0.000000093,0.170000005
761,3.195833,-0.000000073,-0.000000093,0.370000005,0.999999940,0.000001386,-0.000000791,0.000000000,0.000026391,-0.000015940,-0.000053028,0.002107685,0.000265442,-0.000004999,-0.000000073,-0.000000093,0.170000005
762,3.200000,-0.000000072,-0.000000092,0.370000005,0.999999940,0.000001394,-0.000000651,-0.000000033,0.000026621,-0.000015661,-0.000053126,0.002104964,0.000269187,-0.000005144,-0.000000072,-0.000000092,0.170000005
763,3.204167,-0.000000072,-0.000000092,0.370000005,0.999999940,0.000001336,-0.000000598,-0.000000031,0.000026514,-0.000015804,-0.000053111,0.002107202,0.000267513,-0.000005101,-0.000000072,-0.000000092,0.170000005
764,3.208333,-0.000000073,-0.000000093,0.370000005,0.999999940,0.000001274,-0.000000548,-0.000000019,0.000026169,-0.000016064,-0.000053024,0.002110043,0.000260442,-0.000005133,-0.000000073,-0.000000093,0.170000005
765,3.212500,-0.000000073,-0.000000092,0.370000005,1.000000000,0.000001375,-0.000000805,0.000000019,0.000026450,-0.000015759,-0.000053043,0.002104526,0.000265749,-0.000005160,-0.000000073,-0.000000092,0.170000005
766,3.216667,-0.000000073,-0.000000094,0.370000005,1.000000000,0.000001259,-0.000000528,-0.000000025,0.000026290,-0.000016176,-0.000053069,0.002113684,0.000263893,-0.000004887,-0.000000073,-0.000000094,0.170000005
767,3.220833,-0.000000074,-0.000000093,0.370000005,0.999999940,0.000001357,-0.000000787,0.000000023,0.000026317,-0.000015805,-0.000053005,0.002104317,0.000262797,-0.000005233,-0.000000074,-0.000000093,0.170000005
768,3.225000,-0.000000071,-0.000000093,0.370000005,0.999999940,0.000001385,-0.000000632,-0.000000021,0.000026933,-0.000015585,-0.000053173,0.002104953,0.000276511,-0.000004898,-0.000000071,-0.000000093,0.170000005
769,3.229167,-0.000000072,-0.000000093,0.370000005,0.999999940,0.000001325,-0.000000579,-0.000000032,0.000026147,-0.000016061,-0.000053027,0.002109861,0.000260005,-0.000005163,-0.000000072,-0.000000093,0.170000005
770,3.233333,-0.000000072,-0.000000093,0.370000005,0.999999940,0.000001261,-0.000000536,-0.000000007,0.000026556,-0.000015790,-0.000053094,0.002106696,0.000268428,-0.000005053,-0.000000072,-0.000000093,0.170000005
771,3.237500,-0.000000073,-0.000000092,0.370000005,1.000000000,0.000001360,-0.000000792,0.000000019,0.000026287,-0.000015824,-0.000053001,0.002104514,0.000262233,-0.000005239,-0.000000073,-0.000000092,0.170000005
772,3.241667,-0.000000073,-0.000000096,0.370000005,1.000000000,0.000001392,-0.000000633,-0.000000015,0.000026240,-0.000016299,-0.000053057,0.002115838,0.000263410,-0.000004794,-0.000000073,-0.000000096,0.170000005
773,3.245833,-0.000000073,-0.000000095,0.370000005,1.000000000,0.000001332,-0.000000580,-0.000000025,0.000026358,-0.000015896,-0.000053081,0.002108332,0.000264004,-0.000005151,-0.000000073,-0.000000095,0.170000005
774,3.250000,-0.000000073,-0.000000094,0.370000005,1.000000000,0.000001266,-0.000000534,-0.000000024,0.000026441,-0.000015756,-0.000053058,0.002104875,0.000265474,-0.000005192,-0.000000073,-0.000000094,0.170000005
775,3.254167,-0.000000073,-0.000000093,0.370000005,0.999999940,0.000001344,-0.000000611,-0.000000024,0.000026458,-0.000015740,-0.000053038,0.002103886,0.000265985,-0.000005168,-0.000000073,-0.000000093,0.170000005
776,3.258333,-0.000000072,-0.000000093,0.370000005,0.999999940,0.000001282,-0.000000565,-0.000000023,0.000026539,-0.000015792,-0.000053095,0.002106600,0.000268086,-0.000005068,-0.000000072,-0.000000093,0.170000005
777,3.262500,-0.000000071,-0.000000093,0.370000005,1.000000000,0.000001384,-0.000000618,-0.000000010,0.000026765,-0.000015647,-0.000053110,0.002104149,0.000273053,-0.000004979,-0.000000071,-0.000000093,0.170000005
778,3.266667,-0.000000072,-0.000000094,0.370000005,1.000000000,0.000001326,-0.000000566,-0.000000032,0.000026105,-0.000016178,-0.000053026,0.002112234,0.000259566,-0.000005075,-0.000000072,-0.000000094,0.170000005
779,3.270833,-0.000000073,-0.000000093,0.370000005,1.000000000,0.000001281,-0.000000700,0.000000018,0.000026257,-0.000015872,-0.000053026,0.002106301,0.000261486,-0.000005250,-0.000000073,-0.000000093,0.170000005
780,3.275000,-0.000000072,-0.000000094,0.370000005,1.000000000,0.000001303,-0.000000551,-0.000000016,0.000026573,-0.000015860,-0.000053073,0.002107561,0.000269268,-0.000004915,-0.000000072,-0.000000094,0.170000005
781,3.279167,-0.000000071,-0.000000095,0.370000005,0.999999940,0.000001386,-0.000000628,-0.000000026,0.000026505,-0.000015882,-0.000053078,0.002107877,0.000267899,-0.000004985,-0.000000071,-0.000000095,0.170000005
782,3.283333,-0.000000072,-0.000000094,0.370000005,0.999999940,0.000001324,-0.000000573,-0.000000014,0.000026208,-0.000015892,-0.000053033,0.002106738,0.000260450,-0.000005293,-0.000000072,-0.000000094,0.170000005
783,3.287500,-0.000000072,-0.000000094,0.370000005,0.999999940,0.000001260,-0.000000530,-0.000000036,0.000026559,-0.000015792,-0.000053092,0.002106634,0.000268525,-0.000005034,-0.000000072,-0.000000094,0.170000005
784,3.291667,-0.000000074,-0.000000093,0.370000005,1.000000000,0.000001359,-0.000000788,0.000000012,0.000026040,-0.000016053,-0.000052946,0.002107512,0.000257438,-0.000005220,-0.000000074,-0.000000093,0.170000005
785,3.295833,-0.000000072,-0.000000094,0.370000005,1.000000000,0.000001388,-0.000000630,-0.000000009,0.000026741,-0.000015776,-0.000053144,0.002108073,0.000272700,-0.000004883,-0.000000072,-0.000000094,0.170000005
786,3.300000,-0.000000072,-0.000000094,0.370000005,1.000000000,0.000001328,-0.000000579,-0.000000020,0.000026343,-0.000015887,-0.000053067,0.002107561,0.000263835,-0.000005167,-0.000000072,-0.000000094,0.170000005
787,3.304167,-0.000000072,-0.000000095,0.370000005,1.000000000,0.000001264,-0.000000535,-0.000000018,0.000026352,-0.000015973,-0.000053054,0.002109127,0.000264481,-0.000005044,-0.000000072,-0.000000095,0.170000005
788,3.308333,-0.000000072,-0.000000093,0.370000005,0.999999940,0.000001364,-0.000000793,0.000000020,0.000026459,-0.000015740,-0.000053043,0.002104095,0.000265935,-0.000005172,-0.000000072,-0.000000093,0.170000005
789,3.312500,-0.000000072,-0.000000093,0.370000005,0.999999940,0.000001391,-0.000000632,-0.000000026,0.000026587,-0.000015766,-0.000053098,0.002106352,0.000268980,-0.000005030,-0.000000072,-0.000000093,0.170000005
790,3.316667,-0.000000072,-0.000000094,0.370000005,0.999999940,0.000001332,-0.000000581,-0.000000024,0.000026309,-0.000015996,-0.000053066,0.002109786,0.000263536,-0.000005084,-0.000000072,-0.000000094,0.170000005
791,3.320833,-0.000000071,-0.000000093,0.370000005,0.999999940,0.000001267,-0.000000538,-0.000000034,0.000026618,-0.000015660,-0.000053098,0.002104078,0.000269302,-0.000005127,-0.000000071,-0.000000093,0.170000005
792,3.325000,-0.000000072,-0.000000093,0.370000005,1.000000000,0.000001368,-0.000000795,0.000000027,0.000026219,-0.000015950,-0.000052992,0.002106779,0.000261259,-0.000005174,-0.000000072,-0.000000093,0.170000005
793,3.329167,-0.000000072,-0.000000094,0.370000005,1.000000000,0.000001397,-0.000000634,-0.000000031,0.000026372,-0.000016047,-0.000053071,0.002111251,0.000265218,-0.000004937,-0.000000072,-0.000000094,0.170000005
794,3.333333,-0.000000071,-0.000000093,0.370000005,1.000000000,0.000001338,-0.000000579,-0.000000017,0.000026599,-0.000015665,-0.000053129,0.002104984,0.000268752,-0.000005182,-0.000000071,-0.000000093,0.170000005
795,3.337500,-0.000000073,-0.000000094,0.370000005,1.000000000,0.000001296,-0.000000713,0.000000021,0.000026003,-0.000016153,-0.000052974,0.002110322,0.000256941,-0.000005179,-0.000000073,-0.000000094,0.170000005
796,3.341667,-0.000000074,-0.000000093,0.370000005,1.000000000,0.000001320,-0.000000765,0.000000012,0.000026284,-0.000015938,-0.000053022,0.002107666,0.000262466,-0.000005121,-0.000000074,-0.000000093,0.170000005
797,3.345833,-0.000000073,-0.000000094,0.370000005,1.000000000,0.000001347,-0.000000612,-0.000000033,0.000026744,-0.000015762,-0.000053133,0.002107328,0.000272822,-0.000004881,-0.000000073,-0.000000094,0.170000005
798,3.350000,-0.000000073,-0.000000093,0.370000005,1.000000000,0.000001283,-0.000000563,-0.000000009,0.000026415,-0.000015752,-0.000053062,0.002104702,0.000264957,-0.000005239,-0.000000073,-0.000000093,0.170000005
799,3.354167,-0.000000072,-0.000000094,0.370000005,0.999999940,0.000001386,-0.000000615,-0.000000019,0.000026573,-0.000015839,-0.000053076,0.002107017,0.000269323,-0.000004947,-0.000000072,-0.000000094,0.170000005
800,3.358333,-0.000000073,-0.000000093,0.370000005,0.999999940,0.000001305,-0.000000586,-0.000000018,0.000026161,-0.000015994,-0.000053040,0.002108935,0.000259840,-0.000005238,-0.000000073,-0.000000093,0.170000005
801,3.362500,-0.000000071,-0.000000093,0.370000005,0.999999940,0.000001261,-0.000000521,-0.000000028,0.000026770,-0.000015666,-0.000053126,0.002105117,0.000273089,-0.000004960,-0.000000071,-0.000000093,0.170000005
802,3.366667,-0.000000072,-0.000000093,0.370000005,1.000000000,0.000001361,-0.000000781,0.000000009,0.000026223,-0.000015936,-0.000052984,0.002106161,0.000261420,-0.000005169,-0.000000072,-0.000000093,0.170000005
803,3.370833,-0.000000072,-0.000000094,0.370000005,1.000000000,0.000001389,-0.000000619,-0.000000013,0.000026394,-0.000015957,-0.000053068,0.002109399,0.000265215,-0.000005019,-0.000000072,-0.000000094,0.170000005
804,3.375000,-0.000000073,-0.000000094,0.370000005,1.000000000,0.000001309,-0.000000590,-0.000000024,0.000026120,-0.000016112,-0.000053042,0.002111423,0.000259397,-0.000005153,-0.000000073,-0.000000094,0.170000005
805,3.379167,-0.000000073,-0.000000094,0.370000005,1.000000000,0.000001266,-0.000000523,-0.000000022,0.000026595,-0.000015762,-0.000053091,0.002106001,0.000269284,-0.000005029,-0.000000073,-0.000000094,0.170000005
806,3.383333,-0.000000074,-0.000000094,0.370000005,0.999999940,0.000001365,-0.000000783,0.000000015,0.000026246,-0.000015927,-0.000052989,0.002106247,0.000261855,-0.000005158,-0.000000074,-0.000000094,0.170000005
807,3.387500,-0.000000073,-0.000000095,0.370000005,0.999999940,0.000001394,-0.000000624,-0.000000019,0.000026569,-0.000015860,-0.000053106,0.002108481,0.000269031,-0.000004956,-0.000000073,-0.000000095,0.170000005
808,3.391667,-0.000000073,-0.000000092,0.370000005,0.999999940,0.000001311,-0.000000594,-0.000000029,0.000026442,-0.000015667,-0.000053085,0.002103725,0.000264961,-0.000005322,-0.000000073,-0.000000092,0.170000005
809,3.395833,-0.000000072,-0.000000092,0.370000005,0.999999940,0.000001267,-0.000000527,-0.000000028,0.000026571,-0.000015772,-0.000053077,0.002105711,0.000268843,-0.000005032,-0.000000072,-0.000000092,0.170000005
810,3.400000,-0.000000070,-0.000000091,0.370000005,1.000000000,0.000001345,-0.000000609,-0.000000027,0.000026778,-0.000015564,-0.000053108,0.002102338,0.000272959,-0.000005053,-0.000000070,-0.000000091,0.170000005
811,3.404167,-0.000000073,-0.000000093,0.370000005,1.000000000,0.000001307,-0.000000737,0.000000011,0.000025772,-0.000016357,-0.000052941,0.002113406,0.000252378,-0.000005190,-0.000000073,-0.000000093,0.170000005
812,3.408333,-0.000000073,-0.000000093,0.370000005,1.000000000,0.000001355,-0.000000764,0.000000027,0.000026427,-0.000015952,-0.000053062,0.002109219,0.000265930,-0.000004977,-0.000000073,-0.000000093,0.170000005
813,3.412500,-0.000000073,-0.000000094,0.370000005,1.000000000,0.000001363,-0.000000627,-0.000000019,0.000026366,-0.000015965,-0.000053075,0.002109672,0.000264560,-0.000005048,-0.000000073,-0.000000094,0.170000005
814,3.416667,-0.000000074,-0.000000095,0.370000005,1.000000000,0.000001304,-0.000000576,-0.000000017,0.000026332,-0.000015986,-0.000053075,0.002109859,0.000264024,-0.000005076,-0.000000074,-0.000000095,0.170000005
815,3.420833,-0.000000075,-0.000000094,0.370000005,0.999999940,0.000001406,-0.000000828,0.000000008,0.000026260,-0.000015859,-0.000053012,0.002105588,0.000261607,-0.000005240,-0.000000075,-0.000000094,0.170000005
816,3.425000,-0.000000072,-0.000000094,0.370000005,0.999999940,0.000001291,-0.000000552,-0.000000023,0.000026891,-0.000015691,-0.000053194,0.002107672,0.000275977,-0.000004852,-0.000000072,-0.000000094,0.170000005
817,3.429167,-0.000000071,-0.000000092,0.370000005,1.000000000,0.000001370,-0.000000626,-0.000000023,0.000026630,-0.000015546,-0.000053078,0.002101023,0.000269250,-0.000005226,-0.000000071,-0.000000092,0.170000005
818,3.433333,-0.000000073,-0.000000093,0.370000005,1.000000000,0.000001332,-0.000000752,0.000000016,0.000025984,-0.000016169,-0.000052989,0.002111030,0.000256475,-0.000005198,-0.000000073,-0.000000093,0.170000005
819,3.437500,-0.000000073,-0.000000094,0.370000005,1.000000000,0.000001358,-0.000000596,-0.000000018,0.000026562,-0.000015881,-0.000053099,0.002108827,0.000268897,-0.000004933,-0.000000073,-0.000000094,0.170000005
820,3.441667,-0.000000072,-0.000000096,0.370000005,1.000000000,0.000001298,-0.000000552,-0.000000016,0.000026460,-0.000015988,-0.000053097,0.002110513,0.000267267,-0.000004940,-0.000000072,-0.000000096,0.170000005
821,3.445833,-0.000000074,-0.000000094,0.370000005,0.999999940,0.000001399,-0.000000802,-0.000000003,0.000026106,-0.000015929,-0.000052979,0.002105949,0.000258276,-0.000005313,-0.000000074,-0.000000094,0.170000005
822,3.450000,-0.000000072,-0.000000092,0.370000005,0.999999940,0.000001407,-0.000000663,-0.000000013,0.000026846,-0.000015471,-0.000053164,0.002102423,0.000273566,-0.000005135,-0.000000072,-0.000000092,0.170000005
823,3.454167,-0.000000072,-0.000000092,0.370000005,0.999999940,0.000001348,-0.000000608,-0.000000023,0.000026357,-0.000015873,-0.000053073,0.002107391,0.000264112,-0.000005171,-0.000000072,-0.000000092,0.170000005
824,3.458333,-0.000000071,-0.000000094,0.370000005,0.999999940,0.000001288,-0.000000563,-0.000000021,0.000026452,-0.000016010,-0.000053095,0.002111019,0.000267176,-0.000004922,-0.000000071,-0.000000094,0.170000005
825,3.462500,-0.000000072,-0.000000094,0.370000005,1.000000000,0.000001392,-0.000000816,0.000000017,0.000026214,-0.000015958,-0.000053012,0.002107466,0.000261106,-0.000005184,-0.000000072,-0.000000094,0.170000005
826,3.466667,-0.000000072,-0.000000095,0.370000005,1.000000000,0.000001274,-0.000000538,-0.000000016,0.000026361,-0.000016055,-0.000053080,0.002111656,0.000264895,-0.000004956,-0.000000072,-0.000000095,0.170000005
827,3.470833,-0.000000072,-0.000000094,0.370000005,0.999999940,0.000001375,-0.000000796,0.000000022,0.000026458,-0.000015738,-0.000053045,0.002104075,0.000265917,-0.000005177,-0.000000072,-0.000000094,0.170000005
828,3.475000,-0.000000071,-0.000000094,0.370000005,0.999999940,0.000001404,-0.000000634,-0.000000011,0.000026767,-0.000015662,-0.000053146,0.002105707,0.000272793,-0.000004986,-0.000000071,-0.000000094,0.170000005
829,3.479167,-0.000000072,-0.000000093,0.370000005,0.999999940,0.000001324,-0.000000600,-0.000000022,0.000026211,-0.000015872,-0.000053050,0.002106733,0.000260399,-0.000005330,-0.000000072,-0.000000093,0.170000005
830,3.483333,-0.000000072,-0.000000091,0.370000005,0.999999940,0.000001259,-0.000000554,-0.000000021,0.000026432,-0.000015776,-0.000053056,0.002105229,0.000265326,-0.000005176,-0.000000072,-0.000000091,0.170000005
831,3.487500,-0.000000071,-0.000000093,0.370000005,1.000000000,0.000001361,-0.000000611,-0.000000020,0.000026500,-0.000015971,-0.000053058,0.002109181,0.000268304,-0.000004866,-0.000000071,-0.000000093,0.170000005
832,3.491667,-0.000000074,-0.000000095,0.370000005,1.000000000,0.000001322,-0.000000739,0.000000018,0.000025780,-0.000016360,-0.000052953,0.002113827,0.000252499,-0.000005189,-0.000000074,-0.000000095,0.170000005
833,3.495833,-0.000000072,-0.000000094,0.370000005,1.000000000,0.000001324,-0.000000612,-0.000000027,0.000026837,-0.000015565,-0.000053148,0.002103929,0.000273892,-0.000005011,-0.000000072,-0.000000094,0.170000005
834,3.500000,-0.000000072,-0.000000094,0.370000005,1.000000000,0.000001283,-0.000000540,-0.000000026,0.000026347,-0.000015953,-0.000053045,0.002108301,0.000264394,-0.000005064,-0.000000072,-0.000000094,0.170000005
835,3.504167,-0.000000072,-0.000000093,0.370000005,0.999999940,0.000001383,-0.000000798,0.000000012,0.000026460,-0.000015740,-0.000053041,0.002104050,0.000265999,-0.000005170,-0.000000072,-0.000000093,0.170000005
836,3.508333,-0.000000072,-0.000000092,0.370000005,0.999999940,0.000001391,-0.000000658,-0.000000022,0.000026621,-0.000015661,-0.000053122,0.002104792,0.000269241,-0.000005140,-0.000000072,-0.000000092,0.170000005
837,3.512500,-0.000000073,-0.000000093,0.370000005,0.999999940,0.000001335,-0.000000602,-0.000000020,0.000026084,-0.000016205,-0.000053034,0.002113020,0.000259166,-0.000005083,-0.000000073,-0.000000093,0.170000005
838,3.516667,-0.000000072,-0.000000093,0.370000005,0.999999940,0.000001273,-0.000000555,-0.000000019,0.000026549,-0.000015798,-0.000053108,0.002107147,0.000268303,-0.000005062,-0.000000072,-0.000000093,0.170000005
839,3.520833,-0.000000071,-0.000000093,0.370000005,1.000000000,0.000001373,-0.000000610,-0.000000018,0.000026584,-0.000015750,-0.000053062,0.002104790,0.000269190,-0.000005026,-0.000000071,-0.000000093,0.170000005
840,3.525000,-0.000000072,-0.000000094,0.370000005,1.000000000,0.000001313,-0.000000557,-0.000000029,0.000026175,-0.000016056,-0.000053035,0.002110101,0.000260569,-0.000005143,-0.000000072,-0.000000094,0.170000005
841,3.529167,-0.000000072,-0.000000095,0.370000005,1.000000000,0.000001249,-0.000000517,-0.000000016,0.000026302,-0.000016095,-0.000053045,0.002111311,0.000263919,-0.000004955,-0.000000072,-0.000000095,0.170000005
842,3.533333,-0.000000072,-0.000000093,0.370000005,0.999999940,0.000001345,-0.000000778,0.000000010,0.000026534,-0.000015605,-0.000053042,0.002101394,0.000267063,-0.000005232,-0.000000072,-0.000000093,0.170000005
843,3.537500,-0.000000071,-0.000000093,0.370000005,0.999999940,0.000001373,-0.000000620,-0.000000023,0.000026736,-0.000015691,-0.000053127,0.002105695,0.000272285,-0.000004971,-0.000000071,-0.000000093,0.170000005
844,3.541667,-0.000000071,-0.000000093,0.370000005,0.999999940,0.000001312,-0.000000569,-0.000000010,0.000026367,-0.000015865,-0.000053069,0.002107175,0.000264305,-0.000005170,-0.000000071,-0.000000093,0.170000005
845,3.545833,-0.000000073,-0.000000093,0.370000005,1.000000000,0.000001415,-0.000000819,0.000000015,0.000026070,-0.000016038,-0.000052974,0.002108081,0.000257940,-0.000005227,-0.000000073,-0.000000093,0.170000005
846,3.550000,-0.000000073,-0.000000093,0.370000005,1.000000000,0.000001279,-0.000000560,-0.000000029,0.000026361,-0.000015992,-0.000053098,0.002110880,0.000264435,-0.000005045,-0.000000073,-0.000000093,0.170000005
847,3.554167,-0.000000073,-0.000000095,0.370000005,0.999999940,0.000001381,-0.000000614,-0.000000018,0.000026325,-0.000016067,-0.000053026,0.002110151,0.000264489,-0.000004938,-0.000000073,-0.000000095,0.170000005
848,3.558333,-0.000000071,-0.000000094,0.370000005,0.999999940,0.000001320,-0.000000566,-0.000000015,0.000026746,-0.000015599,-0.000053151,0.002104382,0.000272018,-0.000005099,-0.000000071,-0.000000094,0.170000005
849,3.562500,-0.000000072,-0.000000094,0.370000005,1.000000000,0.000001423,-0.000000819,0.000000022,0.000026207,-0.000015955,-0.000052999,0.002107006,0.000261019,-0.000005187,-0.000000072,-0.000000094,0.170000005
850,3.566667,-0.000000073,-0.000000094,0.370000005,1.000000000,0.000001287,-0.000000561,-0.000000022,0.000026356,-0.000015988,-0.000053094,0.002110712,0.000264324,-0.000005053,-0.000000073,-0.000000094,0.170000005
851,3.570833,-0.000000074,-0.000000092,0.370000005,0.999999940,0.000001386,-0.000000811,0.000000015,0.000026323,-0.000015731,-0.000053017,0.002103074,0.000262529,-0.000005320,-0.000000074,-0.000000092,0.170000005
852,3.575000,-0.000000071,-0.000000093,0.370000005,0.999999940,0.000001418,-0.000000653,-0.000000018,0.000026859,-0.000015720,-0.000053176,0.002107659,0.000275453,-0.000004835,-0.000000071,-0.000000093,0.170000005
853,3.579167,-0.000000072,-0.000000094,0.370000005,0.999999940,0.000001360,-0.000000596,-0.000000028,0.000026099,-0.000016106,-0.000053032,0.002110931,0.000258969,-0.000005175,-0.000000072,-0.000000094,0.170000005
854,3.583333,-0.000000072,-0.000000092,0.370000005,0.999999940,0.000001296,-0.000000547,-0.000000027,0.000026639,-0.000015584,-0.000053109,0.002102972,0.000269273,-0.000005202,-0.000000072,-0.000000092,0.170000005
855,3.587500,-0.000000073,-0.000000094,0.370000005,0.999999940,0.000001231,-0.000000506,-0.000000026,0.000026123,-0.000016175,-0.000052997,0.002111385,0.000260076,-0.000005029,-0.000000073,-0.000000094,0.170000005
856,3.591667,-0.000000073,-0.000000093,0.370000005,1.000000000,0.000001330,-0.000000772,0.000000024,0.000026445,-0.000015832,-0.000053030,0.002105609,0.000266121,-0.000005068,-0.000000073,-0.000000093,0.170000005
857,3.595833,-0.000000073,-0.000000094,0.370000005,1.000000000,0.000001356,-0.000000614,-0.000000022,0.000026397,-0.000015943,-0.000053056,0.002108711,0.000265345,-0.000005014,-0.000000073,-0.000000094,0.170000005
858,3.600000,-0.000000074,-0.000000094,0.370000005,1.000000000,0.000001293,-0.000000563,-0.000000021,0.000026214,-0.000015963,-0.000053031,0.002108131,0.000260991,-0.000005198,-0.000000074,-0.000000094,0.170000005
859,3.604167,-0.000000073,-0.000000094,0.370000005,0.999999940,0.000001374,-0.000000639,-0.000000020,0.000026582,-0.000015768,-0.000053088,0.002105960,0.000269058,-0.000005036,-0.000000073,-0.000000094,0.170000005
860,3.608333,-0.000000073,-0.000000094,0.370000005,0.999999940,0.000001315,-0.000000588,-0.000000019,0.000026309,-0.000015996,-0.000053065,0.002109819,0.000263489,-0.000005082,-0.000000073,-0.000000094,0.170000005
861,3.612500,-0.000000072,-0.000000091,0.370000005,1.000000000,0.000001396,-0.000000657,-0.000000030,0.000026706,-0.000015444,-0.000053102,0.002099902,0.000270251,-0.000005275,-0.000000072,-0.000000091,0.170000005
862,3.616667,-0.000000072,-0.000000094,0.370000005,1.000000000,0.000001341,-0.000000604,-0.000000005,0.000026223,-0.000016206,-0.000053065,0.002113959,0.000262603,-0.000004948,-0.000000072,-0.000000094,0.170000005
863,3.620833,-0.000000073,-0.000000095,0.370000005,1.000000000,0.000001280,-0.000000557,-0.000000027,0.000026345,-0.000015980,-0.000053072,0.002109748,0.000264230,-0.000005056,-0.000000073,-0.000000095,0.170000005
864,3.625000,-0.000000074,-0.000000093,0.370000005,0.999999940,0.000001379,-0.000000812,0.000000022,0.000026268,-0.000015851,-0.000053002,0.002105102,0.000261837,-0.000005236,-0.000000074,-0.000000093,0.170000005
865,3.629167,-0.000000070,-0.000000094,0.370000005,0.999999940,0.000001411,-0.000000656,-0.000000021,0.000027051,-0.000015608,-0.000053220,0.002106750,0.000279497,-0.000004774,-0.000000070,-0.000000094,0.170000005
866,3.633333,-0.000000071,-0.000000092,0.370000005,0.999999940,0.000001350,-0.000000596,-0.000000021,0.000026244,-0.000015758,-0.000053037,0.002104032,0.000260682,-0.000005410,-0.000000071,-0.000000092,0.170000005
867,3.637500,-0.000000072,-0.000000092,0.370000005,0.999999940,0.000001287,-0.000000545,-0.000000020,0.000026206,-0.000015986,-0.000053023,0.002108480,0.000260847,-0.000005172,-0.000000072,-0.000000092,0.170000005
868,3.641667,-0.000000073,-0.000000095,0.370000005,1.000000000,0.000001370,-0.000000625,-0.000000019,0.000026272,-0.000016191,-0.000053034,0.002112904,0.000263803,-0.000004866,-0.000000073,-0.000000095,0.170000005
869,3.645833,-0.000000073,-0.000000094,0.370000005,1.000000000,0.000001309,-0.000000572,-0.000000018,0.000026421,-0.000015770,-0.000053084,0.002105836,0.000264939,-0.000005227,-0.000000073,-0.000000094,0.170000005
870,3.650000,-0.000000074,-0.000000094,0.370000005,1.000000000,0.000001266,-0.000000711,0.000000009,0.000026170,-0.000016076,-0.000053003,0.002109678,0.000260625,-0.000005090,-0.000000074,-0.000000094,0.170000005
871,3.654167,-0.000000072,-0.000000093,0.370000005,1.000000000,0.000001284,-0.000000567,-0.000000013,0.000026863,-0.000015524,-0.000053113,0.002102016,0.000274608,-0.000004994,-0.000000072,-0.000000093,0.170000005
872,3.658333,-0.000000071,-0.000000094,0.370000005,0.999999940,0.000001387,-0.000000620,-0.000000024,0.000026557,-0.000015825,-0.000053067,0.002106351,0.000268990,-0.000004974,-0.000000071,-0.000000094,0.170000005
873,3.662500,-0.000000071,-0.000000095,0.370000005,0.999999940,0.000001327,-0.000000569,-0.000000023,0.000026309,-0.000015996,-0.000053067,0.002109826,0.000263518,-0.000005084,-0.000000071,-0.000000095,0.170000005
874,3.666667,-0.000000071,-0.000000092,0.370000005,0.999999940,0.000001261,-0.000000522,-0.000000010,0.000026489,-0.000015644,-0.000053063,0.002102748,0.000266020,-0.000005269,-0.000000071,-0.000000092,0.170000005
875,3.670833,-0.000000073,-0.000000092,0.370000005,1.000000000,0.000001360,-0.000000780,0.000000015,0.000026086,-0.000016022,-0.000052951,0.002107096,0.000258367,-0.000005199,-0.000000073,-0.000000092,0.170000005
876,3.675000,-0.000000072,-0.000000095,0.370000005,1.000000000,0.000001392,-0.000000623,-0.000000030,0.000026437,-0.000016193,-0.000053103,0.002115126,0.000267532,-0.000004723,-0.000000072,-0.000000095,0.170000005
877,3.679167,-0.000000073,-0.000000094,0.370000005,1.000000000,0.000001310,-0.000000592,-0.000000018,0.000026242,-0.000015852,-0.000053058,0.002106606,0.000261052,-0.000005327,-0.000000073,-0.000000094,0.170000005
878,3.683333,-0.000000073,-0.000000094,0.370000005,1.000000000,0.000001266,-0.000000525,-0.000000016,0.000026593,-0.000015761,-0.000053085,0.002105763,0.000269318,-0.000005025,-0.000000073,-0.000000094,0.170000005
879,3.687500,-0.000000074,-0.000000096,0.370000005,0.999999940,0.000001369,-0.000000787,0.000000022,0.000026157,-0.000016143,-0.000052986,0.002110431,0.000260854,-0.000005011,-0.000000074,-0.000000096,0.170000005
880,3.691667,-0.000000073,-0.000000094,0.370000005,0.999999940,0.000001396,-0.000000626,-0.000000012,0.000026659,-0.000015644,-0.000053115,0.002104441,0.000270016,-0.000005106,-0.000000073,-0.000000094,0.170000005
881,3.695833,-0.000000073,-0.000000092,0.370000005,0.999999940,0.000001313,-0.000000596,-0.000000023,0.000026440,-0.000015668,-0.000053080,0.002103551,0.000264969,-0.000005316,-0.000000073,-0.000000092,0.170000005
882,3.700000,-0.000000072,-0.000000092,0.370000005,0.999999940,0.000001268,-0.000000529,-0.000000022,0.000026571,-0.000015772,-0.000053076,0.002105740,0.000268856,-0.000005032,-0.000000072,-0.000000092,0.170000005
883,3.704167,-0.000000070,-0.000000093,0.370000005,1.000000000,0.000001350,-0.000000613,-0.000000020,0.000026689,-0.000015779,-0.000053106,0.002106548,0.000271961,-0.000004909,-0.000000070,-0.000000093,0.170000005
884,3.708333,-0.000000073,-0.000000094,0.370000005,1.000000000,0.000001309,-0.000000740,0.000000006,0.000025799,-0.000016267,-0.000052946,0.002111681,0.000252553,-0.000005265,-0.000000073,-0.000000094,0.170000005
885,3.712500,-0.000000073,-0.000000094,0.370000005,1.000000000,0.000001358,-0.000000767,0.000000021,0.000026427,-0.000015952,-0.000053059,0.002109180,0.000265944,-0.000004975,-0.000000073,-0.000000094,0.170000005
886,3.716667,-0.000000074,-0.000000093,0.370000005,1.000000000,0.000001364,-0.000000628,-0.000000025,0.000026455,-0.000015749,-0.000053080,0.002105406,0.000265623,-0.000005194,-0.000000074,-0.000000093,0.170000005
887,3.720833,-0.000000072,-0.000000094,0.370000005,1.000000000,0.000001305,-0.000000582,-0.000000022,0.000026671,-0.000015801,-0.000053143,0.002108110,0.000271386,-0.000004945,-0.000000072,-0.000000094,0.170000005
888,3.725000,-0.000000072,-0.000000095,0.370000005,1.000000000,0.000001242,-0.000000538,-0.000000021,0.000026340,-0.000015962,-0.000053051,0.002108631,0.000264231,-0.000005068,-0.000000072,-0.000000095,0.170000005
889,3.729167,-0.000000072,-0.000000093,0.370000005,0.999999940,0.000001361,-0.000000775,0.000000017,0.000026490,-0.000015718,-0.000053025,0.002103208,0.000266628,-0.000005139,-0.000000072,-0.000000093,0.170000005
890,3.733333,-0.000000072,-0.000000092,0.370000005,0.999999940,0.000001366,-0.000000636,-0.000000029,0.000026439,-0.000015764,-0.000053071,0.002105447,0.000265338,-0.000005186,-0.000000072,-0.000000092,0.170000005
891,3.737500,-0.000000072,-0.000000092,0.370000005,0.999999940,0.000001306,-0.000000584,-0.000000016,0.000026378,-0.000015875,-0.000053070,0.002107578,0.000264488,-0.000005146,-0.000000072,-0.000000092,0.170000005
892,3.741667,-0.000000072,-0.000000093,0.370000005,0.999999940,0.000001243,-0.000000543,-0.000000026,0.000026526,-0.000015875,-0.000053092,0.002108219,0.000268261,-0.000004982,-0.000000072,-0.000000093,0.170000005
893,3.745833,-0.000000073,-0.000000093,0.370000005,1.000000000,0.000001365,-0.000000776,0.000000010,0.000026038,-0.000016128,-0.000052943,0.002108955,0.000257803,-0.000005128,-0.000000073,-0.000000093,0.170000005
894,3.750000,-0.000000074,-0.000000094,0.370000005,1.000000000,0.000001373,-0.000000639,-0.000000035,0.000026380,-0.000015976,-0.000053083,0.002110117,0.000264914,-0.000005023,-0.000000074,-0.000000094,0.170000005
895,3.754167,-0.000000072,-0.000000095,0.370000005,1.000000000,0.000001315,-0.000000593,-0.000000033,0.000026671,-0.000015800,-0.000053148,0.002108282,0.000271328,-0.000004952,-0.000000072,-0.000000095,0.170000005
896,3.758333,-0.000000072,-0.000000094,0.370000005,1.000000000,0.000001249,-0.000000547,-0.000000032,0.000026429,-0.000015746,-0.000053054,0.002104464,0.000265230,-0.000005216,-0.000000072,-0.000000094,0.170000005
897,3.762500,-0.000000071,-0.000000094,0.370000005,0.999999940,0.000001350,-0.000000603,-0.000000020,0.000026580,-0.000015830,-0.000053064,0.002106557,0.000269494,-0.000004943,-0.000000071,-0.000000094,0.170000005
898,3.766667,-0.000000072,-0.000000092,0.370000005,0.999999940,0.000001304,-0.000000733,0.000000019,0.000026281,-0.000015756,-0.000053026,0.002103867,0.000261505,-0.000005356,-0.000000072,-0.000000092,0.170000005
899,3.770833,-0.000000071,-0.000000094,0.370000005,0.999999940,0.000001330,-0.000000582,-0.000000027,0.000026524,-0.000015973,-0.000053078,0.002109986,0.000268640,-0.000004847,-0.000000071,-0.000000094,0.170000005
900,3.775000,-0.000000072,-0.000000094,0.370000005,0.999999940,0.000001286,-0.000000716,0.000000035,0.000026200,-0.000015964,-0.000053017,0.002107739,0.000260754,-0.000005206,-0.000000072,-0.000000094,0.170000005
