step,sim_time_s,px_m,py_m,pz_m,qw,qx,qy,qz,vx_mps,vy_mps,vz_mps,wx_radps,wy_radps,wz_radps,local_x_m,local_y_m,local_z_m
1,0.029167,0.000000000,0.000000000,0.465231270,1.000000000,0.000000000,0.000000000,0.000000000,0.000000000,0.000000000,-0.286125004,0.000000000,0.000000000,0.000000000,0.000000000,0.000000000,0.265231270
2,0.033333,0.000000000,0.000000000,0.463868767,1.000000000,0.000000000,0.000000000,0.000000000,0.000000000,0.000000000,-0.327000022,0.000000000,0.000000000,0.000000000,0.000000000,0.000000000,0.263868767
3,0.037500,0.000000000,0.000000000,0.462335944,1.000000000,0.000000000,0.000000000,0.000000000,0.000000000,0.000000000,-0.367875040,0.000000000,0.000000000,0.000000000,0.000000000,0.000000000,0.262335944
4,0.041667,0.000000000,0.000000000,0.460632831,1.000000000,0.000000000,0.000000000,0.000000000,0.000000000,0.000000000,-0.408750057,0.000000000,0.000000000,0.000000000,0.000000000,0.000000000,0.260632831
5,0.045833,0.000000000,0.000000000,0.458759397,1.000000000,0.000000000,0.000000000,0.000000000,0.000000000,0.000000000,-0.449625075,0.000000000,0.000000000,0.000000000,0.000000000,0.000000000,0.258759397
6,0.050000,0.000000000,0.000000000,0.456715643,1.000000000,0.000000000,0.000000000,0.000000000,0.000000000,0.000000000,-0.490500093,0.000000000,0.000000000,0.000000000,0.000000000,0.000000000,0.256715643
7,0.054167,0.000000000,0.000000000,0.454501569,1.000000000,0.000000000,0.000000000,0.000000000,0.000000000,0.000000000,-0.531375110,0.000000000,0.000000000,0.000000000,0.000000000,0.000000000,0.254501569
8,0.058333,0.000000000,0.000000000,0.452117205,1.000000000,0.000000000,0.000000000,0.000000000,0.000000000,0.000000000,-0.572250128,0.000000000,0.000000000,0.000000000,0.000000000,0.000000000,0.252117205
9,0.062500,0.000000000,0.000000000,0.449562520,1.000000000,0.000000000,0.000000000,0.000000000,0.000000000,0.000000000,-0.613125145,0.000000000,0.000000000,0.000000000,0.000000000,0.000000000,0.249562520
10,0.066667,0.000000000,0.000000000,0.446837515,1.000000000,0.000000000,0.000000000,0.000000000,0.000000000,0.000000000,-0.654000163,0.000000000,0.000000000,0.000000000,0.000000000,0.000000000,0.246837515
11,0.070833,0.000000000,0.000000000,0.443942189,1.000000000,0.000000000,0.000000000,0.000000000,0.000000000,0.000000000,-0.694875181,0.000000000,0.000000000,0.000000000,0.000000000,0.000000000,0.243942189
12,0.075000,0.000000000,0.000000000,0.440876573,1.000000000,0.000000000,0.000000000,0.000000000,0.000000000,0.000000000,-0.735750198,0.000000000,0.000000000,0.000000000,0.000000000,0.000000000,0.240876573
13,0.079167,0.000000000,0.000000000,0.437640637,1.000000000,0.000000000,0.000000000,0.000000000,0.000000000,0.000000000,-0.776625216,0.000000000,0.000000000,0.000000000,0.000000000,0.000000000,0.237640637
14,0.083333,0.000000000,0.000000000,0.434234381,1.000000000,0.000000000,0.000000000,0.000000000,0.000000000,0.000000000,-0.817500234,0.000000000,0.000000000,0.000000000,0.000000000,0.000000000,0.234234381
15,0.087500,0.000000000,0.000000000,0.430657804,1.000000000,0.000000000,0.000000000,0.000000000,0.000000000,0.000000000,-0.858375251,0.000000000,0.000000000,0.000000000,0.000000000,0.000000000,0.230657804
16,0.091667,0.000000000,0.000000000,0.426910937,1.000000000,0.000000000,0.000000000,0.000000000,0.000000000,0.000000000,-0.899250269,0.000000000,0.000000000,0.000000000,0.000000000,0.000000000,0.226910937
17,0.095833,0.000000000,0.000000000,0.422993749,1.000000000,0.000000000,0.000000000,0.000000000,0.000000000,0.000000000,-0.940125287,0.000000000,0.000000000,0.000000000,0.000000000,0.000000000,0.222993749
18,0.100000,0.000000000,0.000000000,0.418906242,1.000000000,0.000000000,0.000000000,0.000000000,0.000000000,0.000000000,-0.981000304,0.000000000,0.000000000,0.000000000,0.000000000,0.000000000,0.218906242
19,0.104167,0.000000000,0.000000000,0.414648414,1.000000000,0.000000000,0.000000000,0.000000000,0.000000000,0.000000000,-1.021875262,0.000000000,0.000000000,0.000000000,0.000000000,0.000000000,0.214648414
20,0.108333,0.000000000,0.000000000,0.410220295,1.000000000,0.000000000,0.000000000,0.000000000,0.000000000,0.000000000,-1.062750220,0.000000000,0.000000000,0.000000000,0.000000000,0.000000000,0.210220295
21,0.112500,0.000000000,0.000000000,0.405621856,1.000000000,0.000000000,0.000000000,0.000000000,0.000000000,0.000000000,-1.103625178,0.000000000,0.000000000,0.000000000,0.000000000,0.000000000,0.205621856
22,0.116667,0.000000000,0.000000000,0.400853097,1.000000000,0.000000000,0.000000000,0.000000000,0.000000000,0.000000000,-1.144500136,0.000000000,0.000000000,0.000000000,0.000000000,0.000000000,0.200853097
23,0.120833,0.000000000,0.000000000,0.395914048,1.000000000,0.000000000,0.000000000,0.000000000,0.000000000,0.000000000,-1.185375094,0.000000000,0.000000000,0.000000000,0.000000000,0.000000000,0.195914048
24,0.125000,0.000000000,0.000000000,0.390804678,1.000000000,0.000000000,0.000000000,0.000000000,0.000000000,0.000000000,-1.226250052,0.000000000,0.000000000,0.000000000,0.000000000,0.000000000,0.190804678
25,0.129167,0.000000000,0.000000000,0.385524988,1.000000000,0.000000000,0.000000000,0.000000000,0.000000000,0.000000000,-1.267125010,0.000000000,0.000000000,0.000000000,0.000000000,0.000000000,0.185524988
26,0.133333,0.000000000,0.000000000,0.380074978,1.000000000,0.000000000,0.000000000,0.000000000,0.000000000,0.000000000,-1.307999969,0.000000000,0.000000000,0.000000000,0.000000000,0.000000000,0.180074978
27,0.137500,0.000000000,0.000000000,0.374454677,1.000000000,0.000000000,0.000000000,0.000000000,0.000000000,0.000000000,-1.348874927,0.000000000,0.000000000,0.000000000,0.000000000,0.000000000,0.174454677
28,0.141667,0.000000000,0.000000000,0.368664056,1.000000000,0.000000000,0.000000000,0.000000000,0.000000000,0.000000000,-1.389749885,0.000000000,0.000000000,0.000000000,0.000000000,0.000000000,0.168664056
29,0.145833,0.000000000,0.000000000,0.362703115,1.000000000,0.000000000,0.000000000,0.000000000,0.000000000,0.000000000,-1.430624843,0.000000000,0.000000000,0.000000000,0.000000000,0.000000000,0.162703115
30,0.150000,0.000000000,0.000000000,0.356571853,1.000000000,0.000000000,0.000000000,0.000000000,0.000000000,0.000000000,-1.471499801,0.000000000,0.000000000,0.000000000,0.000000000,0.000000000,0.156571853
31,0.154167,0.000000000,0.000000000,0.350270301,1.000000000,0.000000000,0.000000000,0.000000000,0.000000000,0.000000000,-1.512374759,0.000000000,0.000000000,0.000000000,0.000000000,0.000000000,0.150270301
32,0.158333,0.000000000,0.000000000,0.343798429,1.000000000,0.000000000,0.000000000,0.000000000,0.000000000,0.000000000,-1.553249717,0.000000000,0.000000000,0.000000000,0.000000000,0.000000000,0.143798429
33,0.162500,0.000000000,0.000000000,0.337156236,1.000000000,0.000000000,0.000000000,0.000000000,0.000000000,0.000000000,-1.594124675,0.000000000,0.000000000,0.000000000,0.000000000,0.000000000,0.137156236
34,0.166667,0.000000000,0.000000000,0.330343723,1.000000000,0.000000000,0.000000000,0.000000000,0.000000000,0.000000000,-1.634999633,0.000000000,0.000000000,0.000000000,0.000000000,0.000000000,0.130343723
35,0.170833,0.000000000,0.000000000,0.323360920,1.000000000,0.000000000,0.000000000,0.000000000,0.000000000,0.000000000,-1.675874591,0.000000000,0.000000000,0.000000000,0.000000000,0.000000000,0.123360920
36,0.175000,0.000000000,0.000000000,0.316207796,1.000000000,0.000000000,0.000000000,0.000000000,0.000000000,0.000000000,-1.716749549,0.000000000,0.000000000,0.000000000,0.000000000,0.000000000,0.116207796
37,0.179167,0.000000000,0.000000000,0.308884352,1.000000000,0.000000000,0.000000000,0.000000000,0.000000000,0.000000000,-1.757624507,0.000000000,0.000000000,0.000000000,0.000000000,0.000000000,0.108884352
38,0.183333,0.000000000,0.000000000,0.301390618,1.000000000,0.000000000,0.000000000,0.000000000,0.000000000,0.000000000,-1.798499465,0.000000000,0.000000000,0.000000000,0.000000000,0.000000000,0.101390618
39,0.187500,0.000000000,0.000000000,0.293726563,1.000000000,0.000000000,0.000000000,0.000000000,0.000000000,0.000000000,-1.839374423,0.000000000,0.000000000,0.000000000,0.000000000,0.000000000,0.093726563
40,0.191667,0.000000000,0.000000000,0.285892189,1.000000000,0.000000000,0.000000000,0.000000000,0.000000000,0.000000000,-1.880249381,0.000000000,0.000000000,0.000000000,0.000000000,0.000000000,0.085892189
41,0.195833,0.000000000,0.000000000,0.277887493,1.000000000,0.000000000,0.000000000,0.000000000,0.000000000,0.000000000,-1.921124339,0.000000000,0.000000000,0.000000000,0.000000000,0.000000000,0.077887493
42,0.200000,0.000000000,0.000000000,0.269712508,1.000000000,0.000000000,0.000000000,0.000000000,0.000000000,0.000000000,-1.961999297,0.000000000,0.000000000,0.000000000,0.000000000,0.000000000,0.069712508
43,0.204167,0.000000000,0.000000000,0.261367202,1.000000000,0.000000000,0.000000000,0.000000000,0.000000000,0.000000000,-2.002874374,0.000000000,0.000000000,0.000000000,0.000000000,0.000000000,0.061367202
44,0.208333,0.000000000,0.000000000,0.252851576,1.000000000,0.000000000,0.000000000,0.000000000,0.000000000,0.000000000,-2.043749332,0.000000000,0.000000000,0.000000000,0.000000000,0.000000000,0.052851576
45,0.212500,0.000000000,0.000000000,0.244165644,1.000000000,0.000000000,0.000000000,0.000000000,0.000000000,0.000000000,-2.084624290,0.000000000,0.000000000,0.000000000,0.000000000,0.000000000,0.044165644
46,0.216667,0.000000000,0.000000000,0.235309392,1.000000000,0.000000000,0.000000000,0.000000000,0.000000000,0.000000000,-2.125499249,0.000000000,0.000000000,0.000000000,0.000000000,0.000000000,0.035309392
47,0.220833,0.000004833,0.000004912,0.239999279,0.999999940,-0.000192750,0.000167251,-0.000000459,-0.048505019,-0.060895912,-0.003561184,1.526581287,-1.023265600,0.006323806,0.000004833,0.000004912,0.039999279
48,0.225000,-0.000140158,-0.000176522,0.239999995,0.999999940,0.000000048,-0.000000071,0.000008804,-0.034675073,-0.043508962,-0.000003147,-0.000196909,0.000199488,0.003748984,-0.000140158,-0.000176522,0.039999995
49,0.229167,-0.000232346,-0.000292300,0.239999995,0.999999940,0.000000670,0.000000214,0.000012586,-0.021939464,-0.027522841,-0.000000185,-0.000017310,-0.000006098,0.002053056,-0.000232346,-0.000292300,0.039999995
50,0.233333,-0.000272467,-0.000342704,0.239999995,1.000000000,0.000000065,0.000000237,0.000014100,-0.009207788,-0.011535866,-0.000000782,-0.000053757,-0.000008523,0.000513754,-0.000272467,-0.000342704,0.039999995
51,0.237500,-0.000272476,-0.000343038,0.239999995,0.999999940,0.000004696,-0.000001373,0.000013991,-0.000332167,0.000513725,-0.000233494,-0.004203661,-0.004704032,0.000024932,-0.000272476,-0.000343038,0.039999995
52,0.241667,-0.000272571,-0.000342785,0.239999995,1.000000000,0.000000763,-0.000000523,0.000014073,0.000041309,-0.000017095,-0.000049850,0.001763953,0.000373760,0.000042515,-0.000272571,-0.000342785,0.039999995
53,0.245833,-0.000272549,-0.000342797,0.239999995,1.000000000,0.000001253,-0.000000540,0.000014081,0.000029401,-0.000014098,-0.000053828,0.002088664,0.000334102,-0.000004339,-0.000272549,-0.000342797,0.039999995
54,0.250000,-0.000272551,-0.000342796,0.239999995,0.999999940,0.000001248,-0.000000640,0.000014115,0.000025985,-0.000015693,-0.000053086,0.002102911,0.000254577,-0.000005861,-0.000272551,-0.000342796,0.039999995
55,0.254167,-0.000272549,-0.000342794,0.239999995,1.000000000,0.000001293,-0.000000684,0.000014116,0.000026815,-0.000015343,-0.000053293,0.002103029,0.000271906,-0.000005454,-0.000272549,-0.000342794,0.039999995
56,0.258333,-0.000272550,-0.000342797,0.239999995,0.999999940,0.000001479,-0.000000856,0.000014116,0.000026057,-0.000016130,-0.000053174,0.002115045,0.000257775,-0.000005344,-0.000272550,-0.000342797,0.039999995
57,0.262500,-0.000272550,-0.000342795,0.239999995,0.999999940,0.000001388,-0.000000748,0.000014119,0.000026595,-0.000015388,-0.000053346,0.002105445,0.000266175,-0.000005731,-0.000272550,-0.000342795,0.039999995
58,0.266667,-0.000272549,-0.000342795,0.239999995,0.999999940,0.000001408,-0.000000817,0.000014110,0.000026486,-0.000015670,-0.000053298,0.002109462,0.000265546,-0.000005485,-0.000272549,-0.000342795,0.039999995
59,0.270833,-0.000272548,-0.000342794,0.239999995,0.999999940,0.000001317,-0.000000720,0.000014113,0.000026513,-0.000015580,-0.000053312,0.002108147,0.000265503,-0.000005573,-0.000272548,-0.000342794,0.039999995
60,0.275000,-0.000272550,-0.000342795,0.239999995,0.999999940,0.000001355,-0.000000768,0.000014114,0.000026121,-0.000015951,-0.000053198,0.002112351,0.000258079,-0.000005501,-0.000272550,-0.000342795,0.039999995
61,0.279167,-0.000272549,-0.000342795,0.239999995,0.999999940,0.000001261,-0.000000678,0.000014116,0.000026544,-0.000015573,-0.000053303,0.002107881,0.000266228,-0.000005532,-0.000272549,-0.000342795,0.039999995
62,0.283333,-0.000272548,-0.000342795,0.239999995,1.000000000,0.000001311,-0.000000718,0.000014106,0.000026506,-0.000015659,-0.000053251,0.002108031,0.000266100,-0.000005423,-0.000272548,-0.000342795,0.039999995
63,0.287500,-0.000272550,-0.000342794,0.239999995,0.999999940,0.000001361,-0.000000745,0.000014106,0.000026225,-0.000015720,-0.000053206,0.002107900,0.000259396,-0.000005651,-0.000272550,-0.000342794,0.039999995
64,0.291667,-0.000272549,-0.000342796,0.239999995,0.999999940,0.000001404,-0.000000794,0.000014120,0.000026398,-0.000015909,-0.000053279,0.002113939,0.000264569,-0.000005298,-0.000272549,-0.000342796,0.039999995
65,0.295833,-0.000272549,-0.000342795,0.239999995,0.999999940,0.000001312,-0.000000700,0.000014100,0.000026525,-0.000015572,-0.000053311,0.002108012,0.000265776,-0.000005560,-0.000272549,-0.000342795,0.039999995
66,0.300000,-0.000272550,-0.000342795,0.239999995,1.000000000,0.000001360,-0.000000731,0.000014123,0.000026217,-0.000015727,-0.000053192,0.002107677,0.000259283,-0.000005640,-0.000272550,-0.000342795,0.039999995
67,0.304167,-0.000272550,-0.000342796,0.239999995,1.000000000,0.000001379,-0.000000802,0.000014113,0.000026309,-0.000015856,-0.000053263,0.002112354,0.000262057,-0.000005448,-0.000272550,-0.000342796,0.039999995
68,0.308333,-0.000272549,-0.000342797,0.239999995,1.000000000,0.000001312,-0.000000685,0.000014116,0.000026475,-0.000015763,-0.000053300,0.002111579,0.000265604,-0.000005392,-0.000272549,-0.000342797,0.039999995
69,0.312500,-0.000272550,-0.000342795,0.239999995,0.999999940,0.000001359,-0.000000717,0.000014116,0.000026449,-0.000015511,-0.000053237,0.002104717,0.000263763,-0.000005654,-0.000272550,-0.000342795,0.039999995
70,0.316667,-0.000272549,-0.000342794,0.239999995,0.999999940,0.000001374,-0.000000789,0.000014119,0.000026524,-0.000015575,-0.000053291,0.002107428,0.000265935,-0.000005542,-0.000272549,-0.000342794,0.039999995
71,0.320833,-0.000272549,-0.000342795,0.239999995,0.999999940,0.000001416,-0.000000831,0.000014109,0.000026293,-0.000015855,-0.000053257,0.002112040,0.000261748,-0.000005461,-0.000272549,-0.000342795,0.039999995
72,0.325000,-0.000272549,-0.000342795,0.239999995,0.999999940,0.000001326,-0.000000734,0.000014112,0.000026519,-0.000015584,-0.000053317,0.002108495,0.000265635,-0.000005567,-0.000272549,-0.000342795,0.039999995
73,0.329167,-0.000272550,-0.000342794,0.239999995,1.000000000,0.000001376,-0.000000761,0.000014112,0.000026209,-0.000015735,-0.000053201,0.002108099,0.000259068,-0.000005648,-0.000272550,-0.000342794,0.039999995
74,0.333333,-0.000272549,-0.000342796,0.239999995,1.000000000,0.000001420,-0.000000806,0.000014103,0.000026405,-0.000015903,-0.000053292,0.002114129,0.000264684,-0.000005303,-0.000272549,-0.000342796,0.039999995
75,0.337500,-0.000272548,-0.000342796,0.239999995,1.000000000,0.000001464,-0.000000842,0.000014118,0.000026504,-0.000015654,-0.000053322,0.002110015,0.000265627,-0.000005511,-0.000272548,-0.000342796,0.039999995
76,0.341667,-0.000272550,-0.000342796,0.239999995,1.000000000,0.000001362,-0.000000753,0.000014109,0.000026104,-0.000015893,-0.000053254,0.002112729,0.000257087,-0.000005647,-0.000272550,-0.000342796,0.039999995
77,0.345833,-0.000272550,-0.000342797,0.239999995,1.000000000,0.000001268,-0.000000665,0.000014110,0.000026356,-0.000015754,-0.000053257,0.002110214,0.000262635,-0.000005505,-0.000272550,-0.000342797,0.039999995
78,0.350000,-0.000272549,-0.000342794,0.239999995,0.999999940,0.000001312,-0.000000702,0.000014111,0.000026679,-0.000015307,-0.000053268,0.002101526,0.000268342,-0.000005640,-0.000272549,-0.000342794,0.039999995
79,0.354167,-0.000272549,-0.000342796,0.239999995,1.000000000,0.000001367,-0.000000741,0.000014101,0.000026444,-0.000015846,-0.000053257,0.002111944,0.000265612,-0.000005287,-0.000272549,-0.000342796,0.039999995
80,0.358333,-0.000272551,-0.000342797,0.239999995,1.000000000,0.000001405,-0.000000782,0.000014113,0.000025976,-0.000016016,-0.000053182,0.002113192,0.000254734,-0.000005588,-0.000272551,-0.000342797,0.039999995
81,0.362500,-0.000272549,-0.000342795,0.239999995,1.000000000,0.000001312,-0.000000690,0.000014116,0.000026770,-0.000015370,-0.000053355,0.002105409,0.000270565,-0.000005546,-0.000272549,-0.000342795,0.039999995
82,0.366667,-0.000272549,-0.000342795,0.239999995,0.999999940,0.000001362,-0.000000724,0.000014117,0.000026353,-0.000015722,-0.000053224,0.002108390,0.000262741,-0.000005509,-0.000272549,-0.000342795,0.039999995
83,0.370833,-0.000272549,-0.000342795,0.239999995,0.999999940,0.000001378,-0.000000796,0.000014120,0.000026526,-0.000015576,-0.000053297,0.002107627,0.000265897,-0.000005546,-0.000272549,-0.000342795,0.039999995
84,0.375000,-0.000272548,-0.000342795,0.239999995,0.999999940,0.000001288,-0.000000703,0.000014111,0.000026499,-0.000015662,-0.000053304,0.002109566,0.000265709,-0.000005484,-0.000272548,-0.000342795,0.039999995
85,0.379167,-0.000272550,-0.000342793,0.239999995,1.000000000,0.000001334,-0.000000731,0.000014110,0.000026093,-0.000015711,-0.000053160,0.002106413,0.000256135,-0.000005774,-0.000272550,-0.000342793,0.039999995
86,0.383333,-0.000272551,-0.000342796,0.239999995,1.000000000,0.000001375,-0.000000780,0.000014111,0.000026064,-0.000016166,-0.000053202,0.002116910,0.000257763,-0.000005324,-0.000272551,-0.000342796,0.039999995
87,0.387500,-0.000272551,-0.000342796,0.239999995,1.000000000,0.000001284,-0.000000690,0.000014102,0.000026496,-0.000015684,-0.000053307,0.002110216,0.000265606,-0.000005462,-0.000272551,-0.000342796,0.039999995
88,0.391667,-0.000272550,-0.000342796,0.239999995,0.999999940,0.000001333,-0.000000731,0.000014115,0.000026560,-0.000015608,-0.000053264,0.002107378,0.000267111,-0.000005434,-0.000272550,-0.000342796,0.039999995
89,0.395833,-0.000272550,-0.000342795,0.239999995,1.000000000,0.000001384,-0.000000762,0.000014117,0.000026548,-0.000015548,-0.000053275,0.002106449,0.000266459,-0.000005529,-0.000272550,-0.000342795,0.039999995
90,0.400000,-0.000272550,-0.000342796,0.239999995,1.000000000,0.000001426,-0.000000805,0.000014107,0.000026308,-0.000015840,-0.000053258,0.002111822,0.000262015,-0.000005462,-0.000272550,-0.000342796,0.039999995
91,0.404167,-0.000272549,-0.000342798,0.239999995,1.000000000,0.000001472,-0.000000842,0.000014110,0.000026445,-0.000015786,-0.000053316,0.002112503,0.000264913,-0.000005422,-0.000272549,-0.000342798,0.039999995
92,0.408333,-0.000272549,-0.000342796,0.239999995,1.000000000,0.000001494,-0.000000892,0.000014113,0.000026363,-0.000015580,-0.000053309,0.002107978,0.000261749,-0.000005754,-0.000272549,-0.000342796,0.039999995
93,0.412500,-0.000272550,-0.000342796,0.239999995,1.000000000,0.000001394,-0.000000800,0.000014116,0.000026290,-0.000015797,-0.000053301,0.002112229,0.000261073,-0.000005583,-0.000272550,-0.000342796,0.039999995
94,0.416667,-0.000272550,-0.000342796,0.239999995,1.000000000,0.000001435,-0.000000838,0.000014118,0.000026329,-0.000015764,-0.000053272,0.002110754,0.000261996,-0.000005542,-0.000272550,-0.000342796,0.039999995
95,0.420833,-0.000272550,-0.000342796,0.239999995,1.000000000,0.000001481,-0.000000868,0.000014120,0.000026309,-0.000015778,-0.000053289,0.002111461,0.000261524,-0.000005567,-0.000272550,-0.000342796,0.039999995
96,0.425000,-0.000272550,-0.000342798,0.239999995,1.000000000,0.000001381,-0.000000781,0.000014112,0.000026276,-0.000015877,-0.000053299,0.002113840,0.000261136,-0.000005503,-0.000272550,-0.000342798,0.039999995
97,0.429167,-0.000272551,-0.000342797,0.239999995,1.000000000,0.000001286,-0.000000687,0.000014113,0.000026213,-0.000015740,-0.000053230,0.002109024,0.000259055,-0.000005667,-0.000272551,-0.000342797,0.039999995
98,0.433333,-0.000272551,-0.000342796,0.239999995,0.999999940,0.000001334,-0.000000726,0.000014114,0.000026596,-0.000015528,-0.000053264,0.002105918,0.000267503,-0.000005480,-0.000272551,-0.000342796,0.039999995
99,0.437500,-0.000272548,-0.000342795,0.239999995,1.000000000,0.000001386,-0.000000762,0.000014117,0.000026889,-0.000015362,-0.000053347,0.002104741,0.000273866,-0.000005400,-0.000272548,-0.000342795,0.039999995
100,0.441667,-0.000272550,-0.000342796,0.239999995,1.000000000,0.000001426,-0.000000801,0.000014106,0.000025954,-0.000016016,-0.000053179,0.002112919,0.000254397,-0.000005607,-0.000272550,-0.000342796,0.039999995
101,0.445833,-0.000272550,-0.000342797,0.239999995,1.000000000,0.000001472,-0.000000837,0.000014109,0.000026458,-0.000015796,-0.000053323,0.002112925,0.000265213,-0.000005400,-0.000272550,-0.000342797,0.039999995
102,0.450000,-0.000272550,-0.000342796,0.239999995,1.000000000,0.000001494,-0.000000887,0.000014112,0.000026362,-0.000015579,-0.000053308,0.002108019,0.000261655,-0.000005757,-0.000272550,-0.000342796,0.039999995
103,0.454167,-0.000272550,-0.000342796,0.239999995,1.000000000,0.000001394,-0.000000796,0.000014115,0.000026291,-0.000015796,-0.000053302,0.002112249,0.000261053,-0.000005584,-0.000272550,-0.000342796,0.039999995
104,0.458333,-0.000272551,-0.000342796,0.239999995,1.000000000,0.000001436,-0.000000833,0.000014117,0.000026329,-0.000015764,-0.000053271,0.002110746,0.000261980,-0.000005541,-0.000272551,-0.000342796,0.039999995
105,0.462500,-0.000272551,-0.000342796,0.239999995,1.000000000,0.000001481,-0.000000863,0.000014119,0.000026309,-0.000015779,-0.000053288,0.002111515,0.000261479,-0.000005567,-0.000272551,-0.000342796,0.039999995
106,0.466667,-0.000272549,-0.000342797,0.239999995,1.000000000,0.000001507,-0.000000714,0.000014073,0.000026618,-0.000015691,-0.000053374,0.002112172,0.000268664,-0.000005378,-0.000272549,-0.000342797,0.039999995
107,0.470833,-0.000272549,-0.000342796,0.239999995,1.000000000,0.000001463,-0.000000845,0.000014100,0.000026311,-0.000015603,-0.000053312,0.002108427,0.000260600,-0.000005802,-0.000272549,-0.000342796,0.039999995
108,0.475000,-0.000272549,-0.000342796,0.239999995,1.000000000,0.000001510,-0.000000874,0.000014115,0.000026492,-0.000015678,-0.000053334,0.002110780,0.000265487,-0.000005511,-0.000272549,-0.000342796,0.039999995
109,0.479167,-0.000272552,-0.000342796,0.239999995,1.000000000,0.000001388,-0.000000800,0.000014105,0.000025733,-0.000016101,-0.000053198,0.002115219,0.000248952,-0.000005800,-0.000272552,-0.000342796,0.039999995
110,0.483333,-0.000272550,-0.000342796,0.239999995,1.000000000,0.000001298,-0.000000710,0.000014109,0.000026690,-0.000015594,-0.000053355,0.002109892,0.000269842,-0.000005383,-0.000272550,-0.000342796,0.039999995
111,0.487500,-0.000272551,-0.000342796,0.239999995,0.999999940,0.000001349,-0.000000744,0.000014110,0.000026354,-0.000015721,-0.000053230,0.002108559,0.000262685,-0.000005516,-0.000272551,-0.000342796,0.039999995
112,0.491667,-0.000272550,-0.000342796,0.239999995,0.999999940,0.000001253,-0.000000658,0.000014112,0.000026586,-0.000015524,-0.000053295,0.002106621,0.000267126,-0.000005529,-0.000272550,-0.000342796,0.039999995
113,0.495833,-0.000272550,-0.000342794,0.239999995,1.000000000,0.000001296,-0.000000698,0.000014112,0.000026452,-0.000015509,-0.000053212,0.002103845,0.000263968,-0.000005623,-0.000272550,-0.000342794,0.039999995
114,0.500000,-0.000272550,-0.000342796,0.239999995,0.999999940,0.000001483,-0.000000867,0.000014113,0.000026276,-0.000015947,-0.000053225,0.002113023,0.000261978,-0.000005344,-0.000272550,-0.000342796,0.039999995
115,0.504167,-0.000272550,-0.000342795,0.239999995,0.999999940,0.000001529,-0.000000894,0.000014116,0.000026499,-0.000015599,-0.000053336,0.002109365,0.000265058,-0.000005595,-0.000272550,-0.000342795,0.039999995
116,0.508333,-0.000272550,-0.000342794,0.239999995,0.999999940,0.000001406,-0.000000822,0.000014119,0.000026328,-0.000015612,-0.000053319,0.002108940,0.000260929,-0.000005773,-0.000272550,-0.000342794,0.039999995
117,0.512500,-0.000272550,-0.000342795,0.239999995,0.999999940,0.000001452,-0.000000859,0.000014122,0.000026431,-0.000015804,-0.000053308,0.002112584,0.000264731,-0.000005409,-0.000272550,-0.000342795,0.039999995
118,0.516667,-0.000272549,-0.000342793,0.239999995,0.999999940,0.000001363,-0.000000753,0.000014114,0.000026519,-0.000015507,-0.000053332,0.002107327,0.000265110,-0.000005671,-0.000272549,-0.000342793,0.039999995
119,0.520833,-0.000272549,-0.000342795,0.239999995,0.999999940,0.000001405,-0.000000800,0.000014116,0.000026239,-0.000015975,-0.000053241,0.002113997,0.000261140,-0.000005373,-0.000272549,-0.000342795,0.039999995
120,0.525000,-0.000272549,-0.000342796,0.239999995,0.999999940,0.000001315,-0.000000707,0.000014107,0.000026505,-0.000015666,-0.000053314,0.002110027,0.000265771,-0.000005480,-0.000272549,-0.000342796,0.039999995
121,0.529167,-0.000272551,-0.000342796,0.239999995,1.000000000,0.000001365,-0.000000736,0.000014106,0.000026004,-0.000015927,-0.000053157,0.002110630,0.000255145,-0.000005628,-0.000272551,-0.000342796,0.039999995
122,0.533333,-0.000272550,-0.000342795,0.239999995,1.000000000,0.000001381,-0.000000807,0.000014109,0.000026554,-0.000015570,-0.000053305,0.002107885,0.000266453,-0.000005527,-0.000272550,-0.000342795,0.039999995
123,0.537500,-0.000272549,-0.000342796,0.239999995,1.000000000,0.000001313,-0.000000691,0.000014111,0.000026469,-0.000015759,-0.000053292,0.002111198,0.000265555,-0.000005399,-0.000272549,-0.000342796,0.039999995
124,0.541667,-0.000272550,-0.000342796,0.239999995,0.999999940,0.000001364,-0.000000725,0.000014112,0.000026361,-0.000015727,-0.000053236,0.002108900,0.000262838,-0.000005506,-0.000272550,-0.000342796,0.039999995
125,0.545833,-0.000272549,-0.000342795,0.239999995,0.999999940,0.000001380,-0.000000797,0.000014115,0.000026525,-0.000015575,-0.000053296,0.002107607,0.000265902,-0.000005547,-0.000272549,-0.000342795,0.039999995
126,0.550000,-0.000272548,-0.000342794,0.239999995,0.999999940,0.000001286,-0.000000702,0.000014105,0.000026587,-0.000015446,-0.000053306,0.002105352,0.000266664,-0.000005631,-0.000272548,-0.000342794,0.039999995
127,0.554167,-0.000272551,-0.000342794,0.239999995,1.000000000,0.000001335,-0.000000732,0.000014104,0.000026003,-0.000015927,-0.000053150,0.002110445,0.000255175,-0.000005623,-0.000272551,-0.000342794,0.039999995
128,0.558333,-0.000272550,-0.000342797,0.239999995,1.000000000,0.000001378,-0.000000785,0.000014108,0.000026407,-0.000015980,-0.000053281,0.002115484,0.000265183,-0.000005204,-0.000272550,-0.000342797,0.039999995
129,0.562500,-0.000272551,-0.000342796,0.239999995,1.000000000,0.000001283,-0.000000691,0.000014108,0.000026206,-0.000015733,-0.000053232,0.002108939,0.000258836,-0.000005685,-0.000272551,-0.000342796,0.039999995
130,0.566667,-0.000272550,-0.000342797,0.239999995,0.999999940,0.000001335,-0.000000731,0.000014110,0.000026508,-0.000015744,-0.000053261,0.002110110,0.000266549,-0.000005332,-0.000272550,-0.000342797,0.039999995
131,0.570833,-0.000272550,-0.000342794,0.239999995,1.000000000,0.000001382,-0.000000761,0.000014111,0.000026638,-0.000015331,-0.000053283,0.002102304,0.000267467,-0.000005676,-0.000272550,-0.000342794,0.039999995
132,0.575000,-0.000272549,-0.000342797,0.239999995,1.000000000,0.000001428,-0.000000808,0.000014114,0.000026367,-0.000015982,-0.000053282,0.002115285,0.000264395,-0.000005251,-0.000272549,-0.000342797,0.039999995
133,0.579167,-0.000272548,-0.000342797,0.239999995,1.000000000,0.000001338,-0.000000711,0.000014117,0.000026530,-0.000015565,-0.000053322,0.002108189,0.000265814,-0.000005581,-0.000272548,-0.000342797,0.039999995
134,0.583333,-0.000272550,-0.000342796,0.239999995,0.999999940,0.000001388,-0.000000738,0.000014117,0.000026225,-0.000015720,-0.000053204,0.002107814,0.000259439,-0.000005647,-0.000272550,-0.000342796,0.039999995
135,0.587500,-0.000272549,-0.000342794,0.239999995,0.999999940,0.000001271,-0.000000672,0.000014108,0.000026587,-0.000015462,-0.000053312,0.002105785,0.000266707,-0.000005616,-0.000272549,-0.000342794,0.039999995
136,0.591667,-0.000272548,-0.000342795,0.239999995,1.000000000,0.000001323,-0.000000713,0.000014110,0.000026479,-0.000015749,-0.000053250,0.002109758,0.000265989,-0.000005351,-0.000272548,-0.000342795,0.039999995
137,0.595833,-0.000272550,-0.000342794,0.239999995,0.999999940,0.000001373,-0.000000740,0.000014109,0.000026225,-0.000015719,-0.000053209,0.002108002,0.000259336,-0.000005654,-0.000272550,-0.000342794,0.039999995
138,0.600000,-0.000272549,-0.000342796,0.239999995,0.999999940,0.000001393,-0.000000813,0.000014113,0.000026442,-0.000015797,-0.000053293,0.002112020,0.000265029,-0.000005388,-0.000272549,-0.000342796,0.039999995
139,0.604167,-0.000272548,-0.000342795,0.239999995,0.999999940,0.000001322,-0.000000695,0.000014115,0.000026543,-0.000015558,-0.000053298,0.002107381,0.000266203,-0.000005547,-0.000272548,-0.000342795,0.039999995
140,0.608333,-0.000272549,-0.000342795,0.239999995,1.000000000,0.000001372,-0.000000727,0.000014103,0.000026195,-0.000015817,-0.000053194,0.002109569,0.000259178,-0.000005560,-0.000272549,-0.000342795,0.039999995
141,0.612500,-0.000272550,-0.000342795,0.239999995,1.000000000,0.000001389,-0.000000796,0.000014128,0.000026330,-0.000015766,-0.000053262,0.002110531,0.000262086,-0.000005532,-0.000272550,-0.000342795,0.039999995
142,0.616667,-0.000272551,-0.000342794,0.239999995,1.000000000,0.000001296,-0.000000698,0.000014106,0.000026204,-0.000015748,-0.000053237,0.002109356,0.000258863,-0.000005671,-0.000272551,-0.000342794,0.039999995
143,0.620833,-0.000272549,-0.000342796,0.239999995,0.999999940,0.000001352,-0.000000738,0.000014109,0.000026624,-0.000015767,-0.000053305,0.002111840,0.000269462,-0.000005210,-0.000272549,-0.000342796,0.039999995
144,0.625000,-0.000272548,-0.000342796,0.239999995,0.999999940,0.000001257,-0.000000655,0.000014124,0.000026725,-0.000015438,-0.000053327,0.002105744,0.000270170,-0.000005497,-0.000272548,-0.000342796,0.039999995
145,0.629167,-0.000272549,-0.000342795,0.239999995,1.000000000,0.000001301,-0.000000694,0.000014100,0.000026233,-0.000015706,-0.000053172,0.002106574,0.000259736,-0.000005613,-0.000272549,-0.000342795,0.039999995
146,0.633333,-0.000272549,-0.000342796,0.239999995,0.999999940,0.000001354,-0.000000728,0.000014112,0.000026346,-0.000015826,-0.000053236,0.002111033,0.000262944,-0.000005414,-0.000272549,-0.000342796,0.039999995
147,0.637500,-0.000272548,-0.000342796,0.239999995,0.999999940,0.000001261,-0.000000646,0.000014116,0.000026671,-0.000015575,-0.000053325,0.002108546,0.000269498,-0.000005398,-0.000272548,-0.000342796,0.039999995
148,0.641667,-0.000272549,-0.000342795,0.239999995,1.000000000,0.000001305,-0.000000684,0.000014092,0.000026234,-0.000015706,-0.000053175,0.002106671,0.000259751,-0.000005617,-0.000272549,-0.000342795,0.039999995
149,0.645833,-0.000272550,-0.000342795,0.239999995,0.999999940,0.000001355,-0.000000715,0.000014103,0.000026180,-0.000015847,-0.000053194,0.002110225,0.000258894,-0.000005545,-0.000272550,-0.000342795,0.039999995
150,0.650000,-0.000272550,-0.000342794,0.239999995,0.999999940,0.000001369,-0.000000788,0.000014116,0.000026389,-0.000015646,-0.000053259,0.002107967,0.000262941,-0.000005593,-0.000272550,-0.000342794,0.039999995
151,0.654167,-0.000272550,-0.000342796,0.239999995,0.999999940,0.000001302,-0.000000676,0.000014108,0.000026445,-0.000015860,-0.000053285,0.002113050,0.000265561,-0.000005299,-0.000272550,-0.000342796,0.039999995
152,0.658333,-0.000272549,-0.000342797,0.239999995,1.000000000,0.000001351,-0.000000716,0.000014121,0.000026544,-0.000015621,-0.000053265,0.002107695,0.000266750,-0.000005438,-0.000272549,-0.000342797,0.039999995
153,0.662500,-0.000272550,-0.000342796,0.239999995,1.000000000,0.000001232,-0.000000655,0.000014122,0.000026243,-0.000015696,-0.000053220,0.002107805,0.000259671,-0.000005673,-0.000272550,-0.000342796,0.039999995
154,0.666667,-0.000272549,-0.000342796,0.239999995,0.999999940,0.000001300,-0.000000673,0.000014111,0.000026563,-0.000015632,-0.000053243,0.002107328,0.000267391,-0.000005373,-0.000272549,-0.000342796,0.039999995
155,0.670833,-0.000272549,-0.000342795,0.239999995,1.000000000,0.000001348,-0.000000713,0.000014112,0.000026568,-0.000015531,-0.000053258,0.002105676,0.000266911,-0.000005506,-0.000272549,-0.000342795,0.039999995
156,0.675000,-0.000272551,-0.000342795,0.239999995,1.000000000,0.000001362,-0.000000782,0.000014112,0.000025988,-0.000015935,-0.000053173,0.002111200,0.000254749,-0.000005657,-0.000272551,-0.000342795,0.039999995
157,0.679167,-0.000272549,-0.000342795,0.239999995,1.000000000,0.000001291,-0.000000670,0.000014115,0.000026712,-0.000015565,-0.000053332,0.002108655,0.000270322,-0.000005366,-0.000272549,-0.000342795,0.039999995
158,0.683333,-0.000272549,-0.000342796,0.239999995,0.999999940,0.000001342,-0.000000709,0.000014104,0.000026339,-0.000015803,-0.000053222,0.002110047,0.000262796,-0.000005429,-0.000272549,-0.000342796,0.039999995
159,0.687500,-0.000272550,-0.000342795,0.239999995,1.000000000,0.000001370,-0.000000763,0.000014105,0.000026409,-0.000015551,-0.000053253,0.002105919,0.000262898,-0.000005672,-0.000272550,-0.000342795,0.039999995
160,0.691667,-0.000272549,-0.000342796,0.239999995,1.000000000,0.000001414,-0.000000808,0.000014120,0.000026438,-0.000015860,-0.000053294,0.002113235,0.000265340,-0.000005321,-0.000272549,-0.000342796,0.039999995
161,0.695833,-0.000272549,-0.000342797,0.239999995,1.000000000,0.000001458,-0.000000842,0.000014099,0.000026315,-0.000015766,-0.000053282,0.002111028,0.000261624,-0.000005564,-0.000272549,-0.000342797,0.039999995
162,0.700000,-0.000272549,-0.000342796,0.239999995,1.000000000,0.000001369,-0.000000739,0.000014113,0.000026374,-0.000015653,-0.000053294,0.002109142,0.000262368,-0.000005643,-0.000272549,-0.000342796,0.039999995
163,0.704167,-0.000272550,-0.000342795,0.239999995,1.000000000,0.000001383,-0.000000806,0.000014114,0.000026201,-0.000015747,-0.000053224,0.002108938,0.000258850,-0.000005670,-0.000272550,-0.000342795,0.039999995
164,0.708333,-0.000272550,-0.000342796,0.239999995,1.000000000,0.000001316,-0.000000689,0.000014116,0.000026481,-0.000015769,-0.000053298,0.002111699,0.000265773,-0.000005377,-0.000272550,-0.000342796,0.039999995
165,0.712500,-0.000272550,-0.000342796,0.239999995,0.999999940,0.000001367,-0.000000723,0.000014117,0.000026361,-0.000015726,-0.000053234,0.002108874,0.000262827,-0.000005507,-0.000272550,-0.000342796,0.039999995
166,0.716667,-0.000272549,-0.000342796,0.239999995,0.999999940,0.000001382,-0.000000794,0.000014120,0.000026525,-0.000015575,-0.000053297,0.002107601,0.000265916,-0.000005546,-0.000272549,-0.000342796,0.039999995
167,0.720833,-0.000272549,-0.000342794,0.239999995,0.999999940,0.000001288,-0.000000700,0.000014110,0.000026587,-0.000015446,-0.000053307,0.002105310,0.000266691,-0.000005629,-0.000272549,-0.000342794,0.039999995
168,0.725000,-0.000272548,-0.000342794,0.239999995,1.000000000,0.000001339,-0.000000737,0.000014100,0.000026536,-0.000015631,-0.000053264,0.002107837,0.000266655,-0.000005432,-0.000272548,-0.000342794,0.039999995
169,0.729167,-0.000272550,-0.000342796,0.239999995,1.000000000,0.000001380,-0.000000779,0.000014101,0.000025910,-0.000016144,-0.000053172,0.002115442,0.000253897,-0.000005507,-0.000272550,-0.000342796,0.039999995
170,0.733333,-0.000272551,-0.000342796,0.239999995,1.000000000,0.000001419,-0.000000818,0.000014113,0.000026199,-0.000015838,-0.000053239,0.002111377,0.000259119,-0.000005581,-0.000272551,-0.000342796,0.039999995
171,0.737500,-0.000272550,-0.000342796,0.239999995,1.000000000,0.000001308,-0.000000542,0.000014056,0.000026666,-0.000015589,-0.000053356,0.002109698,0.000269278,-0.000005416,-0.000272550,-0.000342796,0.039999995
172,0.741667,-0.000272549,-0.000342796,0.239999995,0.999999940,0.000001423,-0.000000797,0.000014116,0.000026467,-0.000015667,-0.000053260,0.002108199,0.000265335,-0.000005485,-0.000272549,-0.000342796,0.039999995
173,0.745833,-0.000272547,-0.000342796,0.239999995,0.999999940,0.000001333,-0.000000702,0.000014108,0.000026705,-0.000015470,-0.000053352,0.002107163,0.000269663,-0.000005507,-0.000272547,-0.000342796,0.039999995
174,0.750000,-0.000272550,-0.000342794,0.239999995,0.999999940,0.000001211,-0.000000637,0.000014108,0.000026056,-0.000015729,-0.000053170,0.002106980,0.000255295,-0.000005811,-0.000272550,-0.000342794,0.039999995
175,0.754167,-0.000272548,-0.000342795,0.239999995,1.000000000,0.000001280,-0.000000663,0.000014121,0.000026728,-0.000015623,-0.000053273,0.002108132,0.000271373,-0.000005218,-0.000272548,-0.000342795,0.039999995
176,0.758333,-0.000272549,-0.000342795,0.239999995,0.999999940,0.000001329,-0.000000699,0.000014109,0.000026172,-0.000015823,-0.000053181,0.002109197,0.000258824,-0.000005567,-0.000272549,-0.000342795,0.039999995
177,0.762500,-0.000272549,-0.000342793,0.239999995,1.000000000,0.000001357,-0.000000754,0.000014099,0.000026607,-0.000015446,-0.000053296,0.002105105,0.000267176,-0.000005595,-0.000272549,-0.000342793,0.039999995
178,0.766667,-0.000272551,-0.000342795,0.239999995,1.000000000,0.000001397,-0.000000797,0.000014099,0.000025910,-0.000016144,-0.000053168,0.002115307,0.000253917,-0.000005502,-0.000272551,-0.000342795,0.039999995
179,0.770833,-0.000272549,-0.000342796,0.239999995,1.000000000,0.000001308,-0.000000706,0.000014103,0.000026683,-0.000015587,-0.000053355,0.002109691,0.000269649,-0.000005401,-0.000272549,-0.000342796,0.039999995
180,0.775000,-0.000272549,-0.000342796,0.239999995,0.999999940,0.000001359,-0.000000740,0.000014104,0.000026354,-0.000015721,-0.000053230,0.002108572,0.000262708,-0.000005516,-0.000272549,-0.000342796,0.039999995
181,0.779167,-0.000272548,-0.000342796,0.239999995,0.999999940,0.000001266,-0.000000657,0.000014107,0.000026673,-0.000015576,-0.000053323,0.002108385,0.000269632,-0.000005391,-0.000272548,-0.000342796,0.039999995
182,0.783333,-0.000272550,-0.000342796,0.239999995,1.000000000,0.000001312,-0.000000694,0.000014106,0.000026017,-0.000015907,-0.000053136,0.002109576,0.000255492,-0.000005613,-0.000272550,-0.000342796,0.039999995
183,0.787500,-0.000272550,-0.000342796,0.239999995,0.999999940,0.000001363,-0.000000728,0.000014107,0.000026378,-0.000015741,-0.000053240,0.002109495,0.000263169,-0.000005472,-0.000272550,-0.000342796,0.039999995
184,0.791667,-0.000272550,-0.000342795,0.239999995,0.999999940,0.000001378,-0.000000799,0.000014109,0.000026525,-0.000015574,-0.000053297,0.002107626,0.000265896,-0.000005549,-0.000272550,-0.000342795,0.039999995
185,0.795833,-0.000272549,-0.000342795,0.239999995,0.999999940,0.000001307,-0.000000681,0.000014112,0.000026542,-0.000015558,-0.000053292,0.002107193,0.000266196,-0.000005540,-0.000272549,-0.000342795,0.039999995
186,0.800000,-0.000272547,-0.000342795,0.239999995,1.000000000,0.000001359,-0.000000720,0.000014114,0.000026685,-0.000015556,-0.000053300,0.002107372,0.000269889,-0.000005375,-0.000272547,-0.000342795,0.039999995
187,0.804167,-0.000272549,-0.000342794,0.239999995,1.000000000,0.000001373,-0.000000785,0.000014102,0.000026039,-0.000015811,-0.000053187,0.002109053,0.000255293,-0.000005751,-0.000272549,-0.000342794,0.039999995
188,0.808333,-0.000272551,-0.000342796,0.239999995,1.000000000,0.000001416,-0.000000825,0.000014116,0.000026109,-0.000016056,-0.000053228,0.002115398,0.000258126,-0.000005426,-0.000272551,-0.000342796,0.039999995
189,0.812500,-0.000272552,-0.000342796,0.239999995,1.000000000,0.000001459,-0.000000856,0.000014105,0.000026135,-0.000015886,-0.000053247,0.002112560,0.000257722,-0.000005610,-0.000272552,-0.000342796,0.039999995
190,0.816667,-0.000272549,-0.000342795,0.239999995,1.000000000,0.000001351,-0.000000574,0.000014071,0.000026862,-0.000015405,-0.000053413,0.002107685,0.000272955,-0.000005454,-0.000272549,-0.000342795,0.039999995
191,0.820833,-0.000272550,-0.000342795,0.239999995,0.999999940,0.000001446,-0.000000846,0.000014107,0.000026132,-0.000015834,-0.000053206,0.002109911,0.000257975,-0.000005643,-0.000272550,-0.000342795,0.039999995
192,0.825000,-0.000272551,-0.000342795,0.239999995,0.999999940,0.000001357,-0.000000742,0.000014121,0.000026365,-0.000015672,-0.000053293,0.002109561,0.000262226,-0.000005629,-0.000272551,-0.000342795,0.039999995
193,0.829167,-0.000272548,-0.000342796,0.239999995,0.999999940,0.000001240,-0.000000482,0.000014064,0.000026800,-0.000015592,-0.000053357,0.002109759,0.000272841,-0.000005249,-0.000272548,-0.000342796,0.039999995
194,0.833333,-0.000272549,-0.000342795,0.239999995,0.999999940,0.000001495,-0.000000857,0.000014109,0.000026199,-0.000015713,-0.000053162,0.002106330,0.000259068,-0.000005655,-0.000272549,-0.000342795,0.039999995
195,0.837500,-0.000272549,-0.000342794,0.239999995,0.999999940,0.000001352,-0.000000610,0.000014075,0.000026475,-0.000015629,-0.000053349,0.002110222,0.000264626,-0.000005604,-0.000272549,-0.000342794,0.039999995
196,0.841667,-0.000272548,-0.000342796,0.239999995,1.000000000,0.000001473,-0.000000858,0.000014101,0.000026418,-0.000015794,-0.000053279,0.002111325,0.000264679,-0.000005409,-0.000272548,-0.000342796,0.039999995
197,0.845833,-0.000272550,-0.000342796,0.239999995,1.000000000,0.000001370,-0.000000766,0.000014126,0.000025953,-0.000015968,-0.000053223,0.002113329,0.000253741,-0.000005720,-0.000272550,-0.000342796,0.039999995
198,0.850000,-0.000272551,-0.000342796,0.239999995,1.000000000,0.000001278,-0.000000674,0.000014105,0.000026353,-0.000015766,-0.000053270,0.002110835,0.000262589,-0.000005503,-0.000272551,-0.000342796,0.039999995
199,0.854167,-0.000272551,-0.000342796,0.239999995,0.999999940,0.000001327,-0.000000712,0.000014129,0.000026374,-0.000015723,-0.000053226,0.002108588,0.000263104,-0.000005489,-0.000272551,-0.000342796,0.039999995
200,0.858333,-0.000272547,-0.000342795,0.239999995,1.000000000,0.000001354,-0.000000569,0.000014082,0.000027088,-0.000015255,-0.000053393,0.002104053,0.000278069,-0.000005327,-0.000272547,-0.000342795,0.039999995
201,0.862500,-0.000272550,-0.000342796,0.239999995,0.999999940,0.000001450,-0.000000838,0.000014106,0.000025719,-0.000016141,-0.000053123,0.002113574,0.000249523,-0.000005700,-0.000272550,-0.000342796,0.039999995
202,0.866667,-0.000272550,-0.000342796,0.239999995,0.999999940,0.000001362,-0.000000736,0.000014132,0.000026528,-0.000015609,-0.000053336,0.002109633,0.000265750,-0.000005549,-0.000272550,-0.000342796,0.039999995
203,0.870833,-0.000272549,-0.000342795,0.239999995,0.999999940,0.000001266,-0.000000650,0.000014111,0.000026542,-0.000015556,-0.000053285,0.002106894,0.000266260,-0.000005529,-0.000272549,-0.000342795,0.039999995
204,0.875000,-0.000272548,-0.000342795,0.239999995,1.000000000,0.000001314,-0.000000694,0.000014100,0.000026555,-0.000015615,-0.000053250,0.002107075,0.000267110,-0.000005410,-0.000272548,-0.000342795,0.039999995
205,0.879167,-0.000272551,-0.000342795,0.239999995,0.999999940,0.000001363,-0.000000723,0.000014099,0.000026018,-0.000015911,-0.000053157,0.002110349,0.000255411,-0.000005630,-0.000272551,-0.000342795,0.039999995
206,0.883333,-0.000272550,-0.000342794,0.239999995,0.999999940,0.000001379,-0.000000795,0.000014102,0.000026538,-0.000015585,-0.000053302,0.002108084,0.000266154,-0.000005525,-0.000272550,-0.000342794,0.039999995
207,0.887500,-0.000272549,-0.000342795,0.239999995,0.999999940,0.000001289,-0.000000702,0.000014117,0.000026456,-0.000015698,-0.000053296,0.002110065,0.000264832,-0.000005489,-0.000272549,-0.000342795,0.039999995
208,0.891667,-0.000272549,-0.000342793,0.239999995,1.000000000,0.000001337,-0.000000737,0.000014106,0.000026627,-0.000015415,-0.000053275,0.002103832,0.000267672,-0.000005583,-0.000272549,-0.000342793,0.039999995
209,0.895833,-0.000272549,-0.000342795,0.239999995,1.000000000,0.000001378,-0.000000784,0.000014108,0.000026250,-0.000015958,-0.000053240,0.002113606,0.000261344,-0.000005377,-0.000272549,-0.000342795,0.039999995
210,0.900000,-0.000272550,-0.000342796,0.239999995,1.000000000,0.000001420,-0.000000824,0.000014109,0.000026124,-0.000015956,-0.000053228,0.002113394,0.000257973,-0.000005524,-0.000272550,-0.000342796,0.039999995
211,0.904167,-0.000272551,-0.000342795,0.239999995,1.000000000,0.000001328,-0.000000721,0.000014110,0.000026199,-0.000015760,-0.000053250,0.002110126,0.000258614,-0.000005683,-0.000272551,-0.000342795,0.039999995
212,0.908333,-0.000272550,-0.000342796,0.239999995,0.999999940,0.000001384,-0.000000757,0.000014102,0.000026680,-0.000015648,-0.000053320,0.002109872,0.000270237,-0.000005294,-0.000272550,-0.000342796,0.039999995
213,0.912500,-0.000272549,-0.000342796,0.239999995,0.999999940,0.000001290,-0.000000668,0.000014104,0.000026524,-0.000015558,-0.000053294,0.002107116,0.000265859,-0.000005566,-0.000272549,-0.000342796,0.039999995
214,0.916667,-0.000272548,-0.000342795,0.239999995,1.000000000,0.000001338,-0.000000707,0.000014105,0.000026570,-0.000015534,-0.000053257,0.002105722,0.000266987,-0.000005497,-0.000272548,-0.000342795,0.039999995
215,0.920833,-0.000272551,-0.000342795,0.239999995,1.000000000,0.000001352,-0.000000776,0.000014105,0.000025988,-0.000015935,-0.000053172,0.002111205,0.000254713,-0.000005657,-0.000272551,-0.000342795,0.039999995
216,0.925000,-0.000272551,-0.000342795,0.239999995,1.000000000,0.000001280,-0.000000660,0.000014107,0.000026371,-0.000015750,-0.000053259,0.002110244,0.000262912,-0.000005490,-0.000272551,-0.000342795,0.039999995
217,0.929167,-0.000272548,-0.000342795,0.239999995,0.999999940,0.000001331,-0.000000705,0.000014122,0.000026906,-0.000015425,-0.000053339,0.002105918,0.000274647,-0.000005301,-0.000272548,-0.000342795,0.039999995
218,0.933333,-0.000272548,-0.000342794,0.239999995,1.000000000,0.000001381,-0.000000735,0.000014110,0.000026387,-0.000015612,-0.000053237,0.002106502,0.000262936,-0.000005610,-0.000272548,-0.000342794,0.039999995
219,0.937500,-0.000272551,-0.000342797,0.239999995,1.000000000,0.000001402,-0.000000800,0.000014111,0.000025681,-0.000016365,-0.000053142,0.002118990,0.000249468,-0.000005500,-0.000272551,-0.000342797,0.039999995
220,0.941667,-0.000272550,-0.000342795,0.239999995,1.000000000,0.000001310,-0.000000707,0.000014114,0.000026779,-0.000015375,-0.000053365,0.002105835,0.000270701,-0.000005539,-0.000272550,-0.000342795,0.039999995
221,0.945833,-0.000272550,-0.000342796,0.239999995,0.999999940,0.000001360,-0.000000742,0.000014115,0.000026353,-0.000015721,-0.000053225,0.002108362,0.000262766,-0.000005512,-0.000272550,-0.000342796,0.039999995
222,0.950000,-0.000272549,-0.000342796,0.239999995,0.999999940,0.000001266,-0.000000657,0.000014106,0.000026522,-0.000015651,-0.000053290,0.002109013,0.000266239,-0.000005453,-0.000272549,-0.000342796,0.039999995
223,0.954167,-0.000272550,-0.000342796,0.239999995,1.000000000,0.000001313,-0.000000698,0.000014106,0.000026364,-0.000015726,-0.000053211,0.002108202,0.000262955,-0.000005477,-0.000272550,-0.000342796,0.039999995
224,0.958333,-0.000272550,-0.000342796,0.239999995,0.999999940,0.000001364,-0.000000732,0.000014107,0.000026366,-0.000015731,-0.000053234,0.002109026,0.000262922,-0.000005495,-0.000272550,-0.000342796,0.039999995
225,0.962500,-0.000272549,-0.000342795,0.239999995,0.999999940,0.000001380,-0.000000804,0.000014109,0.000026525,-0.000015575,-0.000053297,0.002107569,0.000265941,-0.000005547,-0.000272549,-0.000342795,0.039999995
226,0.966667,-0.000272549,-0.000342795,0.239999995,0.999999940,0.000001309,-0.000000686,0.000014112,0.000026543,-0.000015558,-0.000053292,0.002107252,0.000266201,-0.000005541,-0.000272549,-0.000342795,0.039999995
227,0.970833,-0.000272547,-0.000342797,0.239999995,1.000000000,0.000001365,-0.000000726,0.000014115,0.000026597,-0.000015773,-0.000053297,0.002111615,0.000268950,-0.000005230,-0.000272547,-0.000342797,0.039999995
228,0.975000,-0.000272549,-0.000342794,0.239999995,1.000000000,0.000001243,-0.000000656,0.000014103,0.000026128,-0.000015595,-0.000053196,0.002105032,0.000256190,-0.000005901,-0.000272549,-0.000342794,0.039999995
229,0.979167,-0.000272549,-0.000342796,0.239999995,0.999999940,0.000001293,-0.000000699,0.000014104,0.000026308,-0.000015942,-0.000053212,0.002112687,0.000262691,-0.000005293,-0.000272549,-0.000342796,0.039999995
230,0.983333,-0.000272549,-0.000342794,0.239999995,1.000000000,0.000001341,-0.000000734,0.000014116,0.000026588,-0.000015454,-0.000053274,0.002104603,0.000266839,-0.000005587,-0.000272549,-0.000342794,0.039999995
231,0.987500,-0.000272549,-0.000342796,0.239999995,1.000000000,0.000001383,-0.000000781,0.000014118,0.000026251,-0.000015959,-0.000053241,0.002113700,0.000261377,-0.000005377,-0.000272549,-0.000342796,0.039999995
232,0.991667,-0.000272550,-0.000342797,0.239999995,1.000000000,0.000001424,-0.000000821,0.000014119,0.000026124,-0.000015955,-0.000053229,0.002113320,0.000257999,-0.000005524,-0.000272550,-0.000342797,0.039999995
233,0.995833,-0.000272551,-0.000342796,0.239999995,1.000000000,0.000001332,-0.000000720,0.000014098,0.000026416,-0.000015559,-0.000053289,0.002107220,0.000262845,-0.000005686,-0.000272551,-0.000342796,0.039999995
234,1.000000,-0.000272549,-0.000342796,0.239999995,0.999999940,0.000001385,-0.000000755,0.000014124,0.000026696,-0.000015553,-0.000053312,0.002107648,0.000270140,-0.000005384,-0.000272549,-0.000342796,0.039999995
235,1.004167,-0.000272548,-0.000342794,0.239999995,0.999999940,0.000001268,-0.000000689,0.000014115,0.000026569,-0.000015448,-0.000053304,0.002105240,0.000266335,-0.000005651,-0.000272548,-0.000342794,0.039999995
236,1.008333,-0.000272549,-0.000342796,0.239999995,1.000000000,0.000001342,-0.000000704,0.000014115,0.000026287,-0.000015936,-0.000053203,0.002112230,0.000262261,-0.000005319,-0.000272549,-0.000342796,0.039999995
237,1.012500,-0.000272551,-0.000342796,0.239999995,1.000000000,0.000001356,-0.000000773,0.000014116,0.000025995,-0.000015939,-0.000053182,0.002111681,0.000254786,-0.000005653,-0.000272551,-0.000342796,0.039999995
238,1.016667,-0.000272549,-0.000342795,0.239999995,1.000000000,0.000001263,-0.000000685,0.000014107,0.000026756,-0.000015453,-0.000053347,0.002106815,0.000270746,-0.000005456,-0.000272549,-0.000342795,0.039999995
239,1.020833,-0.000272549,-0.000342795,0.239999995,0.999999940,0.000001332,-0.000000699,0.000014107,0.000026383,-0.000015699,-0.000053209,0.002107578,0.000263386,-0.000005484,-0.000272549,-0.000342795,0.039999995
240,1.025000,-0.000272549,-0.000342794,0.239999995,1.000000000,0.000001361,-0.000000754,0.000014097,0.000026600,-0.000015440,-0.000053292,0.002104806,0.000267011,-0.000005604,-0.000272549,-0.000342794,0.039999995
241,1.029167,-0.000272551,-0.000342796,0.239999995,1.000000000,0.000001401,-0.000000797,0.000014098,0.000025910,-0.000016144,-0.000053168,0.002115316,0.000253938,-0.000005503,-0.000272551,-0.000342796,0.039999995
242,1.033333,-0.000272549,-0.000342796,0.239999995,1.000000000,0.000001312,-0.000000706,0.000014102,0.000026683,-0.000015587,-0.000053355,0.002109759,0.000269627,-0.000005403,-0.000272549,-0.000342796,0.039999995
243,1.037500,-0.000272549,-0.000342796,0.239999995,0.999999940,0.000001363,-0.000000740,0.000014102,0.000026354,-0.000015722,-0.000053230,0.002108571,0.000262692,-0.000005515,-0.000272549,-0.000342796,0.039999995
244,1.041667,-0.000272548,-0.000342796,0.239999995,0.999999940,0.000001270,-0.000000658,0.000014106,0.000026672,-0.000015576,-0.000053323,0.002108436,0.000269580,-0.000005393,-0.000272548,-0.000342796,0.039999995
245,1.045833,-0.000272550,-0.000342796,0.239999995,1.000000000,0.000001316,-0.000000694,0.000014105,0.000026017,-0.000015907,-0.000053135,0.002109570,0.000255454,-0.000005612,-0.000272550,-0.000342796,0.039999995
246,1.050000,-0.000272550,-0.000342796,0.239999995,0.999999940,0.000001367,-0.000000728,0.000014105,0.000026378,-0.000015742,-0.000053240,0.002109531,0.000263173,-0.000005473,-0.000272550,-0.000342796,0.039999995
247,1.054167,-0.000272550,-0.000342796,0.239999995,0.999999940,0.000001382,-0.000000800,0.000014108,0.000026524,-0.000015574,-0.000053297,0.002107575,0.000265918,-0.000005550,-0.000272550,-0.000342796,0.039999995
248,1.058333,-0.000272550,-0.000342794,0.239999995,0.999999940,0.000001288,-0.000000703,0.000014109,0.000026396,-0.000015557,-0.000053266,0.002106393,0.000262587,-0.000005696,-0.000272550,-0.000342794,0.039999995
249,1.062500,-0.000272550,-0.000342794,0.239999995,1.000000000,0.000001338,-0.000000737,0.000014110,0.000026351,-0.000015747,-0.000053228,0.002109138,0.000262671,-0.000005488,-0.000272550,-0.000342794,0.039999995
250,1.066667,-0.000272551,-0.000342796,0.239999995,1.000000000,0.000001380,-0.000000784,0.000014112,0.000026258,-0.000015963,-0.000053250,0.002114061,0.000261521,-0.000005373,-0.000272551,-0.000342796,0.039999995
251,1.070833,-0.000272552,-0.000342797,0.239999995,1.000000000,0.000001422,-0.000000823,0.000014113,0.000026124,-0.000015955,-0.000053228,0.002113326,0.000257985,-0.000005525,-0.000272552,-0.000342797,0.039999995
252,1.075000,-0.000272551,-0.000342796,0.239999995,1.000000000,0.000001330,-0.000000725,0.000014104,0.000026566,-0.000015485,-0.000053322,0.002106676,0.000266173,-0.000005627,-0.000272551,-0.000342796,0.039999995
253,1.079167,-0.000272550,-0.000342796,0.239999995,0.999999940,0.000001383,-0.000000760,0.000014130,0.000026690,-0.000015549,-0.000053309,0.002107474,0.000269979,-0.000005392,-0.000272550,-0.000342796,0.039999995
254,1.083333,-0.000272548,-0.000342796,0.239999995,0.999999940,0.000001292,-0.000000674,0.000014110,0.000026653,-0.000015574,-0.000053327,0.002108383,0.000269159,-0.000005419,-0.000272548,-0.000342796,0.039999995
255,1.087500,-0.000272549,-0.000342795,0.239999995,1.000000000,0.000001338,-0.000000709,0.000014110,0.000026223,-0.000015715,-0.000053184,0.002107110,0.000259454,-0.000005633,-0.000272549,-0.000342795,0.039999995
256,1.091667,-0.000272550,-0.000342796,0.239999995,1.000000000,0.000001354,-0.000000782,0.000014112,0.000026341,-0.000015759,-0.000053253,0.002110109,0.000262414,-0.000005512,-0.000272550,-0.000342796,0.039999995
257,1.095833,-0.000272550,-0.000342796,0.239999995,1.000000000,0.000001282,-0.000000666,0.000014113,0.000026359,-0.000015740,-0.000053254,0.002109786,0.000262634,-0.000005513,-0.000272550,-0.000342796,0.039999995
258,1.100000,-0.000272549,-0.000342796,0.239999995,0.999999940,0.000001332,-0.000000706,0.000014103,0.000026527,-0.000015649,-0.000053261,0.002108097,0.000266545,-0.000005417,-0.000272549,-0.000342796,0.039999995
259,1.104167,-0.000272549,-0.000342795,0.239999995,1.000000000,0.000001383,-0.000000738,0.000014104,0.000026550,-0.000015548,-0.000053277,0.002106490,0.000266449,-0.000005527,-0.000272549,-0.000342795,0.039999995
260,1.108333,-0.000272551,-0.000342795,0.239999995,1.000000000,0.000001401,-0.000000800,0.000014105,0.000025969,-0.000015951,-0.000053190,0.002112079,0.000254210,-0.000005680,-0.000272551,-0.000342795,0.039999995
261,1.112500,-0.000272549,-0.000342796,0.239999995,1.000000000,0.000001311,-0.000000709,0.000014109,0.000026683,-0.000015588,-0.000053350,0.002109607,0.000269639,-0.000005395,-0.000272549,-0.000342796,0.039999995
262,1.116667,-0.000272549,-0.000342796,0.239999995,0.999999940,0.000001362,-0.000000743,0.000014109,0.000026354,-0.000015722,-0.000053229,0.002108615,0.000262710,-0.000005516,-0.000272549,-0.000342796,0.039999995
263,1.120833,-0.000272549,-0.000342796,0.239999995,0.999999940,0.000001268,-0.000000658,0.000014100,0.000026523,-0.000015650,-0.000053289,0.002109008,0.000266254,-0.000005452,-0.000272549,-0.000342796,0.039999995
264,1.125000,-0.000272550,-0.000342795,0.239999995,1.000000000,0.000001313,-0.000000696,0.000014123,0.000026236,-0.000015710,-0.000053176,0.002106822,0.000259767,-0.000005620,-0.000272550,-0.000342795,0.039999995
265,1.129167,-0.000272550,-0.000342795,0.239999995,0.999999940,0.000001363,-0.000000730,0.000014124,0.000026371,-0.000015737,-0.000053235,0.002109204,0.000263079,-0.000005481,-0.000272550,-0.000342795,0.039999995
266,1.133333,-0.000272550,-0.000342794,0.239999995,0.999999940,0.000001379,-0.000000799,0.000014114,0.000026375,-0.000015649,-0.000053264,0.002108155,0.000262619,-0.000005608,-0.000272550,-0.000342794,0.039999995
267,1.137500,-0.000272550,-0.000342795,0.239999995,0.999999940,0.000001311,-0.000000683,0.000014116,0.000026459,-0.000015779,-0.000053292,0.002111675,0.000265362,-0.000005387,-0.000272550,-0.000342795,0.039999995
268,1.141667,-0.000272549,-0.000342795,0.239999995,1.000000000,0.000001340,-0.000000743,0.000014118,0.000026540,-0.000015555,-0.000053278,0.002106684,0.000266240,-0.000005533,-0.000272549,-0.000342795,0.039999995
269,1.145833,-0.000272549,-0.000342795,0.239999995,1.000000000,0.000001246,-0.000000656,0.000014120,0.000026342,-0.000015743,-0.000053248,0.002109527,0.000262396,-0.000005523,-0.000272549,-0.000342795,0.039999995
270,1.150000,-0.000272550,-0.000342795,0.239999995,0.999999940,0.000001293,-0.000000697,0.000014120,0.000026386,-0.000015716,-0.000053218,0.002108220,0.000263444,-0.000005469,-0.000272550,-0.000342795,0.039999995
271,1.154167,-0.000272549,-0.000342793,0.239999995,1.000000000,0.000001340,-0.000000732,0.000014109,0.000026629,-0.000015418,-0.000053275,0.002103924,0.000267719,-0.000005576,-0.000272549,-0.000342793,0.039999995
272,1.158333,-0.000272550,-0.000342796,0.239999995,1.000000000,0.000001381,-0.000000782,0.000014111,0.000026044,-0.000016151,-0.000053193,0.002116167,0.000257383,-0.000005356,-0.000272550,-0.000342796,0.039999995
273,1.162500,-0.000272551,-0.000342797,0.239999995,1.000000000,0.000001423,-0.000000821,0.000014112,0.000026130,-0.000015960,-0.000053234,0.002113676,0.000258079,-0.000005516,-0.000272551,-0.000342797,0.039999995
274,1.166667,-0.000272551,-0.000342796,0.239999995,1.000000000,0.000001331,-0.000000722,0.000014103,0.000026566,-0.000015485,-0.000053322,0.002106702,0.000266158,-0.000005628,-0.000272551,-0.000342796,0.039999995
275,1.170833,-0.000272549,-0.000342796,0.239999995,0.999999940,0.000001384,-0.000000758,0.000014129,0.000026691,-0.000015550,-0.000053310,0.002107468,0.000270033,-0.000005393,-0.000272549,-0.000342796,0.039999995
276,1.175000,-0.000272548,-0.000342796,0.239999995,0.999999940,0.000001293,-0.000000671,0.000014109,0.000026652,-0.000015574,-0.000053326,0.002108437,0.000269108,-0.000005419,-0.000272548,-0.000342796,0.039999995
277,1.179167,-0.000272549,-0.000342795,0.239999995,1.000000000,0.000001340,-0.000000706,0.000014109,0.000026224,-0.000015714,-0.000053184,0.002107112,0.000259462,-0.000005634,-0.000272549,-0.000342795,0.039999995
278,1.183333,-0.000272549,-0.000342795,0.239999995,1.000000000,0.000001355,-0.000000780,0.000014111,0.000026341,-0.000015759,-0.000053252,0.002110042,0.000262413,-0.000005511,-0.000272549,-0.000342795,0.039999995
279,1.187500,-0.000272549,-0.000342795,0.239999995,1.000000000,0.000001283,-0.000000664,0.000014112,0.000026359,-0.000015740,-0.000053254,0.002109834,0.000262668,-0.000005513,-0.000272549,-0.000342795,0.039999995
280,1.191667,-0.000272549,-0.000342797,0.239999995,0.999999940,0.000001335,-0.000000705,0.000014114,0.000026502,-0.000015738,-0.000053262,0.002109896,0.000266444,-0.000005348,-0.000272549,-0.000342797,0.039999995
281,1.195833,-0.000272550,-0.000342795,0.239999995,1.000000000,0.000001362,-0.000000756,0.000014102,0.000026253,-0.000015621,-0.000053219,0.002106257,0.000259532,-0.000005743,-0.000272550,-0.000342795,0.039999995
282,1.200000,-0.000272550,-0.000342795,0.239999995,1.000000000,0.000001267,-0.000000668,0.000014104,0.000026352,-0.000015753,-0.000053250,0.002109930,0.000262624,-0.000005502,-0.000272550,-0.000342795,0.039999995
283,1.204167,-0.000272550,-0.000342794,0.239999995,0.999999940,0.000001315,-0.000000707,0.000014105,0.000026591,-0.000015522,-0.000053265,0.002105649,0.000267422,-0.000005493,-0.000272550,-0.000342794,0.039999995
284,1.208333,-0.000272550,-0.000342796,0.239999995,1.000000000,0.000001502,-0.000000876,0.000014106,0.000026254,-0.000015957,-0.000053222,0.002113188,0.000261479,-0.000005356,-0.000272550,-0.000342796,0.039999995
285,1.212500,-0.000272550,-0.000342796,0.239999995,1.000000000,0.000001402,-0.000000784,0.000014109,0.000026291,-0.000015794,-0.000053311,0.002112430,0.000261000,-0.000005594,-0.000272550,-0.000342796,0.039999995
286,1.216667,-0.000272550,-0.000342796,0.239999995,1.000000000,0.000001444,-0.000000822,0.000014111,0.000026330,-0.000015764,-0.000053271,0.002110759,0.000262027,-0.000005542,-0.000272550,-0.000342796,0.039999995
287,1.220833,-0.000272551,-0.000342797,0.239999995,1.000000000,0.000001489,-0.000000852,0.000014113,0.000026309,-0.000015778,-0.000053289,0.002111460,0.000261526,-0.000005567,-0.000272551,-0.000342797,0.039999995
288,1.225000,-0.000272551,-0.000342796,0.239999995,1.000000000,0.000001513,-0.000000902,0.000014104,0.000026305,-0.000015712,-0.000053304,0.002110620,0.000260893,-0.000005663,-0.000272551,-0.000342796,0.039999995
289,1.229167,-0.000272548,-0.000342796,0.239999995,1.000000000,0.000001394,-0.000000633,0.000014083,0.000026813,-0.000015506,-0.000053427,0.002110023,0.000272328,-0.000005416,-0.000272548,-0.000342796,0.039999995
290,1.233333,-0.000272549,-0.000342796,0.239999995,1.000000000,0.000001367,-0.000000754,0.000014120,0.000026124,-0.000015844,-0.000053226,0.002110800,0.000257584,-0.000005662,-0.000272549,-0.000342796,0.039999995
291,1.237500,-0.000272549,-0.000342796,0.239999995,1.000000000,0.000001275,-0.000000665,0.000014111,0.000026497,-0.000015687,-0.000053299,0.002110018,0.000265715,-0.000005449,-0.000272549,-0.000342796,0.039999995
292,1.241667,-0.000272548,-0.000342796,0.239999995,0.999999940,0.000001322,-0.000000705,0.000014112,0.000026585,-0.000015519,-0.000053263,0.002105548,0.000267242,-0.000005502,-0.000272548,-0.000342796,0.039999995
293,1.245833,-0.000272549,-0.000342795,0.239999995,0.999999940,0.000001224,-0.000000618,0.000014112,0.000026208,-0.000015733,-0.000053200,0.002107993,0.000259048,-0.000005650,-0.000272549,-0.000342795,0.039999995
294,1.250000,-0.000272549,-0.000342794,0.239999995,1.000000000,0.000001268,-0.000000664,0.000014113,0.000026600,-0.000015527,-0.000053245,0.002105327,0.000267702,-0.000005455,-0.000272549,-0.000342794,0.039999995
295,1.254167,-0.000272549,-0.000342796,0.239999995,0.999999940,0.000001318,-0.000000708,0.000014114,0.000026289,-0.000015926,-0.000053207,0.002112061,0.000262328,-0.000005333,-0.000272549,-0.000342796,0.039999995
296,1.258333,-0.000272548,-0.000342795,0.239999995,1.000000000,0.000001370,-0.000000739,0.000014115,0.000026556,-0.000015552,-0.000053284,0.002106880,0.000266535,-0.000005521,-0.000272548,-0.000342795,0.039999995
297,1.262500,-0.000272552,-0.000342795,0.239999995,1.000000000,0.000001385,-0.000000802,0.000014103,0.000025789,-0.000016054,-0.000053141,0.002112695,0.000250381,-0.000005726,-0.000272552,-0.000342795,0.039999995
298,1.266667,-0.000272550,-0.000342796,0.239999995,1.000000000,0.000001296,-0.000000711,0.000014107,0.000026689,-0.000015593,-0.000053353,0.002109865,0.000269774,-0.000005386,-0.000272550,-0.000342796,0.039999995
299,1.270833,-0.000272550,-0.000342796,0.239999995,0.999999940,0.000001347,-0.000000746,0.000014108,0.000026354,-0.000015721,-0.000053230,0.002108613,0.000262710,-0.000005518,-0.000272550,-0.000342796,0.039999995
300,1.275000,-0.000272549,-0.000342795,0.239999995,0.999999940,0.000001251,-0.000000660,0.000014110,0.000026586,-0.000015524,-0.000053294,0.002106572,0.000267140,-0.000005529,-0.000272549,-0.000342795,0.039999995
301,1.279167,-0.000272550,-0.000342793,0.239999995,1.000000000,0.000001294,-0.000000700,0.000014110,0.000026452,-0.000015509,-0.000053211,0.002103853,0.000263975,-0.000005623,-0.000272550,-0.000342793,0.039999995
302,1.283333,-0.000272550,-0.000342795,0.239999995,0.999999940,0.000001481,-0.000000868,0.000014111,0.000026276,-0.000015948,-0.000053225,0.002113117,0.000261889,-0.000005342,-0.000272550,-0.000342795,0.039999995
303,1.287500,-0.000272549,-0.000342795,0.239999995,0.999999940,0.000001527,-0.000000896,0.000014114,0.000026499,-0.000015599,-0.000053337,0.002109324,0.000265107,-0.000005594,-0.000272549,-0.000342795,0.039999995
304,1.291667,-0.000272550,-0.000342795,0.239999995,0.999999940,0.000001408,-0.000000826,0.000014118,0.000026239,-0.000015827,-0.000053315,0.002113163,0.000259931,-0.000005627,-0.000272550,-0.000342795,0.039999995
305,1.295833,-0.000272548,-0.000342795,0.239999995,0.999999940,0.000001341,-0.000000706,0.000014121,0.000026668,-0.000015588,-0.000053344,0.002109396,0.000269328,-0.000005407,-0.000272548,-0.000342795,0.039999995
306,1.300000,-0.000272549,-0.000342793,0.239999995,1.000000000,0.000001368,-0.000000758,0.000014110,0.000026248,-0.000015617,-0.000053214,0.002105988,0.000259443,-0.000005749,-0.000272549,-0.000342793,0.039999995
307,1.304167,-0.000272549,-0.000342794,0.239999995,1.000000000,0.000001410,-0.000000802,0.000014113,0.000026469,-0.000015776,-0.000053294,0.002111677,0.000265589,-0.000005380,-0.000272549,-0.000342794,0.039999995
308,1.308333,-0.000272548,-0.000342796,0.239999995,1.000000000,0.000001456,-0.000000840,0.000014116,0.000026439,-0.000015780,-0.000053314,0.002112220,0.000264793,-0.000005432,-0.000272548,-0.000342796,0.039999995
309,1.312500,-0.000272550,-0.000342796,0.239999995,1.000000000,0.000001501,-0.000000865,0.000014117,0.000025964,-0.000015959,-0.000053215,0.002112937,0.000253947,-0.000005702,-0.000272550,-0.000342796,0.039999995
310,1.316667,-0.000272550,-0.000342795,0.239999995,1.000000000,0.000001378,-0.000000797,0.000014109,0.000026347,-0.000015693,-0.000053326,0.002110933,0.000261713,-0.000005658,-0.000272550,-0.000342795,0.039999995
311,1.320833,-0.000272550,-0.000342796,0.239999995,1.000000000,0.000001311,-0.000000680,0.000014111,0.000026475,-0.000015764,-0.000053296,0.002111461,0.000265653,-0.000005385,-0.000272550,-0.000342796,0.039999995
312,1.325000,-0.000272551,-0.000342795,0.239999995,0.999999940,0.000001338,-0.000000736,0.000014111,0.000026214,-0.000015726,-0.000053208,0.002108060,0.000259150,-0.000005661,-0.000272551,-0.000342795,0.039999995
313,1.329167,-0.000272548,-0.000342794,0.239999995,0.999999940,0.000001218,-0.000000475,0.000014077,0.000027108,-0.000015180,-0.000053401,0.002102814,0.000278103,-0.000005402,-0.000272548,-0.000342794,0.039999995
314,1.333333,-0.000272549,-0.000342795,0.239999995,0.999999940,0.000001475,-0.000000856,0.000014100,0.000026114,-0.000015916,-0.000053140,0.002109650,0.000258302,-0.000005493,-0.000272549,-0.000342795,0.039999995
315,1.337500,-0.000272550,-0.000342796,0.239999995,0.999999940,0.000001375,-0.000000766,0.000014103,0.000026076,-0.000016007,-0.000053261,0.002115351,0.000256827,-0.000005557,-0.000272550,-0.000342796,0.039999995
316,1.341667,-0.000272549,-0.000342795,0.239999995,0.999999940,0.000001281,-0.000000676,0.000014105,0.000026545,-0.000015574,-0.000053305,0.002107998,0.000266199,-0.000005531,-0.000272549,-0.000342795,0.039999995
317,1.345833,-0.000272549,-0.000342794,0.239999995,1.000000000,0.000001329,-0.000000715,0.000014106,0.000026569,-0.000015533,-0.000053257,0.002105660,0.000266957,-0.000005499,-0.000272549,-0.000342794,0.039999995
318,1.350000,-0.000272548,-0.000342796,0.239999995,1.000000000,0.000001369,-0.000000769,0.000014120,0.000026451,-0.000015839,-0.000053274,0.002112267,0.000265679,-0.000005310,-0.000272548,-0.000342796,0.039999995
319,1.354167,-0.000272550,-0.000342796,0.239999995,1.000000000,0.000001408,-0.000000806,0.000014097,0.000025993,-0.000015935,-0.000053190,0.002111786,0.000254680,-0.000005664,-0.000272550,-0.000342796,0.039999995
320,1.358333,-0.000272551,-0.000342796,0.239999995,1.000000000,0.000001317,-0.000000705,0.000014111,0.000026354,-0.000015691,-0.000053283,0.002109720,0.000262022,-0.000005609,-0.000272551,-0.000342796,0.039999995
321,1.362500,-0.000272551,-0.000342796,0.239999995,0.999999940,0.000001368,-0.000000739,0.000014112,0.000026367,-0.000015732,-0.000053235,0.002109013,0.000262990,-0.000005491,-0.000272551,-0.000342796,0.039999995
322,1.366667,-0.000272548,-0.000342795,0.239999995,0.999999940,0.000001229,-0.000000501,0.000014078,0.000026866,-0.000015389,-0.000053370,0.002106009,0.000273351,-0.000005424,-0.000272548,-0.000342795,0.039999995
323,1.370833,-0.000272550,-0.000342794,0.239999995,0.999999940,0.000001483,-0.000000874,0.000014111,0.000026049,-0.000015788,-0.000053125,0.002106660,0.000255864,-0.000005707,-0.000272550,-0.000342794,0.039999995
324,1.375000,-0.000272549,-0.000342795,0.239999995,0.999999940,0.000001362,-0.000000606,0.000014077,0.000026627,-0.000015634,-0.000053379,0.002111292,0.000268417,-0.000005442,-0.000272549,-0.000342795,0.039999995
325,1.379167,-0.000272548,-0.000342797,0.239999995,1.000000000,0.000001484,-0.000000855,0.000014115,0.000026386,-0.000015878,-0.000053280,0.002113055,0.000264404,-0.000005358,-0.000272548,-0.000342797,0.039999995
326,1.383333,-0.000272550,-0.000342795,0.239999995,1.000000000,0.000001506,-0.000000900,0.000014116,0.000026023,-0.000015767,-0.000053238,0.002109716,0.000254314,-0.000005880,-0.000272550,-0.000342795,0.039999995
327,1.387500,-0.000272550,-0.000342794,0.239999995,1.000000000,0.000001385,-0.000000624,0.000014081,0.000026508,-0.000015613,-0.000053355,0.002110225,0.000265240,-0.000005587,-0.000272550,-0.000342794,0.039999995
328,1.391667,-0.000272550,-0.000342796,0.239999995,1.000000000,0.000001360,-0.000000753,0.000014108,0.000026208,-0.000015987,-0.000053251,0.002114453,0.000260443,-0.000005415,-0.000272550,-0.000342796,0.039999995
329,1.395833,-0.000272550,-0.000342796,0.239999995,1.000000000,0.000001266,-0.000000665,0.000014110,0.000026350,-0.000015748,-0.000053259,0.002110085,0.000262471,-0.000005518,-0.000272550,-0.000342796,0.039999995
330,1.400000,-0.000272550,-0.000342796,0.239999995,0.999999940,0.000001313,-0.000000707,0.000014110,0.000026385,-0.000015715,-0.000053217,0.002108244,0.000263409,-0.000005470,-0.000272550,-0.000342796,0.039999995
331,1.404167,-0.000272551,-0.000342797,0.239999995,1.000000000,0.000001364,-0.000000740,0.000014111,0.000026349,-0.000015745,-0.000053231,0.002109162,0.000262618,-0.000005495,-0.000272551,-0.000342797,0.039999995
332,1.408333,-0.000272551,-0.000342795,0.239999995,1.000000000,0.000001266,-0.000000651,0.000014112,0.000026436,-0.000015531,-0.000053257,0.002105639,0.000263455,-0.000005664,-0.000272551,-0.000342795,0.039999995
333,1.412500,-0.000272549,-0.000342795,0.239999995,0.999999940,0.000001314,-0.000000698,0.000014114,0.000026726,-0.000015531,-0.000053285,0.002106495,0.000270796,-0.000005338,-0.000272549,-0.000342795,0.039999995
334,1.416667,-0.000272549,-0.000342795,0.239999995,1.000000000,0.000001365,-0.000000734,0.000014104,0.000026529,-0.000015624,-0.000053266,0.002107703,0.000266450,-0.000005450,-0.000272549,-0.000342795,0.039999995
335,1.420833,-0.000272552,-0.000342794,0.239999995,1.000000000,0.000001379,-0.000000797,0.000014103,0.000025853,-0.000015928,-0.000053149,0.002110352,0.000251268,-0.000005804,-0.000272552,-0.000342794,0.039999995
336,1.425000,-0.000272550,-0.000342795,0.239999995,1.000000000,0.000001398,-0.000000658,0.000014080,0.000026662,-0.000015682,-0.000053352,0.002111560,0.000269631,-0.000005314,-0.000272550,-0.000342795,0.039999995
337,1.429167,-0.000272550,-0.000342795,0.239999995,1.000000000,0.000001371,-0.000000782,0.000014129,0.000026278,-0.000015772,-0.000053264,0.002110476,0.000261009,-0.000005598,-0.000272550,-0.000342795,0.039999995
338,1.433333,-0.000272550,-0.000342796,0.239999995,1.000000000,0.000001279,-0.000000691,0.000014108,0.000026342,-0.000015757,-0.000053263,0.002110339,0.000262330,-0.000005519,-0.000272550,-0.000342796,0.039999995
339,1.437500,-0.000272551,-0.000342796,0.239999995,0.999999940,0.000001327,-0.000000726,0.000014119,0.000026225,-0.000015797,-0.000053193,0.002109174,0.000259883,-0.000005549,-0.000272551,-0.000342796,0.039999995
340,1.441667,-0.000272549,-0.000342795,0.239999995,1.000000000,0.000001380,-0.000000762,0.000014122,0.000026901,-0.000015371,-0.000053355,0.002105317,0.000274104,-0.000005383,-0.000272549,-0.000342795,0.039999995
341,1.445833,-0.000272549,-0.000342795,0.239999995,1.000000000,0.000001287,-0.000000672,0.000014101,0.000026321,-0.000015740,-0.000053251,0.002109495,0.000261863,-0.000005553,-0.000272549,-0.000342795,0.039999995
342,1.450000,-0.000272549,-0.000342795,0.239999995,0.999999940,0.000001336,-0.000000709,0.000014125,0.000026375,-0.000015725,-0.000053226,0.002108673,0.000263165,-0.000005486,-0.000272549,-0.000342795,0.039999995
343,1.454167,-0.000272548,-0.000342795,0.239999995,1.000000000,0.000001388,-0.000000744,0.000014115,0.000026747,-0.000015441,-0.000053319,0.002105671,0.000270702,-0.000005452,-0.000272548,-0.000342795,0.039999995
344,1.458333,-0.000272550,-0.000342796,0.239999995,1.000000000,0.000001409,-0.000000807,0.000014117,0.000025873,-0.000016161,-0.000053183,0.002116011,0.000253081,-0.000005545,-0.000272550,-0.000342796,0.039999995
345,1.462500,-0.000272549,-0.000342796,0.239999995,1.000000000,0.000001319,-0.000000709,0.000014119,0.000026548,-0.000015581,-0.000053330,0.002108867,0.000266185,-0.000005547,-0.000272549,-0.000342796,0.039999995
346,1.466667,-0.000272549,-0.000342796,0.239999995,0.999999940,0.000001373,-0.000000742,0.000014109,0.000026502,-0.000015660,-0.000053273,0.002108622,0.000265938,-0.000005448,-0.000272549,-0.000342796,0.039999995
347,1.470833,-0.000272550,-0.000342795,0.239999995,0.999999940,0.000001387,-0.000000809,0.000014110,0.000026179,-0.000015757,-0.000053220,0.002109019,0.000258399,-0.000005680,-0.000272550,-0.000342795,0.039999995
348,1.475000,-0.000272549,-0.000342795,0.239999995,0.999999940,0.000001316,-0.000000690,0.000014112,0.000026555,-0.000015568,-0.000053299,0.002107688,0.000266459,-0.000005519,-0.000272549,-0.000342795,0.039999995
349,1.479167,-0.000272548,-0.000342797,0.239999995,1.000000000,0.000001372,-0.000000731,0.000014115,0.000026596,-0.000015772,-0.000053298,0.002111561,0.000268928,-0.000005231,-0.000272548,-0.000342797,0.039999995
350,1.483333,-0.000272551,-0.000342795,0.239999995,1.000000000,0.000001384,-0.000000792,0.000014103,0.000025874,-0.000015833,-0.000053150,0.002108491,0.000251256,-0.000005891,-0.000272551,-0.000342795,0.039999995
351,1.487500,-0.000272549,-0.000342795,0.239999995,1.000000000,0.000001295,-0.000000701,0.000014107,0.000026688,-0.000015593,-0.000053348,0.002109714,0.000269749,-0.000005380,-0.000272549,-0.000342795,0.039999995
352,1.491667,-0.000272550,-0.000342795,0.239999995,0.999999940,0.000001345,-0.000000735,0.000014107,0.000026354,-0.000015721,-0.000053230,0.002108534,0.000262699,-0.000005515,-0.000272550,-0.000342795,0.039999995
353,1.495833,-0.000272548,-0.000342794,0.239999995,0.999999940,0.000001248,-0.000000651,0.000014110,0.000026761,-0.000015360,-0.000053326,0.002104240,0.000270579,-0.000005539,-0.000272548,-0.000342794,0.039999995
354,1.500000,-0.000272549,-0.000342794,0.239999995,1.000000000,0.000001294,-0.000000691,0.000014098,0.000026208,-0.000015796,-0.000053171,0.002108371,0.000259627,-0.000005543,-0.000272549,-0.000342794,0.039999995
355,1.504167,-0.000272549,-0.000342796,0.239999995,0.999999940,0.000001481,-0.000000859,0.000014099,0.000026283,-0.000015952,-0.000053233,0.002113508,0.000262044,-0.000005340,-0.000272549,-0.000342796,0.039999995
356,1.508333,-0.000272549,-0.000342796,0.239999995,0.999999940,0.000001529,-0.000000887,0.000014114,0.000026473,-0.000015688,-0.000053340,0.002111109,0.000265002,-0.000005527,-0.000272549,-0.000342796,0.039999995
357,1.512500,-0.000272548,-0.000342794,0.239999995,0.999999940,0.000001387,-0.000000635,0.000014068,0.000026519,-0.000015500,-0.000053361,0.002107962,0.000264977,-0.000005709,-0.000272548,-0.000342794,0.039999995
358,1.516667,-0.000272549,-0.000342795,0.239999995,0.999999940,0.000001360,-0.000000761,0.000014117,0.000026066,-0.000015988,-0.000053211,0.002113356,0.000256912,-0.000005551,-0.000272549,-0.000342795,0.039999995
359,1.520833,-0.000272549,-0.000342795,0.239999995,0.999999940,0.000001266,-0.000000671,0.000014119,0.000026546,-0.000015575,-0.000053303,0.002107968,0.000266260,-0.000005529,-0.000272549,-0.000342795,0.039999995
360,1.525000,-0.000272548,-0.000342796,0.239999995,1.000000000,0.000001318,-0.000000712,0.000014121,0.000026480,-0.000015749,-0.000053253,0.002109898,0.000265966,-0.000005353,-0.000272548,-0.000342796,0.039999995
361,1.529167,-0.000272550,-0.000342796,0.239999995,1.000000000,0.000001220,-0.000000624,0.000014098,0.000026012,-0.000015920,-0.000053170,0.002110887,0.000255254,-0.000005637,-0.000272550,-0.000342796,0.039999995
362,1.533333,-0.000272551,-0.000342795,0.239999995,0.999999940,0.000001264,-0.000000668,0.000014109,0.000026431,-0.000015628,-0.000053212,0.002106425,0.000264008,-0.000005512,-0.000272551,-0.000342795,0.039999995
363,1.537500,-0.000272551,-0.000342795,0.239999995,1.000000000,0.000001311,-0.000000709,0.000014109,0.000026368,-0.000015729,-0.000053211,0.002108269,0.000263115,-0.000005469,-0.000272551,-0.000342795,0.039999995
364,1.541667,-0.000272549,-0.000342795,0.239999995,0.999999940,0.000001363,-0.000000748,0.000014112,0.000026707,-0.000015546,-0.000053308,0.002107424,0.000270304,-0.000005370,-0.000272549,-0.000342795,0.039999995
365,1.545833,-0.000272549,-0.000342796,0.239999995,0.999999940,0.000001269,-0.000000663,0.000014103,0.000026510,-0.000015640,-0.000053284,0.002108534,0.000265985,-0.000005474,-0.000272549,-0.000342796,0.039999995
366,1.550000,-0.000272550,-0.000342795,0.239999995,1.000000000,0.000001316,-0.000000698,0.000014102,0.000026229,-0.000015719,-0.000053186,0.002107282,0.000259573,-0.000005625,-0.000272550,-0.000342795,0.039999995
367,1.554167,-0.000272550,-0.000342796,0.239999995,0.999999940,0.000001368,-0.000000733,0.000014115,0.000026347,-0.000015826,-0.000053237,0.002111052,0.000262943,-0.000005413,-0.000272550,-0.000342796,0.039999995
368,1.558333,-0.000272549,-0.000342795,0.239999995,0.999999940,0.000001384,-0.000000804,0.000014117,0.000026525,-0.000015574,-0.000053299,0.002107646,0.000265881,-0.000005551,-0.000272549,-0.000342795,0.039999995
369,1.562500,-0.000272549,-0.000342794,0.239999995,0.999999940,0.000001313,-0.000000686,0.000014119,0.000026543,-0.000015558,-0.000053292,0.002107231,0.000266214,-0.000005541,-0.000272549,-0.000342794,0.039999995
370,1.566667,-0.000272548,-0.000342796,0.239999995,1.000000000,0.000001500,-0.000000857,0.000014110,0.000026447,-0.000015847,-0.000053265,0.002112106,0.000265705,-0.000005289,-0.000272548,-0.000342796,0.039999995
371,1.570833,-0.000272549,-0.000342796,0.239999995,1.000000000,0.000001377,-0.000000787,0.000014112,0.000026138,-0.000015788,-0.000053280,0.002111322,0.000257233,-0.000005759,-0.000272549,-0.000342796,0.039999995
372,1.575000,-0.000272550,-0.000342797,0.239999995,1.000000000,0.000001418,-0.000000827,0.000014114,0.000026131,-0.000015963,-0.000053225,0.002113438,0.000258171,-0.000005503,-0.000272550,-0.000342797,0.039999995
373,1.579167,-0.000272552,-0.000342797,0.239999995,1.000000000,0.000001461,-0.000000858,0.000014103,0.000026135,-0.000015886,-0.000053246,0.002112469,0.000257772,-0.000005607,-0.000272552,-0.000342797,0.039999995
374,1.583333,-0.000272550,-0.000342795,0.239999995,1.000000000,0.000001352,-0.000000572,0.000014092,0.000026734,-0.000015390,-0.000053378,0.002106324,0.000269765,-0.000005596,-0.000272550,-0.000342795,0.039999995
375,1.587500,-0.000272551,-0.000342795,0.239999995,0.999999940,0.000001447,-0.000000844,0.000014105,0.000026099,-0.000015877,-0.000053200,0.002110625,0.000257368,-0.000005620,-0.000272551,-0.000342795,0.039999995
376,1.591667,-0.000272550,-0.000342795,0.239999995,0.999999940,0.000001336,-0.000000563,0.000014082,0.000026706,-0.000015488,-0.000053367,0.002108052,0.000269627,-0.000005505,-0.000272550,-0.000342795,0.039999995
377,1.595833,-0.000272549,-0.000342795,0.239999995,1.000000000,0.000001432,-0.000000840,0.000014119,0.000026462,-0.000015668,-0.000053281,0.002108727,0.000265155,-0.000005506,-0.000272549,-0.000342795,0.039999995
378,1.600000,-0.000272549,-0.000342795,0.239999995,1.000000000,0.000001477,-0.000000870,0.000014122,0.000026305,-0.000015775,-0.000053285,0.002111307,0.000261406,-0.000005573,-0.000272549,-0.000342795,0.039999995
379,1.604167,-0.000272550,-0.000342795,0.239999995,1.000000000,0.000001524,-0.000000896,0.000014101,0.000026303,-0.000015787,-0.000053298,0.002111986,0.000261317,-0.000005572,-0.000272550,-0.000342795,0.039999995
380,1.608333,-0.000272549,-0.000342796,0.239999995,1.000000000,0.000001405,-0.000000622,0.000014067,0.000026407,-0.000015818,-0.000053349,0.002114118,0.000263960,-0.000005467,-0.000272549,-0.000342796,0.039999995
381,1.612500,-0.000272548,-0.000342796,0.239999995,1.000000000,0.000001356,-0.000000772,0.000014117,0.000026481,-0.000015593,-0.000053316,0.002108378,0.000264954,-0.000005614,-0.000272548,-0.000342796,0.039999995
382,1.616667,-0.000272550,-0.000342795,0.239999995,1.000000000,0.000001261,-0.000000676,0.000014106,0.000026058,-0.000015812,-0.000053188,0.002109291,0.000255639,-0.000005729,-0.000272550,-0.000342795,0.039999995
383,1.620833,-0.000272551,-0.000342794,0.239999995,0.999999940,0.000001308,-0.000000712,0.000014118,0.000026411,-0.000015644,-0.000053227,0.002107127,0.000263538,-0.000005534,-0.000272551,-0.000342794,0.039999995
384,1.625000,-0.000272549,-0.000342795,0.239999995,1.000000000,0.000001362,-0.000000751,0.000014108,0.000026627,-0.000015687,-0.000053298,0.002109972,0.000269197,-0.000005293,-0.000272549,-0.000342795,0.039999995
385,1.629167,-0.000272549,-0.000342795,0.239999995,1.000000000,0.000001268,-0.000000664,0.000014110,0.000026336,-0.000015738,-0.000053251,0.002109483,0.000262272,-0.000005542,-0.000272549,-0.000342795,0.039999995
386,1.633333,-0.000272550,-0.000342795,0.239999995,0.999999940,0.000001315,-0.000000706,0.000014111,0.000026386,-0.000015717,-0.000053218,0.002108220,0.000263492,-0.000005468,-0.000272550,-0.000342795,0.039999995
387,1.637500,-0.000272550,-0.000342796,0.239999995,1.000000000,0.000001366,-0.000000739,0.000014111,0.000026350,-0.000015745,-0.000053231,0.002109183,0.000262602,-0.000005494,-0.000272550,-0.000342796,0.039999995
388,1.641667,-0.000272550,-0.000342796,0.239999995,1.000000000,0.000001271,-0.000000652,0.000014113,0.000026347,-0.000015747,-0.000053253,0.002109832,0.000262512,-0.000005520,-0.000272550,-0.000342796,0.039999995
389,1.645833,-0.000272551,-0.000342796,0.239999995,0.999999940,0.000001318,-0.000000693,0.000014113,0.000026385,-0.000015716,-0.000053218,0.002108280,0.000263386,-0.000005470,-0.000272551,-0.000342796,0.039999995
390,1.650000,-0.000272550,-0.000342796,0.239999995,1.000000000,0.000001370,-0.000000730,0.000014103,0.000026541,-0.000015634,-0.000053273,0.002108118,0.000266747,-0.000005430,-0.000272550,-0.000342796,0.039999995
391,1.654167,-0.000272551,-0.000342796,0.239999995,1.000000000,0.000001386,-0.000000798,0.000014116,0.000026168,-0.000015830,-0.000053224,0.002110619,0.000258485,-0.000005615,-0.000272551,-0.000342796,0.039999995
392,1.658333,-0.000272549,-0.000342796,0.239999995,1.000000000,0.000001297,-0.000000707,0.000014120,0.000026676,-0.000015582,-0.000053347,0.002109315,0.000269550,-0.000005408,-0.000272549,-0.000342796,0.039999995
393,1.662500,-0.000272550,-0.000342796,0.239999995,0.999999940,0.000001347,-0.000000742,0.000014121,0.000026355,-0.000015722,-0.000053229,0.002108593,0.000262661,-0.000005513,-0.000272550,-0.000342796,0.039999995
394,1.666667,-0.000272549,-0.000342796,0.239999995,0.999999940,0.000001252,-0.000000656,0.000014100,0.000026548,-0.000015562,-0.000053289,0.002107170,0.000266386,-0.000005520,-0.000272549,-0.000342796,0.039999995
395,1.670833,-0.000272548,-0.000342795,0.239999995,1.000000000,0.000001297,-0.000000699,0.000014124,0.000026577,-0.000015525,-0.000053248,0.002105204,0.000267230,-0.000005493,-0.000272548,-0.000342795,0.039999995
396,1.675000,-0.000272550,-0.000342795,0.239999995,0.999999940,0.000001347,-0.000000728,0.000014123,0.000026018,-0.000015912,-0.000053156,0.002110300,0.000255409,-0.000005626,-0.000272550,-0.000342795,0.039999995
397,1.679167,-0.000272549,-0.000342794,0.239999995,0.999999940,0.000001252,-0.000000644,0.000014114,0.000026709,-0.000015496,-0.000053328,0.002107072,0.000269963,-0.000005444,-0.000272549,-0.000342794,0.039999995
398,1.683333,-0.000272547,-0.000342795,0.239999995,1.000000000,0.000001300,-0.000000691,0.000014116,0.000026698,-0.000015536,-0.000053281,0.002106366,0.000270280,-0.000005363,-0.000272547,-0.000342795,0.039999995
399,1.687500,-0.000272550,-0.000342796,0.239999995,0.999999940,0.000001486,-0.000000855,0.000014116,0.000025924,-0.000016124,-0.000053152,0.002114341,0.000254346,-0.000005491,-0.000272550,-0.000342796,0.039999995
400,1.691667,-0.000272550,-0.000342795,0.239999995,0.999999940,0.000001508,-0.000000903,0.000014118,0.000026365,-0.000015609,-0.000053316,0.002108982,0.000261717,-0.000005728,-0.000272550,-0.000342795,0.039999995
401,1.695833,-0.000272549,-0.000342794,0.239999995,0.999999940,0.000001387,-0.000000628,0.000014083,0.000026480,-0.000015617,-0.000053347,0.002109925,0.000264713,-0.000005607,-0.000272549,-0.000342794,0.039999995
402,1.700000,-0.000272548,-0.000342796,0.239999995,1.000000000,0.000001487,-0.000000694,0.000014072,0.000026535,-0.000015817,-0.000053322,0.002113105,0.000267607,-0.000005288,-0.000272548,-0.000342796,0.039999995
403,1.704167,-0.000272550,-0.000342797,0.239999995,1.000000000,0.000001444,-0.000000827,0.000014121,0.000025891,-0.000015998,-0.000053230,0.002113943,0.000252518,-0.000005776,-0.000272550,-0.000342797,0.039999995
404,1.708333,-0.000272550,-0.000342797,0.239999995,1.000000000,0.000001489,-0.000000856,0.000014123,0.000026325,-0.000015791,-0.000053296,0.002112142,0.000261799,-0.000005540,-0.000272550,-0.000342797,0.039999995
405,1.712500,-0.000272551,-0.000342795,0.239999995,1.000000000,0.000001511,-0.000000903,0.000014113,0.000026218,-0.000015659,-0.000053277,0.002108729,0.000258490,-0.000005804,-0.000272551,-0.000342795,0.039999995
406,1.716667,-0.000272549,-0.000342795,0.239999995,1.000000000,0.000001392,-0.000000633,0.000014068,0.000026779,-0.000015549,-0.000053420,0.002110760,0.000271637,-0.000005395,-0.000272549,-0.000342795,0.039999995
407,1.720833,-0.000272549,-0.000342796,0.239999995,0.999999940,0.000001514,-0.000000877,0.000014106,0.000026261,-0.000015852,-0.000053254,0.002111701,0.000261101,-0.000005513,-0.000272549,-0.000342796,0.039999995
408,1.725000,-0.000272548,-0.000342796,0.239999995,0.999999940,0.000001370,-0.000000629,0.000014071,0.000026470,-0.000015624,-0.000053351,0.002110214,0.000264463,-0.000005617,-0.000272548,-0.000342796,0.039999995
409,1.729167,-0.000272550,-0.000342795,0.239999995,1.000000000,0.000001488,-0.000000868,0.000014119,0.000026155,-0.000015771,-0.000053217,0.002109198,0.000257908,-0.000005701,-0.000272550,-0.000342795,0.039999995
410,1.733333,-0.000272549,-0.000342795,0.239999995,1.000000000,0.000001366,-0.000000597,0.000014073,0.000026489,-0.000015690,-0.000053347,0.002111473,0.000265318,-0.000005511,-0.000272549,-0.000342795,0.039999995
411,1.737500,-0.000272550,-0.000342795,0.239999995,0.999999940,0.000001463,-0.000000865,0.000014109,0.000026094,-0.000015888,-0.000053216,0.002111399,0.000257117,-0.000005634,-0.000272550,-0.000342795,0.039999995
412,1.741667,-0.000272550,-0.000342795,0.239999995,0.999999940,0.000001508,-0.000000892,0.000014112,0.000026508,-0.000015607,-0.000053337,0.002109539,0.000265322,-0.000005575,-0.000272550,-0.000342795,0.039999995
413,1.745833,-0.000272549,-0.000342794,0.239999995,0.999999940,0.000001387,-0.000000616,0.000014078,0.000026474,-0.000015612,-0.000053346,0.002109765,0.000264529,-0.000005620,-0.000272549,-0.000342794,0.039999995
414,1.750000,-0.000272548,-0.000342795,0.239999995,1.000000000,0.000001489,-0.000000886,0.000014105,0.000026388,-0.000015817,-0.000053297,0.002112285,0.000263986,-0.000005440,-0.000272548,-0.000342795,0.039999995
415,1.754167,-0.000272551,-0.000342795,0.239999995,1.000000000,0.000001388,-0.000000790,0.000014106,0.000025946,-0.000015977,-0.000053234,0.002113853,0.000253553,-0.000005724,-0.000272551,-0.000342795,0.039999995
416,1.758333,-0.000272551,-0.000342796,0.239999995,1.000000000,0.000001430,-0.000000827,0.000014108,0.000026342,-0.000015774,-0.000053277,0.002111200,0.000262291,-0.000005520,-0.000272551,-0.000342796,0.039999995
417,1.762500,-0.000272550,-0.000342797,0.239999995,1.000000000,0.000001476,-0.000000864,0.000014112,0.000026444,-0.000015786,-0.000053314,0.002112387,0.000264910,-0.000005419,-0.000272550,-0.000342797,0.039999995
418,1.766667,-0.000272551,-0.000342796,0.239999995,1.000000000,0.000001520,-0.000000887,0.000014113,0.000026169,-0.000015767,-0.000053262,0.002110432,0.000257936,-0.000005725,-0.000272551,-0.000342796,0.039999995
419,1.770833,-0.000272550,-0.000342796,0.239999995,1.000000000,0.000001381,-0.000000640,0.000014080,0.000026608,-0.000015637,-0.000053397,0.002111811,0.000267889,-0.000005482,-0.000272550,-0.000342796,0.039999995
420,1.775000,-0.000272550,-0.000342796,0.239999995,0.999999940,0.000001501,-0.000000882,0.000014105,0.000026292,-0.000015767,-0.000053256,0.002110122,0.000261370,-0.000005572,-0.000272550,-0.000342796,0.039999995
421,1.779167,-0.000272548,-0.000342797,0.239999995,0.999999940,0.000001379,-0.000000613,0.000014071,0.000026617,-0.000015625,-0.000053377,0.002110926,0.000268171,-0.000005462,-0.000272548,-0.000342797,0.039999995
422,1.783333,-0.000272549,-0.000342794,0.239999995,1.000000000,0.000001493,-0.000000852,0.000014107,0.000026429,-0.000015439,-0.000053261,0.002103710,0.000262904,-0.000005795,-0.000272549,-0.000342794,0.039999995
423,1.787500,-0.000272551,-0.000342796,0.239999995,1.000000000,0.000001373,-0.000000787,0.000014110,0.000025848,-0.000016204,-0.000053220,0.002118020,0.000252446,-0.000005567,-0.000272551,-0.000342796,0.039999995
424,1.791667,-0.000272550,-0.000342795,0.239999995,1.000000000,0.000001280,-0.000000696,0.000014112,0.000026568,-0.000015565,-0.000053314,0.002108083,0.000266685,-0.000005522,-0.000272550,-0.000342795,0.039999995
425,1.795833,-0.000272551,-0.000342795,0.239999995,0.999999940,0.000001328,-0.000000732,0.000014100,0.000026179,-0.000015830,-0.000053182,0.002109416,0.000258952,-0.000005548,-0.000272551,-0.000342795,0.039999995
426,1.800000,-0.000272549,-0.000342795,0.239999995,1.000000000,0.000001381,-0.000000768,0.000014103,0.000026903,-0.000015372,-0.000053356,0.002105329,0.000274178,-0.000005382,-0.000272549,-0.000342795,0.039999995
427,1.804167,-0.000272549,-0.000342796,0.239999995,1.000000000,0.000001422,-0.000000811,0.000014117,0.000026253,-0.000015867,-0.000053244,0.002111858,0.000260920,-0.000005489,-0.000272549,-0.000342796,0.039999995
428,1.808333,-0.000272550,-0.000342796,0.239999995,1.000000000,0.000001466,-0.000000845,0.000014096,0.000026323,-0.000015772,-0.000053282,0.002111236,0.000261770,-0.000005546,-0.000272550,-0.000342796,0.039999995
429,1.812500,-0.000272549,-0.000342796,0.239999995,1.000000000,0.000001513,-0.000000873,0.000014111,0.000026489,-0.000015675,-0.000053337,0.002110841,0.000265290,-0.000005520,-0.000272549,-0.000342796,0.039999995
430,1.816667,-0.000272550,-0.000342797,0.239999995,1.000000000,0.000001392,-0.000000804,0.000014102,0.000026074,-0.000015916,-0.000053271,0.002113658,0.000256342,-0.000005674,-0.000272550,-0.000342797,0.039999995
431,1.820833,-0.000272550,-0.000342795,0.239999995,1.000000000,0.000001297,-0.000000707,0.000014104,0.000026427,-0.000015554,-0.000053278,0.002106842,0.000263153,-0.000005675,-0.000272550,-0.000342795,0.039999995
432,1.825000,-0.000272551,-0.000342795,0.239999995,0.999999940,0.000001348,-0.000000741,0.000014104,0.000026365,-0.000015732,-0.000053230,0.002108912,0.000262897,-0.000005489,-0.000272551,-0.000342795,0.039999995
433,1.829167,-0.000272547,-0.000342794,0.239999995,0.999999940,0.000001229,-0.000000481,0.000014082,0.000027076,-0.000015263,-0.000053401,0.002104421,0.000277830,-0.000005346,-0.000272547,-0.000342794,0.039999995
434,1.833333,-0.000272547,-0.000342795,0.239999995,1.000000000,0.000001340,-0.000000747,0.000014118,0.000026294,-0.000015812,-0.000053191,0.002108993,0.000262131,-0.000005450,-0.000272547,-0.000342795,0.039999995
435,1.837500,-0.000272549,-0.000342795,0.239999995,1.000000000,0.000001245,-0.000000654,0.000014118,0.000026008,-0.000015933,-0.000053181,0.002111580,0.000255028,-0.000005642,-0.000272549,-0.000342795,0.039999995
436,1.841667,-0.000272550,-0.000342795,0.239999995,0.999999940,0.000001292,-0.000000695,0.000014118,0.000026398,-0.000015725,-0.000053224,0.002108678,0.000263699,-0.000005449,-0.000272550,-0.000342795,0.039999995
437,1.845833,-0.000272549,-0.000342794,0.239999995,1.000000000,0.000001339,-0.000000730,0.000014108,0.000026629,-0.000015417,-0.000053275,0.002103940,0.000267689,-0.000005578,-0.000272549,-0.000342794,0.039999995
438,1.850000,-0.000272550,-0.000342797,0.239999995,1.000000000,0.000001380,-0.000000780,0.000014109,0.000026045,-0.000016151,-0.000053194,0.002116126,0.000257457,-0.000005357,-0.000272550,-0.000342797,0.039999995
439,1.854167,-0.000272551,-0.000342797,0.239999995,1.000000000,0.000001420,-0.000000818,0.000014098,0.000026156,-0.000015871,-0.000053232,0.002111846,0.000258252,-0.000005587,-0.000272551,-0.000342797,0.039999995
440,1.858333,-0.000272550,-0.000342795,0.239999995,1.000000000,0.000001329,-0.000000722,0.000014125,0.000026753,-0.000015374,-0.000053358,0.002105510,0.000270221,-0.000005574,-0.000272550,-0.000342795,0.039999995
441,1.862500,-0.000272550,-0.000342795,0.239999995,1.000000000,0.000001232,-0.000000639,0.000014103,0.000026346,-0.000015730,-0.000053235,0.002108851,0.000262531,-0.000005514,-0.000272550,-0.000342795,0.039999995
442,1.866667,-0.000272551,-0.000342795,0.239999995,0.999999940,0.000001277,-0.000000682,0.000014114,0.000026244,-0.000015782,-0.000053174,0.002108332,0.000260348,-0.000005523,-0.000272551,-0.000342795,0.039999995
443,1.870833,-0.000272549,-0.000342795,0.239999995,1.000000000,0.000001325,-0.000000725,0.000014117,0.000026920,-0.000015355,-0.000053337,0.002104430,0.000274607,-0.000005359,-0.000272549,-0.000342795,0.039999995
444,1.875000,-0.000272551,-0.000342796,0.239999995,1.000000000,0.000001364,-0.000000772,0.000014094,0.000025909,-0.000016126,-0.000053156,0.002114485,0.000253961,-0.000005507,-0.000272551,-0.000342796,0.039999995
445,1.879167,-0.000272549,-0.000342797,0.239999995,1.000000000,0.000001273,-0.000000685,0.000014121,0.000026691,-0.000015578,-0.000053345,0.002109241,0.000269824,-0.000005394,-0.000272549,-0.000342797,0.039999995
446,1.883333,-0.000272549,-0.000342795,0.239999995,0.999999940,0.000001318,-0.000000721,0.000014098,0.000026454,-0.000015498,-0.000053225,0.002103983,0.000263976,-0.000005642,-0.000272549,-0.000342795,0.039999995
447,1.887500,-0.000272549,-0.000342793,0.239999995,1.000000000,0.000001367,-0.000000752,0.000014111,0.000026618,-0.000015426,-0.000053279,0.002104135,0.000267443,-0.000005588,-0.000272549,-0.000342793,0.039999995
448,1.891667,-0.000272548,-0.000342794,0.239999995,1.000000000,0.000001409,-0.000000798,0.000014113,0.000026456,-0.000015765,-0.000053287,0.002111162,0.000265284,-0.000005400,-0.000272548,-0.000342794,0.039999995
449,1.895833,-0.000272550,-0.000342796,0.239999995,1.000000000,0.000001453,-0.000000832,0.000014114,0.000025893,-0.000016160,-0.000053193,0.002116379,0.000253402,-0.000005532,-0.000272550,-0.000342796,0.039999995
450,1.900000,-0.000272550,-0.000342796,0.239999995,1.000000000,0.000001499,-0.000000862,0.000014117,0.000026323,-0.000015789,-0.000053300,0.002112168,0.000261703,-0.000005551,-0.000272550,-0.000342796,0.039999995
451,1.904167,-0.000272551,-0.000342796,0.239999995,1.000000000,0.000001376,-0.000000794,0.000014109,0.000026334,-0.000015683,-0.000053320,0.002110437,0.000261467,-0.000005680,-0.000272551,-0.000342796,0.039999995
452,1.908333,-0.000272548,-0.000342797,0.239999995,1.000000000,0.000001284,-0.000000501,0.000014074,0.000026817,-0.000015579,-0.000053369,0.002109867,0.000273119,-0.000005260,-0.000272548,-0.000342797,0.039999995
453,1.912500,-0.000272551,-0.000342795,0.239999995,0.999999940,0.000001369,-0.000000777,0.000014108,0.000025868,-0.000015817,-0.000053107,0.002106711,0.000251408,-0.000005880,-0.000272551,-0.000342795,0.039999995
454,1.916667,-0.000272549,-0.000342794,0.239999995,0.999999940,0.000001252,-0.000000510,0.000014073,0.000026897,-0.000015400,-0.000053375,0.002106536,0.000273992,-0.000005377,-0.000272549,-0.000342794,0.039999995
455,1.920833,-0.000272548,-0.000342796,0.239999995,1.000000000,0.000001365,-0.000000774,0.000014099,0.000026442,-0.000015751,-0.000053237,0.002109105,0.000265357,-0.000005386,-0.000272548,-0.000342796,0.039999995
456,1.925000,-0.000272550,-0.000342796,0.239999995,1.000000000,0.000001404,-0.000000811,0.000014122,0.000025991,-0.000015936,-0.000053187,0.002111757,0.000254618,-0.000005671,-0.000272550,-0.000342796,0.039999995
457,1.929167,-0.000272550,-0.000342795,0.239999995,1.000000000,0.000001313,-0.000000711,0.000014112,0.000026396,-0.000015654,-0.000053291,0.002109186,0.000262893,-0.000005605,-0.000272550,-0.000342795,0.039999995
458,1.933333,-0.000272551,-0.000342795,0.239999995,0.999999940,0.000001364,-0.000000745,0.000014113,0.000026365,-0.000015731,-0.000053233,0.002108954,0.000262951,-0.000005493,-0.000272551,-0.000342795,0.039999995
459,1.937500,-0.000272548,-0.000342795,0.239999995,0.999999940,0.000001246,-0.000000483,0.000014067,0.000026864,-0.000015464,-0.000053362,0.002107385,0.000273672,-0.000005328,-0.000272548,-0.000342795,0.039999995
460,1.941667,-0.000272549,-0.000342794,0.239999995,0.999999940,0.000001501,-0.000000858,0.000014113,0.000026198,-0.000015713,-0.000053159,0.002106173,0.000259090,-0.000005652,-0.000272549,-0.000342794,0.039999995
461,1.945833,-0.000272549,-0.000342795,0.239999995,0.999999940,0.000001360,-0.000000613,0.000014079,0.000026385,-0.000015844,-0.000053346,0.002114446,0.000263596,-0.000005457,-0.000272549,-0.000342795,0.039999995
462,1.950000,-0.000272550,-0.000342795,0.239999995,1.000000000,0.000001476,-0.000000855,0.000014103,0.000026167,-0.000015764,-0.000053214,0.002108967,0.000258173,-0.000005684,-0.000272550,-0.000342795,0.039999995
463,1.954167,-0.000272550,-0.000342798,0.239999995,1.000000000,0.000001380,-0.000000770,0.000014118,0.000026153,-0.000016135,-0.000053289,0.002118665,0.000259588,-0.000005348,-0.000272550,-0.000342798,0.039999995
464,1.958333,-0.000272551,-0.000342796,0.239999995,1.000000000,0.000001284,-0.000000676,0.000014096,0.000026432,-0.000015540,-0.000053276,0.002106417,0.000263237,-0.000005675,-0.000272551,-0.000342796,0.039999995
465,1.962500,-0.000272551,-0.000342796,0.239999995,0.999999940,0.000001333,-0.000000714,0.000014120,0.000026373,-0.000015723,-0.000053221,0.002108446,0.000263133,-0.000005484,-0.000272551,-0.000342796,0.039999995
466,1.966667,-0.000272548,-0.000342796,0.239999995,1.000000000,0.000001386,-0.000000751,0.000014123,0.000026896,-0.000015367,-0.000053352,0.002105091,0.000273981,-0.000005393,-0.000272548,-0.000342796,0.039999995
467,1.970833,-0.000272551,-0.000342795,0.239999995,1.000000000,0.000001401,-0.000000812,0.000014112,0.000025983,-0.000015852,-0.000053184,0.002109736,0.000254155,-0.000005770,-0.000272551,-0.000342795,0.039999995
468,1.975000,-0.000272550,-0.000342795,0.239999995,1.000000000,0.000001445,-0.000000848,0.000014127,0.000026522,-0.000015671,-0.000053323,0.002110500,0.000266095,-0.000005471,-0.000272550,-0.000342795,0.039999995
469,1.979167,-0.000272551,-0.000342795,0.239999995,1.000000000,0.000001490,-0.000000875,0.000014117,0.000026153,-0.000015847,-0.000053252,0.002111793,0.000258055,-0.000005638,-0.000272551,-0.000342795,0.039999995
470,1.983333,-0.000272549,-0.000342795,0.239999995,1.000000000,0.000001368,-0.000000607,0.000014083,0.000026637,-0.000015614,-0.000053382,0.002110971,0.000268576,-0.000005455,-0.000272549,-0.000342795,0.039999995
471,1.987500,-0.000272550,-0.000342796,0.239999995,0.999999940,0.000001488,-0.000000853,0.000014120,0.000026236,-0.000015885,-0.000053240,0.002112022,0.000260729,-0.000005492,-0.000272550,-0.000342796,0.039999995
472,1.991667,-0.000272550,-0.000342796,0.239999995,0.999999940,0.000001513,-0.000000903,0.000014111,0.000026291,-0.000015728,-0.000053305,0.002110901,0.000260698,-0.000005664,-0.000272550,-0.000342796,0.039999995
473,1.995833,-0.000272549,-0.000342795,0.239999995,0.999999940,0.000001392,-0.000000627,0.000014076,0.000026481,-0.000015618,-0.000053349,0.002110070,0.000264697,-0.000005608,-0.000272549,-0.000342795,0.039999995
474,2.000000,-0.000272549,-0.000342795,0.239999995,1.000000000,0.000001512,-0.000000871,0.000014114,0.000026432,-0.000015712,-0.000053286,0.002109951,0.000264459,-0.000005498,-0.000272549,-0.000342795,0.039999995
475,2.004167,-0.000272550,-0.000342796,0.239999995,1.000000000,0.000001391,-0.000000802,0.000014105,0.000026076,-0.000015918,-0.000053272,0.002113764,0.000256430,-0.000005675,-0.000272550,-0.000342796,0.039999995
476,2.008333,-0.000272551,-0.000342796,0.239999995,1.000000000,0.000001433,-0.000000840,0.000014107,0.000026337,-0.000015770,-0.000053276,0.002111061,0.000262140,-0.000005529,-0.000272551,-0.000342796,0.039999995
477,2.012500,-0.000272551,-0.000342796,0.239999995,1.000000000,0.000001478,-0.000000870,0.000014110,0.000026309,-0.000015778,-0.000053288,0.002111534,0.000261461,-0.000005569,-0.000272551,-0.000342796,0.039999995
478,2.016667,-0.000272550,-0.000342797,0.239999995,1.000000000,0.000001504,-0.000000717,0.000014075,0.000026427,-0.000015802,-0.000053333,0.002113260,0.000264489,-0.000005443,-0.000272550,-0.000342797,0.039999995
479,2.020833,-0.000272550,-0.000342796,0.239999995,1.000000000,0.000001459,-0.000000849,0.000014101,0.000026319,-0.000015609,-0.000053317,0.002108669,0.000260789,-0.000005790,-0.000272550,-0.000342796,0.039999995
480,2.025000,-0.000272550,-0.000342796,0.239999995,1.000000000,0.000001507,-0.000000878,0.000014116,0.000026492,-0.000015678,-0.000053334,0.002110765,0.000265416,-0.000005511,-0.000272550,-0.000342796,0.039999995
481,2.029167,-0.000272551,-0.000342796,0.239999995,1.000000000,0.000001385,-0.000000809,0.000014108,0.000026074,-0.000015916,-0.000053271,0.002113650,0.000256363,-0.000005677,-0.000272551,-0.000342796,0.039999995
482,2.033333,-0.000272548,-0.000342797,0.239999995,1.000000000,0.000001293,-0.000000516,0.000014074,0.000026825,-0.000015585,-0.000053376,0.002110261,0.000273219,-0.000005250,-0.000272548,-0.000342797,0.039999995
483,2.037500,-0.000272551,-0.000342795,0.239999995,0.999999940,0.000001380,-0.000000791,0.000014119,0.000026048,-0.000015712,-0.000053156,0.002106022,0.000255283,-0.000005836,-0.000272551,-0.000342795,0.039999995
484,2.041667,-0.000272550,-0.000342794,0.239999995,0.999999940,0.000001286,-0.000000696,0.000014110,0.000026605,-0.000015462,-0.000053313,0.002105956,0.000267090,-0.000005595,-0.000272550,-0.000342794,0.039999995
485,2.045833,-0.000272549,-0.000342794,0.239999995,1.000000000,0.000001337,-0.000000733,0.000014100,0.000026534,-0.000015630,-0.000053265,0.002107834,0.000266639,-0.000005436,-0.000272549,-0.000342794,0.039999995
486,2.050000,-0.000272550,-0.000342797,0.239999995,1.000000000,0.000001379,-0.000000782,0.000014101,0.000026046,-0.000016151,-0.000053197,0.002116369,0.000257355,-0.000005360,-0.000272550,-0.000342797,0.039999995
487,2.054167,-0.000272551,-0.000342795,0.239999995,1.000000000,0.000001282,-0.000000686,0.000014114,0.000026283,-0.000015617,-0.000053242,0.002107019,0.000259957,-0.000005738,-0.000272551,-0.000342795,0.039999995
488,2.058333,-0.000272551,-0.000342795,0.239999995,0.999999940,0.000001331,-0.000000726,0.000014103,0.000026532,-0.000015655,-0.000053258,0.002108187,0.000266656,-0.000005401,-0.000272551,-0.000342795,0.039999995
489,2.062500,-0.000272548,-0.000342794,0.239999995,1.000000000,0.000001384,-0.000000763,0.000014106,0.000026891,-0.000015362,-0.000053350,0.002104900,0.000273862,-0.000005403,-0.000272548,-0.000342794,0.039999995
490,2.066667,-0.000272549,-0.000342797,0.239999995,1.000000000,0.000001429,-0.000000805,0.000014108,0.000026016,-0.000016158,-0.000053207,0.002116683,0.000256659,-0.000005401,-0.000272549,-0.000342797,0.039999995
491,2.070833,-0.000272549,-0.000342797,0.239999995,1.000000000,0.000001339,-0.000000707,0.000014111,0.000026543,-0.000015575,-0.000053329,0.002108657,0.000266101,-0.000005560,-0.000272549,-0.000342797,0.039999995
492,2.075000,-0.000272549,-0.000342795,0.239999995,0.999999940,0.000001366,-0.000000761,0.000014112,0.000026419,-0.000015533,-0.000053251,0.002105372,0.000263160,-0.000005678,-0.000272549,-0.000342795,0.039999995
493,2.079167,-0.000272549,-0.000342794,0.239999995,0.999999940,0.000001272,-0.000000671,0.000014114,0.000026537,-0.000015570,-0.000053292,0.002107422,0.000266175,-0.000005535,-0.000272549,-0.000342794,0.039999995
494,2.083333,-0.000272550,-0.000342795,0.239999995,1.000000000,0.000001323,-0.000000707,0.000014114,0.000026139,-0.000015935,-0.000053180,0.002111477,0.000258605,-0.000005477,-0.000272550,-0.000342795,0.039999995
495,2.087500,-0.000272549,-0.000342795,0.239999995,0.999999940,0.000001376,-0.000000740,0.000014104,0.000026515,-0.000015670,-0.000053283,0.002109203,0.000266200,-0.000005432,-0.000272549,-0.000342795,0.039999995
496,2.091667,-0.000272549,-0.000342795,0.239999995,0.999999940,0.000001392,-0.000000811,0.000014107,0.000026520,-0.000015571,-0.000053293,0.002107475,0.000265741,-0.000005556,-0.000272549,-0.000342795,0.039999995
497,2.095833,-0.000272550,-0.000342795,0.239999995,0.999999940,0.000001321,-0.000000689,0.000014119,0.000026176,-0.000015833,-0.000053222,0.002110633,0.000258709,-0.000005597,-0.000272550,-0.000342795,0.039999995
498,2.100000,-0.000272550,-0.000342794,0.239999995,1.000000000,0.000001349,-0.000000747,0.000014109,0.000026401,-0.000015639,-0.000053249,0.002107587,0.000263230,-0.000005571,-0.000272550,-0.000342794,0.039999995
499,2.104167,-0.000272550,-0.000342796,0.239999995,1.000000000,0.000001391,-0.000000794,0.000014111,0.000026257,-0.000015963,-0.000053246,0.002113985,0.000261458,-0.000005371,-0.000272550,-0.000342796,0.039999995
500,2.108333,-0.000272550,-0.000342796,0.239999995,1.000000000,0.000001433,-0.000000831,0.000014113,0.000026329,-0.000015763,-0.000053276,0.002110817,0.000262002,-0.000005548,-0.000272550,-0.000342796,0.039999995
501,2.112500,-0.000272551,-0.000342796,0.239999995,1.000000000,0.000001478,-0.000000861,0.000014115,0.000026309,-0.000015778,-0.000053288,0.002111509,0.000261480,-0.000005567,-0.000272551,-0.000342796,0.039999995
502,2.116667,-0.000272549,-0.000342797,0.239999995,1.000000000,0.000001504,-0.000000712,0.000014069,0.000026618,-0.000015691,-0.000053373,0.002112215,0.000268596,-0.000005377,-0.000272549,-0.000342797,0.039999995
503,2.120833,-0.000272548,-0.000342795,0.239999995,1.000000000,0.000001440,-0.000000663,0.000014081,0.000026524,-0.000015403,-0.000053350,0.002105484,0.000264837,-0.000005819,-0.000272548,-0.000342795,0.039999995
504,2.125000,-0.000272551,-0.000342795,0.239999995,1.000000000,0.000001393,-0.000000801,0.000014117,0.000025766,-0.000016064,-0.000053170,0.002113533,0.000249852,-0.000005784,-0.000272551,-0.000342795,0.039999995
505,2.129167,-0.000272550,-0.000342795,0.239999995,1.000000000,0.000001303,-0.000000710,0.000014121,0.000026690,-0.000015593,-0.000053354,0.002109847,0.000269803,-0.000005383,-0.000272550,-0.000342795,0.039999995
506,2.133333,-0.000272550,-0.000342795,0.239999995,0.999999940,0.000001354,-0.000000744,0.000014121,0.000026354,-0.000015721,-0.000053230,0.002108561,0.000262702,-0.000005514,-0.000272550,-0.000342795,0.039999995
507,2.137500,-0.000272549,-0.000342795,0.239999995,0.999999940,0.000001259,-0.000000658,0.000014100,0.000026548,-0.000015561,-0.000053288,0.002107171,0.000266411,-0.000005522,-0.000272549,-0.000342795,0.039999995
508,2.141667,-0.000272549,-0.000342796,0.239999995,1.000000000,0.000001308,-0.000000703,0.000014125,0.000026488,-0.000015741,-0.000053243,0.002109411,0.000266131,-0.000005345,-0.000272549,-0.000342796,0.039999995
509,2.145833,-0.000272551,-0.000342796,0.239999995,0.999999940,0.000001358,-0.000000732,0.000014124,0.000026019,-0.000015912,-0.000053160,0.002110438,0.000255375,-0.000005629,-0.000272551,-0.000342796,0.039999995
510,2.150000,-0.000272548,-0.000342795,0.239999995,0.999999940,0.000001264,-0.000000651,0.000014105,0.000026901,-0.000015385,-0.000053368,0.002106055,0.000274010,-0.000005377,-0.000272548,-0.000342795,0.039999995
511,2.154167,-0.000272550,-0.000342794,0.239999995,1.000000000,0.000001308,-0.000000689,0.000014127,0.000026223,-0.000015701,-0.000053168,0.002106327,0.000259480,-0.000005640,-0.000272550,-0.000342794,0.039999995
512,2.158333,-0.000272549,-0.000342796,0.239999995,0.999999940,0.000001495,-0.000000860,0.000014118,0.000026474,-0.000015842,-0.000053272,0.002112394,0.000266165,-0.000005268,-0.000272549,-0.000342796,0.039999995
513,2.162500,-0.000272548,-0.000342795,0.239999995,0.999999940,0.000001351,-0.000000612,0.000014072,0.000026487,-0.000015527,-0.000053350,0.002108100,0.000264424,-0.000005705,-0.000272548,-0.000342795,0.039999995
514,2.166667,-0.000272550,-0.000342794,0.239999995,1.000000000,0.000001467,-0.000000854,0.000014095,0.000026166,-0.000015765,-0.000053208,0.002108726,0.000258258,-0.000005676,-0.000272550,-0.000342794,0.039999995
515,2.170833,-0.000272550,-0.000342796,0.239999995,1.000000000,0.000001369,-0.000000768,0.000014123,0.000026216,-0.000016008,-0.000053294,0.002116276,0.000260386,-0.000005423,-0.000272550,-0.000342796,0.039999995
516,2.175000,-0.000272550,-0.000342796,0.239999995,1.000000000,0.000001277,-0.000000676,0.000014101,0.000026342,-0.000015756,-0.000053269,0.002110529,0.000262283,-0.000005529,-0.000272550,-0.000342796,0.039999995
517,2.179167,-0.000272550,-0.000342796,0.239999995,0.999999940,0.000001326,-0.000000714,0.000014125,0.000026374,-0.000015724,-0.000053225,0.002108663,0.000263085,-0.000005489,-0.000272550,-0.000342796,0.039999995
518,2.183333,-0.000272549,-0.000342796,0.239999995,1.000000000,0.000001377,-0.000000748,0.000014116,0.000026747,-0.000015441,-0.000053319,0.002105632,0.000270729,-0.000005452,-0.000272549,-0.000342796,0.039999995
519,2.187500,-0.000272551,-0.000342795,0.239999995,1.000000000,0.000001393,-0.000000809,0.000014104,0.000025988,-0.000015856,-0.000053185,0.002109986,0.000254181,-0.000005761,-0.000272551,-0.000342795,0.039999995
520,2.191667,-0.000272549,-0.000342797,0.239999995,1.000000000,0.000001414,-0.000000672,0.000014070,0.000026594,-0.000015805,-0.000053345,0.002113812,0.000268693,-0.000005246,-0.000272549,-0.000342797,0.039999995
521,2.195833,-0.000272550,-0.000342795,0.239999995,1.000000000,0.000001385,-0.000000790,0.000014095,0.000026361,-0.000015564,-0.000053280,0.002106745,0.000261813,-0.000005750,-0.000272550,-0.000342795,0.039999995
522,2.200000,-0.000272550,-0.000342794,0.239999995,1.000000000,0.000001292,-0.000000694,0.000014109,0.000026393,-0.000015639,-0.000053271,0.002108213,0.000262908,-0.000005610,-0.000272550,-0.000342794,0.039999995
523,2.204167,-0.000272550,-0.000342796,0.239999995,0.999999940,0.000001479,-0.000000863,0.000014110,0.000026277,-0.000015948,-0.000053230,0.002113141,0.000261990,-0.000005346,-0.000272550,-0.000342796,0.039999995
524,2.208333,-0.000272549,-0.000342796,0.239999995,0.999999940,0.000001525,-0.000000890,0.000014113,0.000026499,-0.000015599,-0.000053337,0.002109336,0.000265124,-0.000005594,-0.000272549,-0.000342796,0.039999995
525,2.212500,-0.000272549,-0.000342794,0.239999995,0.999999940,0.000001383,-0.000000638,0.000014067,0.000026519,-0.000015501,-0.000053360,0.002107884,0.000265030,-0.000005707,-0.000272549,-0.000342794,0.039999995
526,2.216667,-0.000272550,-0.000342795,0.239999995,0.999999940,0.000001355,-0.000000764,0.000014116,0.000026065,-0.000015988,-0.000053210,0.002113281,0.000256932,-0.000005549,-0.000272550,-0.000342795,0.039999995
527,2.220833,-0.000272549,-0.000342794,0.239999995,0.999999940,0.000001262,-0.000000674,0.000014118,0.000026545,-0.000015575,-0.000053304,0.002107988,0.000266208,-0.000005529,-0.000272549,-0.000342794,0.039999995
528,2.225000,-0.000272549,-0.000342795,0.239999995,1.000000000,0.000001312,-0.000000714,0.000014108,0.000026505,-0.000015660,-0.000053252,0.002108028,0.000266152,-0.000005423,-0.000272549,-0.000342795,0.039999995
529,2.229167,-0.000272548,-0.000342794,0.239999995,0.999999940,0.000001363,-0.000000746,0.000014109,0.000026566,-0.000015534,-0.000053280,0.002106319,0.000266790,-0.000005525,-0.000272548,-0.000342794,0.039999995
530,2.233333,-0.000272549,-0.000342796,0.239999995,0.999999940,0.000001404,-0.000000791,0.000014099,0.000026086,-0.000016047,-0.000053207,0.002114528,0.000257718,-0.000005437,-0.000272549,-0.000342796,0.039999995
531,2.237500,-0.000272549,-0.000342795,0.239999995,0.999999940,0.000001312,-0.000000697,0.000014125,0.000026533,-0.000015581,-0.000053314,0.002108372,0.000265928,-0.000005554,-0.000272549,-0.000342795,0.039999995
532,2.241667,-0.000272550,-0.000342794,0.239999995,1.000000000,0.000001360,-0.000000728,0.000014101,0.000026220,-0.000015727,-0.000053193,0.002107659,0.000259383,-0.000005629,-0.000272550,-0.000342794,0.039999995
533,2.245833,-0.000272550,-0.000342796,0.239999995,1.000000000,0.000001379,-0.000000798,0.000014115,0.000026266,-0.000015893,-0.000053256,0.002112865,0.000261187,-0.000005453,-0.000272550,-0.000342796,0.039999995
534,2.250000,-0.000272550,-0.000342797,0.239999995,1.000000000,0.000001312,-0.000000681,0.000014118,0.000026477,-0.000015763,-0.000053300,0.002111603,0.000265690,-0.000005390,-0.000272550,-0.000342797,0.039999995
535,2.254167,-0.000272550,-0.000342794,0.239999995,0.999999940,0.000001336,-0.000000738,0.000014106,0.000026494,-0.000015398,-0.000053252,0.002102765,0.000264276,-0.000005743,-0.000272550,-0.000342794,0.039999995
536,2.258333,-0.000272548,-0.000342794,0.239999995,0.999999940,0.000001243,-0.000000655,0.000014110,0.000026671,-0.000015576,-0.000053315,0.002108171,0.000269638,-0.000005386,-0.000272548,-0.000342794,0.039999995
537,2.262500,-0.000272550,-0.000342794,0.239999995,1.000000000,0.000001289,-0.000000692,0.000014109,0.000026017,-0.000015907,-0.000053136,0.002109550,0.000255523,-0.000005613,-0.000272550,-0.000342794,0.039999995
538,2.266667,-0.000272551,-0.000342796,0.239999995,0.999999940,0.000001476,-0.000000860,0.000014110,0.000026289,-0.000015957,-0.000053236,0.002113705,0.000262209,-0.000005328,-0.000272551,-0.000342796,0.039999995
539,2.270833,-0.000272548,-0.000342796,0.239999995,0.999999940,0.000001368,-0.000000578,0.000014076,0.000026839,-0.000015413,-0.000053410,0.002107721,0.000272502,-0.000005472,-0.000272548,-0.000342796,0.039999995
540,2.275000,-0.000272549,-0.000342795,0.239999995,1.000000000,0.000001463,-0.000000845,0.000014123,0.000026131,-0.000015768,-0.000053210,0.002108676,0.000257521,-0.000005726,-0.000272549,-0.000342795,0.039999995
541,2.279167,-0.000272549,-0.000342795,0.239999995,1.000000000,0.000001511,-0.000000874,0.000014115,0.000026460,-0.000015720,-0.000053332,0.002111674,0.000264801,-0.000005494,-0.000272549,-0.000342795,0.039999995
542,2.283333,-0.000272550,-0.000342795,0.239999995,1.000000000,0.000001389,-0.000000805,0.000014106,0.000026075,-0.000015916,-0.000053272,0.002113772,0.000256344,-0.000005678,-0.000272550,-0.000342795,0.039999995
543,2.287500,-0.000272550,-0.000342796,0.239999995,1.000000000,0.000001431,-0.000000842,0.000014108,0.000026337,-0.000015771,-0.000053276,0.002111082,0.000262113,-0.000005527,-0.000272550,-0.000342796,0.039999995
544,2.291667,-0.000272551,-0.000342796,0.239999995,1.000000000,0.000001476,-0.000000872,0.000014110,0.000026309,-0.000015778,-0.000053289,0.002111441,0.000261499,-0.000005567,-0.000272551,-0.000342796,0.039999995
545,2.295833,-0.000272550,-0.000342797,0.239999995,1.000000000,0.000001502,-0.000000720,0.000014076,0.000026427,-0.000015802,-0.000053333,0.002113276,0.000264484,-0.000005441,-0.000272550,-0.000342797,0.039999995
546,2.300000,-0.000272550,-0.000342795,0.239999995,1.000000000,0.000001458,-0.000000851,0.000014102,0.000026319,-0.000015609,-0.000053317,0.002108679,0.000260785,-0.000005789,-0.000272550,-0.000342795,0.039999995
547,2.304167,-0.000272550,-0.000342795,0.239999995,1.000000000,0.000001371,-0.000000746,0.000014106,0.000026517,-0.000015589,-0.000053333,0.002108981,0.000265523,-0.000005579,-0.000272550,-0.000342795,0.039999995
548,2.308333,-0.000272550,-0.000342797,0.239999995,1.000000000,0.000001414,-0.000000795,0.000014120,0.000026228,-0.000016049,-0.000053246,0.002115623,0.000261292,-0.000005310,-0.000272550,-0.000342797,0.039999995
549,2.312500,-0.000272550,-0.000342797,0.239999995,1.000000000,0.000001322,-0.000000698,0.000014110,0.000026355,-0.000015672,-0.000053277,0.002109027,0.000262087,-0.000005618,-0.000272550,-0.000342797,0.039999995
550,2.316667,-0.000272550,-0.000342795,0.239999995,0.999999940,0.000001369,-0.000000730,0.000014110,0.000026456,-0.000015516,-0.000053236,0.002104822,0.000263946,-0.000005637,-0.000272550,-0.000342795,0.039999995
551,2.320833,-0.000272550,-0.000342794,0.239999995,0.999999940,0.000001385,-0.000000802,0.000014112,0.000026523,-0.000015575,-0.000053291,0.002107408,0.000265887,-0.000005542,-0.000272550,-0.000342794,0.039999995
552,2.325000,-0.000272550,-0.000342795,0.239999995,0.999999940,0.000001426,-0.000000840,0.000014114,0.000026307,-0.000015773,-0.000053263,0.002110560,0.000261644,-0.000005550,-0.000272550,-0.000342795,0.039999995
553,2.329167,-0.000272550,-0.000342795,0.239999995,0.999999940,0.000001472,-0.000000872,0.000014106,0.000026486,-0.000015682,-0.000053326,0.002110652,0.000265321,-0.000005499,-0.000272550,-0.000342795,0.039999995
554,2.333333,-0.000272549,-0.000342794,0.239999995,0.999999940,0.000001385,-0.000000767,0.000014109,0.000026494,-0.000015595,-0.000053330,0.002108932,0.000265059,-0.000005596,-0.000272549,-0.000342794,0.039999995
555,2.337500,-0.000272548,-0.000342795,0.239999995,0.999999940,0.000001428,-0.000000812,0.000014112,0.000026444,-0.000015782,-0.000053289,0.002111559,0.000265097,-0.000005400,-0.000272548,-0.000342795,0.039999995
556,2.341667,-0.000272550,-0.000342795,0.239999995,0.999999940,0.000001336,-0.000000710,0.000014113,0.000026172,-0.000015766,-0.000053241,0.002109836,0.000258100,-0.000005700,-0.000272550,-0.000342795,0.039999995
557,2.345833,-0.000272549,-0.000342796,0.239999995,0.999999940,0.000001243,-0.000000629,0.000014116,0.000026474,-0.000015775,-0.000053277,0.002111189,0.000265746,-0.000005356,-0.000272549,-0.000342796,0.039999995
558,2.350000,-0.000272548,-0.000342795,0.239999995,1.000000000,0.000001287,-0.000000676,0.000014116,0.000026589,-0.000015517,-0.000053244,0.002104982,0.000267414,-0.000005480,-0.000272548,-0.000342795,0.039999995
559,2.354167,-0.000272550,-0.000342795,0.239999995,0.999999940,0.000001335,-0.000000709,0.000014092,0.000026029,-0.000015905,-0.000053147,0.002109900,0.000255676,-0.000005607,-0.000272550,-0.000342795,0.039999995
560,2.358333,-0.000272549,-0.000342795,0.239999995,1.000000000,0.000001389,-0.000000744,0.000014118,0.000026692,-0.000015577,-0.000053320,0.002108422,0.000270053,-0.000005369,-0.000272549,-0.000342795,0.039999995
561,2.362500,-0.000272549,-0.000342795,0.239999995,1.000000000,0.000001407,-0.000000810,0.000014120,0.000026304,-0.000015759,-0.000053265,0.002110289,0.000261482,-0.000005570,-0.000272549,-0.000342795,0.039999995
562,2.366667,-0.000272549,-0.000342795,0.239999995,1.000000000,0.000001317,-0.000000711,0.000014111,0.000026385,-0.000015645,-0.000053284,0.002108751,0.000262666,-0.000005623,-0.000272549,-0.000342795,0.039999995
563,2.370833,-0.000272549,-0.000342796,0.239999995,1.000000000,0.000001223,-0.000000630,0.000014113,0.000026483,-0.000015755,-0.000053276,0.002110688,0.000265960,-0.000005368,-0.000272549,-0.000342796,0.039999995
564,2.375000,-0.000272551,-0.000342795,0.239999995,0.999999940,0.000001265,-0.000000670,0.000014100,0.000026114,-0.000015762,-0.000053140,0.002106924,0.000257021,-0.000005666,-0.000272551,-0.000342795,0.039999995
565,2.379167,-0.000272548,-0.000342795,0.239999995,1.000000000,0.000001316,-0.000000715,0.000014115,0.000026900,-0.000015450,-0.000053339,0.002106470,0.000274586,-0.000005279,-0.000272548,-0.000342795,0.039999995
566,2.383333,-0.000272549,-0.000342794,0.239999995,0.999999940,0.000001366,-0.000000742,0.000014115,0.000026211,-0.000015708,-0.000053198,0.002107405,0.000259077,-0.000005675,-0.000272549,-0.000342794,0.039999995
567,2.387500,-0.000272549,-0.000342796,0.239999995,0.999999940,0.000001408,-0.000000792,0.000014106,0.000026440,-0.000015872,-0.000053286,0.002113383,0.000265446,-0.000005293,-0.000272549,-0.000342796,0.039999995
568,2.391667,-0.000272550,-0.000342796,0.239999995,0.999999940,0.000001450,-0.000000827,0.000014119,0.000026116,-0.000015883,-0.000053230,0.002111848,0.000257385,-0.000005621,-0.000272550,-0.000342796,0.039999995
569,2.395833,-0.000272549,-0.000342796,0.239999995,0.999999940,0.000001361,-0.000000725,0.000014098,0.000026518,-0.000015599,-0.000053328,0.002109104,0.000265598,-0.000005557,-0.000272549,-0.000342796,0.039999995
570,2.400000,-0.000272549,-0.000342794,0.239999995,0.999999940,0.000001243,-0.000000663,0.000014112,0.000026584,-0.000015445,-0.000053297,0.002105001,0.000266649,-0.000005630,-0.000272549,-0.000342794,0.039999995
571,2.404167,-0.000272550,-0.000342795,0.239999995,1.000000000,0.000001312,-0.000000678,0.000014112,0.000026169,-0.000015913,-0.000053160,0.002110478,0.000259263,-0.000005443,-0.000272550,-0.000342795,0.039999995
572,2.408333,-0.000272551,-0.000342794,0.239999995,0.999999940,0.000001339,-0.000000734,0.000014112,0.000026225,-0.000015735,-0.000053213,0.002108491,0.000259428,-0.000005641,-0.000272551,-0.000342794,0.039999995
573,2.412500,-0.000272548,-0.000342794,0.239999995,0.999999940,0.000001222,-0.000000474,0.000014078,0.000027019,-0.000015395,-0.000053398,0.002106996,0.000277128,-0.000005257,-0.000272548,-0.000342794,0.039999995
574,2.416667,-0.000272549,-0.000342795,0.239999995,0.999999940,0.000001479,-0.000000855,0.000014101,0.000026115,-0.000015917,-0.000053145,0.002109856,0.000258267,-0.000005499,-0.000272549,-0.000342795,0.039999995
575,2.420833,-0.000272548,-0.000342796,0.239999995,0.999999940,0.000001526,-0.000000884,0.000014116,0.000026481,-0.000015695,-0.000053339,0.002111304,0.000265182,-0.000005509,-0.000272548,-0.000342796,0.039999995
576,2.425000,-0.000272549,-0.000342794,0.239999995,0.999999940,0.000001403,-0.000000809,0.000014107,0.000026177,-0.000015685,-0.000053288,0.002109575,0.000257524,-0.000005836,-0.000272549,-0.000342794,0.039999995
577,2.429167,-0.000272549,-0.000342795,0.239999995,0.999999940,0.000001449,-0.000000846,0.000014110,0.000026437,-0.000015808,-0.000053311,0.002112802,0.000264841,-0.000005401,-0.000272549,-0.000342795,0.039999995
578,2.433333,-0.000272549,-0.000342795,0.239999995,0.999999940,0.000001494,-0.000000876,0.000014112,0.000026289,-0.000015789,-0.000053286,0.002111596,0.000261063,-0.000005577,-0.000272549,-0.000342795,0.039999995
579,2.437500,-0.000272548,-0.000342796,0.239999995,0.999999940,0.000001373,-0.000000608,0.000014078,0.000026617,-0.000015624,-0.000053378,0.002110965,0.000268177,-0.000005463,-0.000272548,-0.000342796,0.039999995
580,2.441667,-0.000272548,-0.000342795,0.239999995,1.000000000,0.000001491,-0.000000849,0.000014115,0.000026340,-0.000015655,-0.000053256,0.002107901,0.000261865,-0.000005648,-0.000272548,-0.000342795,0.039999995
581,2.445833,-0.000272550,-0.000342795,0.239999995,1.000000000,0.000001367,-0.000000781,0.000014117,0.000025939,-0.000015988,-0.000053229,0.002113983,0.000253429,-0.000005717,-0.000272550,-0.000342795,0.039999995
582,2.450000,-0.000272551,-0.000342795,0.239999995,1.000000000,0.000001406,-0.000000819,0.000014106,0.000026162,-0.000015877,-0.000053229,0.002111903,0.000258403,-0.000005565,-0.000272551,-0.000342795,0.039999995
583,2.454167,-0.000272551,-0.000342795,0.239999995,1.000000000,0.000001316,-0.000000722,0.000014109,0.000026539,-0.000015575,-0.000053321,0.002108437,0.000266007,-0.000005555,-0.000272551,-0.000342795,0.039999995
584,2.458333,-0.000272549,-0.000342796,0.239999995,0.999999940,0.000001372,-0.000000758,0.000014124,0.000026626,-0.000015676,-0.000053306,0.002109937,0.000269112,-0.000005319,-0.000272549,-0.000342796,0.039999995
585,2.462500,-0.000272548,-0.000342795,0.239999995,0.999999940,0.000001279,-0.000000671,0.000014115,0.000026717,-0.000015448,-0.000053334,0.002106164,0.000269985,-0.000005498,-0.000272548,-0.000342795,0.039999995
586,2.466667,-0.000272549,-0.000342794,0.239999995,1.000000000,0.000001325,-0.000000706,0.000014115,0.000026222,-0.000015714,-0.000053180,0.002107004,0.000259442,-0.000005633,-0.000272549,-0.000342794,0.039999995
587,2.470833,-0.000272548,-0.000342796,0.239999995,1.000000000,0.000001366,-0.000000758,0.000014106,0.000026425,-0.000015887,-0.000053273,0.002113328,0.000265194,-0.000005281,-0.000272548,-0.000342796,0.039999995
588,2.475000,-0.000272549,-0.000342795,0.239999995,1.000000000,0.000001271,-0.000000664,0.000014107,0.000026206,-0.000015734,-0.000053230,0.002108884,0.000258875,-0.000005683,-0.000272549,-0.000342795,0.039999995
589,2.479167,-0.000272549,-0.000342795,0.239999995,0.999999940,0.000001318,-0.000000703,0.000014108,0.000026597,-0.000015528,-0.000053265,0.002105872,0.000267498,-0.000005478,-0.000272549,-0.000342795,0.039999995
590,2.483333,-0.000272551,-0.000342795,0.239999995,1.000000000,0.000001368,-0.000000732,0.000014107,0.000026002,-0.000015926,-0.000053153,0.002110492,0.000255106,-0.000005628,-0.000272551,-0.000342795,0.039999995
591,2.487500,-0.000272550,-0.000342794,0.239999995,1.000000000,0.000001384,-0.000000803,0.000014109,0.000026554,-0.000015571,-0.000053305,0.002107944,0.000266404,-0.000005525,-0.000272550,-0.000342794,0.039999995
592,2.491667,-0.000272549,-0.000342797,0.239999995,1.000000000,0.000001453,-0.000000821,0.000014113,0.000026379,-0.000015974,-0.000053288,0.002115400,0.000264526,-0.000005251,-0.000272549,-0.000342797,0.039999995
593,2.495833,-0.000272551,-0.000342794,0.239999995,1.000000000,0.000001471,-0.000000871,0.000014114,0.000026247,-0.000015557,-0.000053270,0.002106475,0.000258710,-0.000005883,-0.000272551,-0.000342794,0.039999995
594,2.500000,-0.000272550,-0.000342797,0.239999995,1.000000000,0.000001349,-0.000000606,0.000014068,0.000026368,-0.000015935,-0.000053324,0.002115622,0.000263800,-0.000005345,-0.000272550,-0.000342797,0.039999995
595,2.504167,-0.000272550,-0.000342796,0.239999995,0.999999940,0.000001465,-0.000000850,0.000014104,0.000026333,-0.000015674,-0.000053253,0.002108233,0.000261750,-0.000005629,-0.000272550,-0.000342796,0.039999995
596,2.508333,-0.000272550,-0.000342795,0.239999995,0.999999940,0.000001511,-0.000000878,0.000014107,0.000026500,-0.000015602,-0.000053330,0.002109181,0.000265186,-0.000005585,-0.000272550,-0.000342795,0.039999995
597,2.512500,-0.000272549,-0.000342795,0.239999995,0.999999940,0.000001368,-0.000000631,0.000014073,0.000026463,-0.000015619,-0.000053346,0.002109879,0.000264362,-0.000005626,-0.000272549,-0.000342795,0.039999995
598,2.516667,-0.000272549,-0.000342796,0.239999995,1.000000000,0.000001490,-0.000000876,0.000014123,0.000026408,-0.000015803,-0.000053287,0.002111828,0.000264377,-0.000005429,-0.000272549,-0.000342796,0.039999995
599,2.520833,-0.000272551,-0.000342796,0.239999995,1.000000000,0.000001389,-0.000000780,0.000014125,0.000025946,-0.000015976,-0.000053232,0.002113846,0.000253481,-0.000005725,-0.000272551,-0.000342796,0.039999995
600,2.525000,-0.000272548,-0.000342796,0.239999995,1.000000000,0.000001276,-0.000000510,0.000014079,0.000026874,-0.000015477,-0.000053391,0.002108625,0.000273716,-0.000005331,-0.000272548,-0.000342796,0.039999995
601,2.529167,-0.000272550,-0.000342797,0.239999995,0.999999940,0.000001388,-0.000000766,0.000014113,0.000025925,-0.000016033,-0.000053127,0.002111699,0.000254026,-0.000005579,-0.000272550,-0.000342797,0.039999995
602,2.533333,-0.000272550,-0.000342795,0.239999995,0.999999940,0.000001290,-0.000000674,0.000014115,0.000026639,-0.000015364,-0.000053309,0.002103955,0.000267320,-0.000005665,-0.000272550,-0.000342795,0.039999995
603,2.537500,-0.000272549,-0.000342796,0.239999995,1.000000000,0.000001341,-0.000000716,0.000014117,0.000026479,-0.000015749,-0.000053248,0.002109708,0.000265982,-0.000005351,-0.000272549,-0.000342796,0.039999995
604,2.541667,-0.000272549,-0.000342797,0.239999995,1.000000000,0.000001247,-0.000000633,0.000014107,0.000026328,-0.000015824,-0.000053246,0.002111181,0.000262437,-0.000005444,-0.000272549,-0.000342797,0.039999995
605,2.545833,-0.000272550,-0.000342796,0.239999995,0.999999940,0.000001290,-0.000000675,0.000014106,0.000026269,-0.000015692,-0.000053175,0.002106599,0.000260372,-0.000005594,-0.000272550,-0.000342796,0.039999995
606,2.550000,-0.000272550,-0.000342795,0.239999995,1.000000000,0.000001337,-0.000000714,0.000014107,0.000026579,-0.000015541,-0.000053261,0.002106029,0.000267163,-0.000005482,-0.000272550,-0.000342795,0.039999995
607,2.554167,-0.000272549,-0.000342796,0.239999995,1.000000000,0.000001244,-0.000000634,0.000014110,0.000026476,-0.000015750,-0.000053273,0.002110416,0.000265836,-0.000005381,-0.000272549,-0.000342796,0.039999995
608,2.558333,-0.000272550,-0.000342797,0.239999995,0.999999940,0.000001290,-0.000000678,0.000014109,0.000026175,-0.000015904,-0.000053170,0.002110566,0.000259379,-0.000005458,-0.000272550,-0.000342797,0.039999995
609,2.562500,-0.000272550,-0.000342795,0.239999995,1.000000000,0.000001334,-0.000000715,0.000014110,0.000026670,-0.000015325,-0.000053269,0.002101955,0.000268210,-0.000005631,-0.000272550,-0.000342795,0.039999995
610,2.566667,-0.000272549,-0.000342797,0.239999995,1.000000000,0.000001376,-0.000000769,0.000014113,0.000026385,-0.000015966,-0.000053264,0.002114411,0.000264887,-0.000005230,-0.000272549,-0.000342797,0.039999995
611,2.570833,-0.000272549,-0.000342796,0.239999995,1.000000000,0.000001280,-0.000000676,0.000014091,0.000026424,-0.000015534,-0.000053271,0.002106044,0.000263129,-0.000005686,-0.000272549,-0.000342796,0.039999995
612,2.575000,-0.000272549,-0.000342796,0.239999995,0.999999940,0.000001329,-0.000000714,0.000014115,0.000026373,-0.000015724,-0.000053220,0.002108441,0.000263123,-0.000005481,-0.000272549,-0.000342796,0.039999995
613,2.579167,-0.000272549,-0.000342795,0.239999995,1.000000000,0.000001380,-0.000000745,0.000014116,0.000026555,-0.000015552,-0.000053279,0.002106686,0.000266623,-0.000005519,-0.000272549,-0.000342795,0.039999995
614,2.583333,-0.000272549,-0.000342794,0.239999995,1.000000000,0.000001397,-0.000000811,0.000014106,0.000026336,-0.000015676,-0.000053263,0.002108599,0.000261819,-0.000005626,-0.000272549,-0.000342794,0.039999995
615,2.587500,-0.000272549,-0.000342796,0.239999995,1.000000000,0.000001443,-0.000000850,0.000014109,0.000026240,-0.000015980,-0.000053265,0.002114937,0.000260964,-0.000005392,-0.000272549,-0.000342796,0.039999995
616,2.591667,-0.000272550,-0.000342797,0.239999995,1.000000000,0.000001488,-0.000000880,0.000014111,0.000026310,-0.000015778,-0.000053293,0.002111709,0.000261419,-0.000005571,-0.000272550,-0.000342797,0.039999995
617,2.595833,-0.000272550,-0.000342795,0.239999995,1.000000000,0.000001252,-0.000000654,0.000014114,0.000026380,-0.000015579,-0.000053310,0.002108102,0.000262023,-0.000005734,-0.000272550,-0.000342795,0.039999995
618,2.600000,-0.000272550,-0.000342795,0.239999995,0.999999940,0.000001299,-0.000000696,0.000014115,0.000026386,-0.000015717,-0.000053214,0.002108180,0.000263454,-0.000005462,-0.000272550,-0.000342795,0.039999995
619,2.604167,-0.000272550,-0.000342793,0.239999995,1.000000000,0.000001346,-0.000000730,0.000014104,0.000026630,-0.000015418,-0.000053276,0.002103892,0.000267754,-0.000005577,-0.000272550,-0.000342793,0.039999995
620,2.608333,-0.000272550,-0.000342795,0.239999995,1.000000000,0.000001388,-0.000000778,0.000014106,0.000026250,-0.000015958,-0.000053240,0.002113634,0.000261398,-0.000005380,-0.000272550,-0.000342795,0.039999995
621,2.612500,-0.000272550,-0.000342795,0.239999995,1.000000000,0.000001430,-0.000000815,0.000014108,0.000026330,-0.000015762,-0.000053276,0.002110843,0.000261963,-0.000005546,-0.000272550,-0.000342795,0.039999995
622,2.616667,-0.000272550,-0.000342797,0.239999995,1.000000000,0.000001475,-0.000000850,0.000014122,0.000026253,-0.000015898,-0.000053274,0.002113470,0.000260868,-0.000005484,-0.000272550,-0.000342797,0.039999995
623,2.620833,-0.000272551,-0.000342795,0.239999995,1.000000000,0.000001386,-0.000000741,0.000014101,0.000026391,-0.000015571,-0.000053304,0.002107880,0.000262225,-0.000005720,-0.000272551,-0.000342795,0.039999995
624,2.625000,-0.000272549,-0.000342795,0.239999995,1.000000000,0.000001382,-0.000000631,0.000014066,0.000026658,-0.000015585,-0.000053338,0.002109036,0.000269198,-0.000005417,-0.000272549,-0.000342795,0.039999995
625,2.629167,-0.000272549,-0.000342796,0.239999995,0.999999940,0.000001504,-0.000000874,0.000014103,0.000026266,-0.000015855,-0.000053255,0.002111884,0.000261193,-0.000005505,-0.000272549,-0.000342796,0.039999995
626,2.633333,-0.000272549,-0.000342796,0.239999995,0.999999940,0.000001361,-0.000000627,0.000014069,0.000026470,-0.000015624,-0.000053352,0.002110223,0.000264469,-0.000005619,-0.000272549,-0.000342796,0.039999995
627,2.637500,-0.000272550,-0.000342795,0.239999995,1.000000000,0.000001478,-0.000000865,0.000014117,0.000026155,-0.000015771,-0.000053218,0.002109137,0.000257921,-0.000005699,-0.000272550,-0.000342795,0.039999995
628,2.641667,-0.000272550,-0.000342796,0.239999995,1.000000000,0.000001378,-0.000000778,0.000014109,0.000026283,-0.000015882,-0.000053300,0.002113964,0.000261328,-0.000005489,-0.000272550,-0.000342796,0.039999995
629,2.645833,-0.000272551,-0.000342797,0.239999995,1.000000000,0.000001420,-0.000000818,0.000014110,0.000026124,-0.000015955,-0.000053226,0.002113281,0.000258009,-0.000005523,-0.000272551,-0.000342797,0.039999995
630,2.650000,-0.000272551,-0.000342794,0.239999995,1.000000000,0.000001325,-0.000000719,0.000014112,0.000026629,-0.000015359,-0.000053328,0.002104278,0.000267040,-0.000005705,-0.000272551,-0.000342794,0.039999995
631,2.654167,-0.000272548,-0.000342797,0.239999995,1.000000000,0.000001207,-0.000000463,0.000014066,0.000026754,-0.000015691,-0.000053337,0.002111103,0.000272379,-0.000005173,-0.000272548,-0.000342797,0.039999995
632,2.658333,-0.000272550,-0.000342795,0.239999995,1.000000000,0.000001460,-0.000000839,0.000014123,0.000026074,-0.000015764,-0.000053125,0.002106259,0.000256339,-0.000005711,-0.000272550,-0.000342795,0.039999995
633,2.662500,-0.000272551,-0.000342797,0.239999995,1.000000000,0.000001507,-0.000000870,0.000014114,0.000026256,-0.000015915,-0.000053285,0.002114197,0.000260863,-0.000005466,-0.000272551,-0.000342797,0.039999995
634,2.666667,-0.000272552,-0.000342794,0.239999995,1.000000000,0.000001380,-0.000000798,0.000014116,0.000026233,-0.000015578,-0.000053287,0.002107408,0.000258305,-0.000005893,-0.000272552,-0.000342794,0.039999995
635,2.670833,-0.000272550,-0.000342796,0.239999995,1.000000000,0.000001401,-0.000000661,0.000014081,0.000026586,-0.000015800,-0.000053337,0.002113415,0.000268547,-0.000005252,-0.000272550,-0.000342796,0.039999995
636,2.675000,-0.000272551,-0.000342796,0.239999995,1.000000000,0.000001373,-0.000000782,0.000014118,0.000026131,-0.000015847,-0.000053235,0.002111084,0.000257775,-0.000005659,-0.000272551,-0.000342796,0.039999995
637,2.679167,-0.000272551,-0.000342796,0.239999995,1.000000000,0.000001282,-0.000000693,0.000014109,0.000026497,-0.000015687,-0.000053298,0.002109975,0.000265779,-0.000005449,-0.000272551,-0.000342796,0.039999995
638,2.683333,-0.000272550,-0.000342798,0.239999995,0.999999940,0.000001333,-0.000000734,0.000014111,0.000026497,-0.000015734,-0.000053259,0.002109742,0.000266299,-0.000005357,-0.000272550,-0.000342798,0.039999995
639,2.687500,-0.000272549,-0.000342795,0.239999995,1.000000000,0.000001381,-0.000000764,0.000014111,0.000026639,-0.000015332,-0.000053283,0.002102341,0.000267505,-0.000005676,-0.000272549,-0.000342795,0.039999995
640,2.691667,-0.000272549,-0.000342796,0.239999995,1.000000000,0.000001423,-0.000000809,0.000014114,0.000026456,-0.000015767,-0.000053286,0.002111114,0.000265344,-0.000005397,-0.000272549,-0.000342796,0.039999995
641,2.695833,-0.000272550,-0.000342796,0.239999995,1.000000000,0.000001466,-0.000000841,0.000014104,0.000026124,-0.000015877,-0.000053239,0.002112022,0.000257570,-0.000005624,-0.000272550,-0.000342796,0.039999995
642,2.700000,-0.000272549,-0.000342796,0.239999995,1.000000000,0.000001513,-0.000000869,0.000014119,0.000026496,-0.000015680,-0.000053340,0.002111156,0.000265419,-0.000005510,-0.000272549,-0.000342796,0.039999995
643,2.704167,-0.000272550,-0.000342797,0.239999995,1.000000000,0.000001392,-0.000000803,0.000014100,0.000026265,-0.000015804,-0.000053312,0.002112545,0.000260517,-0.000005612,-0.000272550,-0.000342797,0.039999995
644,2.708333,-0.000272550,-0.000342795,0.239999995,1.000000000,0.000001298,-0.000000706,0.000014101,0.000026419,-0.000015549,-0.000053275,0.002106598,0.000262981,-0.000005685,-0.000272550,-0.000342795,0.039999995
645,2.712500,-0.000272550,-0.000342795,0.239999995,0.999999940,0.000001348,-0.000000740,0.000014102,0.000026366,-0.000015732,-0.000053230,0.002108879,0.000262996,-0.000005491,-0.000272550,-0.000342795,0.039999995
646,2.716667,-0.000272548,-0.000342794,0.239999995,0.999999940,0.000001253,-0.000000657,0.000014117,0.000026735,-0.000015449,-0.000053329,0.002106058,0.000270392,-0.000005470,-0.000272548,-0.000342794,0.039999995
647,2.720833,-0.000272550,-0.000342795,0.239999995,1.000000000,0.000001302,-0.000000697,0.000014093,0.000026144,-0.000015922,-0.000053168,0.002110763,0.000258743,-0.000005469,-0.000272550,-0.000342795,0.039999995
648,2.725000,-0.000272550,-0.000342795,0.239999995,0.999999940,0.000001353,-0.000000730,0.000014094,0.000026373,-0.000015736,-0.000053240,0.002109360,0.000263039,-0.000005486,-0.000272550,-0.000342795,0.039999995
649,2.729167,-0.000272548,-0.000342795,0.239999995,0.999999940,0.000001257,-0.000000647,0.000014109,0.000026735,-0.000015449,-0.000053327,0.002106031,0.000270420,-0.000005473,-0.000272548,-0.000342795,0.039999995
650,2.733333,-0.000272549,-0.000342794,0.239999995,1.000000000,0.000001302,-0.000000688,0.000014120,0.000026421,-0.000015594,-0.000053211,0.002105465,0.000263781,-0.000005563,-0.000272549,-0.000342794,0.039999995
651,2.737500,-0.000272551,-0.000342796,0.239999995,0.999999940,0.000001488,-0.000000852,0.000014120,0.000025935,-0.000016132,-0.000053154,0.002114749,0.000254512,-0.000005471,-0.000272551,-0.000342796,0.039999995
652,2.741667,-0.000272550,-0.000342795,0.239999995,0.999999940,0.000001491,-0.000000722,0.000014062,0.000026492,-0.000015624,-0.000053352,0.002110316,0.000264921,-0.000005586,-0.000272550,-0.000342795,0.039999995
653,2.745833,-0.000272549,-0.000342794,0.239999995,0.999999940,0.000001428,-0.000000674,0.000014085,0.000026490,-0.000015512,-0.000053348,0.002107661,0.000264515,-0.000005732,-0.000272549,-0.000342794,0.039999995
654,2.750000,-0.000272549,-0.000342796,0.239999995,0.999999940,0.000001383,-0.000000616,0.000014063,0.000026366,-0.000015909,-0.000053305,0.002114414,0.000263870,-0.000005367,-0.000272549,-0.000342796,0.039999995
655,2.754167,-0.000272550,-0.000342795,0.239999995,1.000000000,0.000001501,-0.000000854,0.000014110,0.000026156,-0.000015771,-0.000053224,0.002109384,0.000257925,-0.000005708,-0.000272550,-0.000342795,0.039999995
656,2.758333,-0.000272549,-0.000342794,0.239999995,1.000000000,0.000001358,-0.000000607,0.000014076,0.000026491,-0.000015615,-0.000053354,0.002110113,0.000264916,-0.000005604,-0.000272549,-0.000342794,0.039999995
657,2.762500,-0.000272549,-0.000342796,0.239999995,0.999999940,0.000001480,-0.000000855,0.000014125,0.000026217,-0.000015979,-0.000053243,0.002113987,0.000260726,-0.000005408,-0.000272549,-0.000342796,0.039999995
658,2.766667,-0.000272548,-0.000342796,0.239999995,0.999999940,0.000001505,-0.000000704,0.000014067,0.000026629,-0.000015616,-0.000053373,0.002110749,0.000268416,-0.000005451,-0.000272548,-0.000342796,0.039999995
659,2.770833,-0.000272549,-0.000342797,0.239999995,0.999999940,0.000001462,-0.000000839,0.000014105,0.000026065,-0.000015901,-0.000053262,0.002112902,0.000256333,-0.000005708,-0.000272549,-0.000342797,0.039999995
660,2.775000,-0.000272549,-0.000342795,0.239999995,0.999999940,0.000001372,-0.000000736,0.000014119,0.000026542,-0.000015511,-0.000053327,0.002107316,0.000265662,-0.000005636,-0.000272549,-0.000342795,0.039999995
661,2.779167,-0.000272551,-0.000342794,0.239999995,0.999999940,0.000001386,-0.000000801,0.000014108,0.000026030,-0.000015832,-0.000053183,0.002109482,0.000255080,-0.000005734,-0.000272551,-0.000342794,0.039999995
662,2.783333,-0.000272549,-0.000342795,0.239999995,0.999999940,0.000001297,-0.000000710,0.000014112,0.000026665,-0.000015602,-0.000053345,0.002109646,0.000269367,-0.000005394,-0.000272549,-0.000342795,0.039999995
663,2.787500,-0.000272550,-0.000342795,0.239999995,1.000000000,0.000001348,-0.000000744,0.000014112,0.000026340,-0.000015737,-0.000053227,0.002108823,0.000262433,-0.000005514,-0.000272550,-0.000342795,0.039999995
664,2.791667,-0.000272550,-0.000342797,0.239999995,1.000000000,0.000001389,-0.000000791,0.000014115,0.000026259,-0.000015964,-0.000053248,0.002114143,0.000261455,-0.000005371,-0.000272550,-0.000342797,0.039999995
665,2.795833,-0.000272550,-0.000342795,0.239999995,1.000000000,0.000001295,-0.000000694,0.000014116,0.000026419,-0.000015546,-0.000053279,0.002106579,0.000262960,-0.000005693,-0.000272550,-0.000342795,0.039999995
666,2.800000,-0.000272550,-0.000342795,0.239999995,0.999999940,0.000001346,-0.000000728,0.000014117,0.000026366,-0.000015732,-0.000053230,0.002108879,0.000262994,-0.000005489,-0.000272550,-0.000342795,0.039999995
667,2.804167,-0.000272549,-0.000342794,0.239999995,0.999999940,0.000001249,-0.000000644,0.000014120,0.000026761,-0.000015359,-0.000053326,0.002104194,0.000270502,-0.000005539,-0.000272549,-0.000342794,0.039999995
668,2.808333,-0.000272548,-0.000342794,0.239999995,1.000000000,0.000001296,-0.000000688,0.000014109,0.000026548,-0.000015610,-0.000053243,0.002106783,0.000267001,-0.000005419,-0.000272548,-0.000342794,0.039999995
669,2.812500,-0.000272550,-0.000342795,0.239999995,0.999999940,0.000001481,-0.000000852,0.000014108,0.000025930,-0.000016128,-0.000053154,0.002114532,0.000254430,-0.000005482,-0.000272550,-0.000342795,0.039999995
670,2.816667,-0.000272551,-0.000342794,0.239999995,0.999999940,0.000001504,-0.000000900,0.000014111,0.000026365,-0.000015608,-0.000053316,0.002108945,0.000261703,-0.000005726,-0.000272551,-0.000342794,0.039999995
671,2.820833,-0.000272550,-0.000342795,0.239999995,0.999999940,0.000001385,-0.000000627,0.000014077,0.000026391,-0.000015833,-0.000053343,0.002114165,0.000263677,-0.000005461,-0.000272550,-0.000342795,0.039999995
672,2.825000,-0.000272549,-0.000342794,0.239999995,1.000000000,0.000001504,-0.000000870,0.000014126,0.000026497,-0.000015586,-0.000053296,0.002107697,0.000265367,-0.000005581,-0.000272549,-0.000342794,0.039999995
673,2.829167,-0.000272549,-0.000342796,0.239999995,1.000000000,0.000001364,-0.000000624,0.000014069,0.000026177,-0.000016022,-0.000053306,0.002116826,0.000259509,-0.000005462,-0.000272549,-0.000342796,0.039999995
674,2.833333,-0.000272550,-0.000342796,0.239999995,0.999999940,0.000001482,-0.000000864,0.000014105,0.000026370,-0.000015650,-0.000053272,0.002108326,0.000262457,-0.000005632,-0.000272550,-0.000342796,0.039999995
675,2.837500,-0.000272549,-0.000342795,0.239999995,0.999999940,0.000001395,-0.000000759,0.000014108,0.000026498,-0.000015601,-0.000053329,0.002109134,0.000265135,-0.000005585,-0.000272549,-0.000342795,0.039999995
676,2.841667,-0.000272549,-0.000342794,0.239999995,0.999999940,0.000001412,-0.000000825,0.000014122,0.000026360,-0.000015654,-0.000053268,0.002108362,0.000262238,-0.000005631,-0.000272549,-0.000342794,0.039999995
677,2.845833,-0.000272550,-0.000342795,0.239999995,0.999999940,0.000001457,-0.000000859,0.000014113,0.000026279,-0.000015876,-0.000053277,0.002113058,0.000261411,-0.000005476,-0.000272550,-0.000342795,0.039999995
678,2.850000,-0.000272549,-0.000342795,0.239999995,0.999999940,0.000001503,-0.000000887,0.000014116,0.000026500,-0.000015599,-0.000053335,0.002109260,0.000265118,-0.000005591,-0.000272549,-0.000342795,0.039999995
679,2.854167,-0.000272548,-0.000342797,0.239999995,0.999999940,0.000001383,-0.000000619,0.000014070,0.000026372,-0.000015910,-0.000053336,0.002115412,0.000263730,-0.000005385,-0.000272548,-0.000342797,0.039999995
680,2.858333,-0.000272550,-0.000342794,0.239999995,1.000000000,0.000001497,-0.000000854,0.000014117,0.000026245,-0.000015554,-0.000053228,0.002105112,0.000258851,-0.000005852,-0.000272550,-0.000342794,0.039999995
681,2.862500,-0.000272550,-0.000342795,0.239999995,1.000000000,0.000001356,-0.000000607,0.000014071,0.000026251,-0.000015905,-0.000053312,0.002114638,0.000260698,-0.000005513,-0.000272550,-0.000342795,0.039999995
682,2.866667,-0.000272550,-0.000342795,0.239999995,0.999999940,0.000001474,-0.000000852,0.000014119,0.000026312,-0.000015768,-0.000053254,0.002110201,0.000261797,-0.000005550,-0.000272550,-0.000342795,0.039999995
683,2.870833,-0.000272549,-0.000342795,0.239999995,0.999999940,0.000001520,-0.000000880,0.000014122,0.000026499,-0.000015601,-0.000053332,0.002109262,0.000265133,-0.000005587,-0.000272549,-0.000342795,0.039999995
684,2.875000,-0.000272549,-0.000342793,0.239999995,0.999999940,0.000001377,-0.000000628,0.000014077,0.000026519,-0.000015501,-0.000053359,0.002107882,0.000265048,-0.000005707,-0.000272549,-0.000342793,0.039999995
685,2.879167,-0.000272548,-0.000342794,0.239999995,1.000000000,0.000001500,-0.000000873,0.000014126,0.000026406,-0.000015802,-0.000053285,0.002111672,0.000264396,-0.000005428,-0.000272548,-0.000342794,0.039999995
686,2.883333,-0.000272549,-0.000342797,0.239999995,1.000000000,0.000001405,-0.000000782,0.000014107,0.000025985,-0.000016207,-0.000053265,0.002119362,0.000255785,-0.000005437,-0.000272549,-0.000342797,0.039999995
687,2.887500,-0.000272550,-0.000342796,0.239999995,1.000000000,0.000001311,-0.000000685,0.000014108,0.000026427,-0.000015553,-0.000053286,0.002107040,0.000263106,-0.000005683,-0.000272550,-0.000342796,0.039999995
688,2.891667,-0.000272550,-0.000342796,0.239999995,0.999999940,0.000001362,-0.000000719,0.000014109,0.000026365,-0.000015732,-0.000053231,0.002108943,0.000262917,-0.000005490,-0.000272550,-0.000342796,0.039999995
689,2.895833,-0.000272549,-0.000342795,0.239999995,0.999999940,0.000001378,-0.000000790,0.000014111,0.000026525,-0.000015575,-0.000053296,0.002107626,0.000265889,-0.000005546,-0.000272549,-0.000342795,0.039999995
690,2.900000,-0.000272549,-0.000342793,0.239999995,0.999999940,0.000001283,-0.000000696,0.000014102,0.000026587,-0.000015446,-0.000053306,0.002105304,0.000266699,-0.000005629,-0.000272549,-0.000342793,0.039999995
691,2.904167,-0.000272550,-0.000342793,0.239999995,1.000000000,0.000001333,-0.000000728,0.000014114,0.000026153,-0.000015854,-0.000053184,0.002109925,0.000258441,-0.000005562,-0.000272550,-0.000342793,0.039999995
692,2.908333,-0.000272551,-0.000342796,0.239999995,1.000000000,0.000001375,-0.000000777,0.000014115,0.000026060,-0.000016162,-0.000053205,0.002116863,0.000257674,-0.000005338,-0.000272551,-0.000342796,0.039999995
693,2.912500,-0.000272551,-0.000342797,0.239999995,1.000000000,0.000001284,-0.000000687,0.000014106,0.000026496,-0.000015684,-0.000053306,0.002110233,0.000265573,-0.000005462,-0.000272551,-0.000342797,0.039999995
694,2.916667,-0.000272552,-0.000342795,0.239999995,0.999999940,0.000001328,-0.000000721,0.000014117,0.000026308,-0.000015577,-0.000053195,0.002104712,0.000260794,-0.000005706,-0.000272552,-0.000342795,0.039999995
695,2.920833,-0.000272549,-0.000342794,0.239999995,1.000000000,0.000001380,-0.000000757,0.000014120,0.000026900,-0.000015372,-0.000053349,0.002105158,0.000274101,-0.000005377,-0.000272549,-0.000342794,0.039999995
696,2.925000,-0.000272549,-0.000342796,0.239999995,1.000000000,0.000001424,-0.000000804,0.000014112,0.000026382,-0.000015882,-0.000053280,0.002113181,0.000264194,-0.000005346,-0.000272549,-0.000342796,0.039999995
697,2.929167,-0.000272550,-0.000342797,0.239999995,1.000000000,0.000001469,-0.000000836,0.000014113,0.000026101,-0.000015968,-0.000053244,0.002113967,0.000257489,-0.000005557,-0.000272550,-0.000342797,0.039999995
698,2.933333,-0.000272550,-0.000342795,0.239999995,1.000000000,0.000001490,-0.000000884,0.000014104,0.000026400,-0.000015501,-0.000053314,0.002106659,0.000262062,-0.000005803,-0.000272550,-0.000342795,0.039999995
699,2.937500,-0.000272550,-0.000342795,0.239999995,1.000000000,0.000001390,-0.000000793,0.000014107,0.000026290,-0.000015796,-0.000053300,0.002112140,0.000261087,-0.000005582,-0.000272550,-0.000342795,0.039999995
700,2.941667,-0.000272551,-0.000342795,0.239999995,1.000000000,0.000001431,-0.000000830,0.000014109,0.000026330,-0.000015764,-0.000053273,0.002110705,0.000262038,-0.000005540,-0.000272551,-0.000342795,0.039999995
701,2.945833,-0.000272549,-0.000342795,0.239999995,1.000000000,0.000001454,-0.000000683,0.000014074,0.000026650,-0.000015593,-0.000053362,0.002109938,0.000268894,-0.000005443,-0.000272549,-0.000342795,0.039999995
702,2.950000,-0.000272549,-0.000342795,0.239999995,1.000000000,0.000001408,-0.000000824,0.000014113,0.000026305,-0.000015677,-0.000053295,0.002109325,0.000261045,-0.000005706,-0.000272549,-0.000342795,0.039999995
703,2.954167,-0.000272550,-0.000342796,0.239999995,1.000000000,0.000001452,-0.000000856,0.000014114,0.000026106,-0.000015974,-0.000053239,0.002114011,0.000257573,-0.000005535,-0.000272550,-0.000342796,0.039999995
704,2.958333,-0.000272550,-0.000342795,0.239999995,1.000000000,0.000001498,-0.000000883,0.000014117,0.000026522,-0.000015591,-0.000053341,0.002109336,0.000265552,-0.000005581,-0.000272550,-0.000342795,0.039999995
705,2.962500,-0.000272550,-0.000342795,0.239999995,1.000000000,0.000001398,-0.000000792,0.000014121,0.000026285,-0.000015790,-0.000053301,0.002112059,0.000260926,-0.000005599,-0.000272550,-0.000342795,0.039999995
706,2.966667,-0.000272550,-0.000342795,0.239999995,1.000000000,0.000001440,-0.000000830,0.000014123,0.000026330,-0.000015764,-0.000053272,0.002110772,0.000262014,-0.000005540,-0.000272550,-0.000342795,0.039999995
707,2.970833,-0.000272551,-0.000342795,0.239999995,1.000000000,0.000001485,-0.000000860,0.000014125,0.000026310,-0.000015778,-0.000053289,0.002111458,0.000261515,-0.000005567,-0.000272551,-0.000342795,0.039999995
708,2.975000,-0.000272551,-0.000342796,0.239999995,1.000000000,0.000001385,-0.000000773,0.000014117,0.000026276,-0.000015877,-0.000053299,0.002113839,0.000261142,-0.000005502,-0.000272551,-0.000342796,0.039999995
709,2.979167,-0.000272549,-0.000342798,0.239999995,1.000000000,0.000001428,-0.000000821,0.000014109,0.000026657,-0.000015659,-0.000053341,0.002110641,0.000269562,-0.000005332,-0.000272549,-0.000342798,0.039999995
710,2.983333,-0.000272550,-0.000342797,0.239999995,1.000000000,0.000001337,-0.000000719,0.000014110,0.000026180,-0.000015745,-0.000053241,0.002109365,0.000258293,-0.000005715,-0.000272550,-0.000342797,0.039999995
711,2.987500,-0.000272550,-0.000342796,0.239999995,0.999999940,0.000001388,-0.000000750,0.000014112,0.000026578,-0.000015545,-0.000053283,0.002106725,0.000267095,-0.000005501,-0.000272550,-0.000342796,0.039999995
712,2.991667,-0.000272550,-0.000342794,0.239999995,0.999999940,0.000001270,-0.000000682,0.000014113,0.000026383,-0.000015563,-0.000053265,0.002106393,0.000262332,-0.000005703,-0.000272550,-0.000342794,0.039999995
713,2.995833,-0.000272549,-0.000342796,0.239999995,1.000000000,0.000001322,-0.000000723,0.000014115,0.000026487,-0.000015755,-0.000053253,0.002110087,0.000266111,-0.000005338,-0.000272549,-0.000342796,0.039999995
714,3.000000,-0.000272550,-0.000342796,0.239999995,1.000000000,0.000001226,-0.000000640,0.000014093,0.000026353,-0.000015734,-0.000053244,0.002109292,0.000262658,-0.000005513,-0.000272550,-0.000342796,0.039999995
715,3.004167,-0.000272550,-0.000342796,0.239999995,0.999999940,0.000001271,-0.000000685,0.000014117,0.000026394,-0.000015708,-0.000053208,0.002107804,0.000263608,-0.000005464,-0.000272550,-0.000342796,0.039999995
716,3.008333,-0.000272549,-0.000342795,0.239999995,1.000000000,0.000001319,-0.000000724,0.000014118,0.000026574,-0.000015536,-0.000053260,0.002105880,0.000267030,-0.000005494,-0.000272549,-0.000342795,0.039999995
717,3.012500,-0.000272549,-0.000342794,0.239999995,0.999999940,0.000001369,-0.000000754,0.000014107,0.000026415,-0.000015608,-0.000053244,0.002106751,0.000263514,-0.000005585,-0.000272549,-0.000342794,0.039999995
718,3.016667,-0.000272549,-0.000342795,0.239999995,0.999999940,0.000001411,-0.000000798,0.000014110,0.000026447,-0.000015784,-0.000053290,0.002111645,0.000265148,-0.000005393,-0.000272549,-0.000342795,0.039999995
719,3.020833,-0.000272551,-0.000342795,0.239999995,0.999999940,0.000001452,-0.000000831,0.000014110,0.000025967,-0.000015958,-0.000053194,0.002112355,0.000254163,-0.000005679,-0.000272551,-0.000342795,0.039999995
720,3.025000,-0.000272548,-0.000342796,0.239999995,0.999999940,0.000001344,-0.000000556,0.000014076,0.000026988,-0.000015433,-0.000053438,0.002109101,0.000276230,-0.000005296,-0.000272548,-0.000342796,0.039999995
721,3.029167,-0.000272549,-0.000342795,0.239999995,1.000000000,0.000001437,-0.000000827,0.000014101,0.000026135,-0.000015755,-0.000053201,0.002108192,0.000257561,-0.000005722,-0.000272549,-0.000342795,0.039999995
722,3.033333,-0.000272551,-0.000342795,0.239999995,1.000000000,0.000001481,-0.000000852,0.000014101,0.000025977,-0.000015972,-0.000053216,0.002113295,0.000254302,-0.000005672,-0.000272551,-0.000342795,0.039999995
723,3.037500,-0.000272549,-0.000342795,0.239999995,1.000000000,0.000001486,-0.000000726,0.000014067,0.000026632,-0.000015625,-0.000053386,0.002111267,0.000268489,-0.000005453,-0.000272549,-0.000342795,0.039999995
724,3.041667,-0.000272550,-0.000342796,0.239999995,1.000000000,0.000001466,-0.000000837,0.000014116,0.000026037,-0.000015998,-0.000053251,0.002114574,0.000256171,-0.000005619,-0.000272550,-0.000342796,0.039999995
725,3.045833,-0.000272551,-0.000342798,0.239999995,1.000000000,0.000001513,-0.000000867,0.000014107,0.000026255,-0.000015912,-0.000053291,0.002114323,0.000260807,-0.000005477,-0.000272551,-0.000342798,0.039999995
726,3.050000,-0.000272550,-0.000342796,0.239999995,1.000000000,0.000001369,-0.000000619,0.000014085,0.000026549,-0.000015482,-0.000053361,0.002107625,0.000265626,-0.000005700,-0.000272550,-0.000342796,0.039999995
727,3.054167,-0.000272550,-0.000342796,0.239999995,0.999999940,0.000001489,-0.000000861,0.000014110,0.000026297,-0.000015772,-0.000053253,0.002110098,0.000261517,-0.000005558,-0.000272550,-0.000342796,0.039999995
728,3.058333,-0.000272550,-0.000342796,0.239999995,0.999999940,0.000001536,-0.000000890,0.000014125,0.000026475,-0.000015691,-0.000053336,0.002111044,0.000265107,-0.000005517,-0.000272550,-0.000342796,0.039999995
729,3.062500,-0.000272549,-0.000342796,0.239999995,0.999999940,0.000001395,-0.000000639,0.000014068,0.000026455,-0.000015627,-0.000053357,0.002110340,0.000264138,-0.000005633,-0.000272549,-0.000342796,0.039999995
730,3.066667,-0.000272548,-0.000342795,0.239999995,0.999999940,0.000001346,-0.000000585,0.000014068,0.000026638,-0.000015520,-0.000053334,0.002107459,0.000268437,-0.000005519,-0.000272548,-0.000342795,0.039999995
731,3.070833,-0.000272549,-0.000342794,0.239999995,1.000000000,0.000001459,-0.000000830,0.000014115,0.000026169,-0.000015751,-0.000053196,0.002108074,0.000258297,-0.000005683,-0.000272549,-0.000342794,0.039999995
732,3.075000,-0.000272550,-0.000342795,0.239999995,1.000000000,0.000001485,-0.000000884,0.000014117,0.000026080,-0.000016000,-0.000053259,0.002115133,0.000256969,-0.000005559,-0.000272550,-0.000342795,0.039999995
733,3.079167,-0.000272550,-0.000342796,0.239999995,1.000000000,0.000001385,-0.000000792,0.000014120,0.000026298,-0.000015800,-0.000053312,0.002112659,0.000261156,-0.000005582,-0.000272550,-0.000342796,0.039999995
734,3.083333,-0.000272551,-0.000342796,0.239999995,1.000000000,0.000001427,-0.000000830,0.000014122,0.000026330,-0.000015764,-0.000053273,0.002110740,0.000262039,-0.000005542,-0.000272551,-0.000342796,0.039999995
735,3.087500,-0.000272552,-0.000342796,0.239999995,1.000000000,0.000001470,-0.000000861,0.000014112,0.000026129,-0.000015882,-0.000053240,0.002112162,0.000257683,-0.000005613,-0.000272552,-0.000342796,0.039999995
736,3.091667,-0.000272550,-0.000342797,0.239999995,1.000000000,0.000001496,-0.000000711,0.000014066,0.000026624,-0.000015695,-0.000053375,0.002112459,0.000268693,-0.000005368,-0.000272550,-0.000342797,0.039999995
737,3.095833,-0.000272550,-0.000342795,0.239999995,1.000000000,0.000001450,-0.000000847,0.000014116,0.000026319,-0.000015595,-0.000053303,0.002107976,0.000260792,-0.000005795,-0.000272550,-0.000342795,0.039999995
738,3.100000,-0.000272551,-0.000342796,0.239999995,1.000000000,0.000001495,-0.000000877,0.000014118,0.000026312,-0.000015782,-0.000053285,0.002111489,0.000261628,-0.000005557,-0.000272551,-0.000342796,0.039999995
739,3.104167,-0.000272549,-0.000342796,0.239999995,1.000000000,0.000001373,-0.000000608,0.000014084,0.000026632,-0.000015609,-0.000053380,0.002110759,0.000268400,-0.000005466,-0.000272549,-0.000342796,0.039999995
740,3.108333,-0.000272549,-0.000342796,0.239999995,0.999999940,0.000001493,-0.000000850,0.000014110,0.000026292,-0.000015767,-0.000053255,0.002110092,0.000261341,-0.000005573,-0.000272549,-0.000342796,0.039999995
741,3.112500,-0.000272550,-0.000342796,0.239999995,0.999999940,0.000001371,-0.000000787,0.000014113,0.000026265,-0.000015817,-0.000053304,0.002112635,0.000260547,-0.000005593,-0.000272550,-0.000342796,0.039999995
742,3.116667,-0.000272550,-0.000342796,0.239999995,0.999999940,0.000001276,-0.000000695,0.000014103,0.000026390,-0.000015645,-0.000053266,0.002108254,0.000262818,-0.000005596,-0.000272550,-0.000342796,0.039999995
743,3.120833,-0.000272549,-0.000342796,0.239999995,1.000000000,0.000001347,-0.000000710,0.000014116,0.000026531,-0.000015649,-0.000053245,0.002107759,0.000266583,-0.000005400,-0.000272549,-0.000342796,0.039999995
744,3.125000,-0.000272550,-0.000342796,0.239999995,1.000000000,0.000001362,-0.000000784,0.000014118,0.000026330,-0.000015748,-0.000053249,0.002109655,0.000262194,-0.000005536,-0.000272550,-0.000342796,0.039999995
745,3.129167,-0.000272550,-0.000342796,0.239999995,1.000000000,0.000001290,-0.000000668,0.000014119,0.000026359,-0.000015741,-0.000053253,0.002109781,0.000262671,-0.000005511,-0.000272550,-0.000342796,0.039999995
746,3.133333,-0.000272550,-0.000342797,0.239999995,0.999999940,0.000001341,-0.000000707,0.000014108,0.000026352,-0.000015813,-0.000053229,0.002110478,0.000263117,-0.000005406,-0.000272550,-0.000342797,0.039999995
747,3.137500,-0.000272550,-0.000342793,0.239999995,1.000000000,0.000001365,-0.000000758,0.000014108,0.000026497,-0.000015335,-0.000053257,0.002101729,0.000263866,-0.000005820,-0.000272550,-0.000342793,0.039999995
748,3.141667,-0.000272550,-0.000342795,0.239999995,1.000000000,0.000001407,-0.000000803,0.000014111,0.000026462,-0.000015772,-0.000053286,0.002111291,0.000265457,-0.000005386,-0.000272550,-0.000342795,0.039999995
749,3.145833,-0.000272550,-0.000342797,0.239999995,1.000000000,0.000001453,-0.000000843,0.000014114,0.000026234,-0.000015974,-0.000053267,0.002114699,0.000260888,-0.000005409,-0.000272550,-0.000342797,0.039999995
750,3.150000,-0.000272550,-0.000342796,0.239999995,1.000000000,0.000001364,-0.000000739,0.000014128,0.000026374,-0.000015652,-0.000053299,0.002109312,0.000262353,-0.000005649,-0.000272550,-0.000342796,0.039999995
751,3.154167,-0.000272549,-0.000342797,0.239999995,1.000000000,0.000001272,-0.000000655,0.000014107,0.000026475,-0.000015763,-0.000053287,0.002111111,0.000265783,-0.000005375,-0.000272549,-0.000342797,0.039999995
752,3.158333,-0.000272550,-0.000342795,0.239999995,0.999999940,0.000001315,-0.000000695,0.000014107,0.000026469,-0.000015495,-0.000053221,0.002103821,0.000264286,-0.000005628,-0.000272550,-0.000342795,0.039999995
753,3.162500,-0.000272548,-0.000342795,0.239999995,1.000000000,0.000001367,-0.000000733,0.000014109,0.000026690,-0.000015560,-0.000053299,0.002107419,0.000270092,-0.000005365,-0.000272548,-0.000342795,0.039999995
754,3.166667,-0.000272551,-0.000342794,0.239999995,1.000000000,0.000001380,-0.000000796,0.000014109,0.000025847,-0.000015922,-0.000053146,0.002110161,0.000251127,-0.000005817,-0.000272551,-0.000342794,0.039999995
755,3.170833,-0.000272550,-0.000342796,0.239999995,1.000000000,0.000001401,-0.000000658,0.000014074,0.000026599,-0.000015809,-0.000053346,0.002113945,0.000268806,-0.000005237,-0.000272550,-0.000342796,0.039999995
756,3.175000,-0.000272550,-0.000342797,0.239999995,1.000000000,0.000001375,-0.000000782,0.000014124,0.000026279,-0.000015772,-0.000053268,0.002110557,0.000260994,-0.000005600,-0.000272550,-0.000342797,0.039999995
757,3.179167,-0.000272550,-0.000342795,0.239999995,1.000000000,0.000001278,-0.000000689,0.000014102,0.000026430,-0.000015541,-0.000053267,0.002106092,0.000263330,-0.000005667,-0.000272550,-0.000342795,0.039999995
758,3.183333,-0.000272551,-0.000342795,0.239999995,0.999999940,0.000001326,-0.000000724,0.000014113,0.000026224,-0.000015798,-0.000053188,0.002108992,0.000259850,-0.000005543,-0.000272551,-0.000342795,0.039999995
759,3.187500,-0.000272549,-0.000342794,0.239999995,1.000000000,0.000001379,-0.000000761,0.000014116,0.000026901,-0.000015371,-0.000053355,0.002105356,0.000274047,-0.000005383,-0.000272549,-0.000342794,0.039999995
760,3.191667,-0.000272548,-0.000342796,0.239999995,1.000000000,0.000001423,-0.000000807,0.000014108,0.000026381,-0.000015883,-0.000053281,0.002113167,0.000264207,-0.000005345,-0.000272548,-0.000342796,0.039999995
761,3.195833,-0.000272549,-0.000342797,0.239999995,1.000000000,0.000001468,-0.000000839,0.000014109,0.000026100,-0.000015968,-0.000053244,0.002114015,0.000257422,-0.000005556,-0.000272549,-0.000342797,0.039999995
762,3.200000,-0.000272550,-0.000342796,0.239999995,1.000000000,0.000001490,-0.000000888,0.000014112,0.000026375,-0.000015590,-0.000053315,0.002108465,0.000261913,-0.000005733,-0.000272550,-0.000342796,0.039999995
763,3.204167,-0.000272550,-0.000342796,0.239999995,1.000000000,0.000001390,-0.000000797,0.000014115,0.000026290,-0.000015796,-0.000053301,0.002112184,0.000261066,-0.000005585,-0.000272550,-0.000342796,0.039999995
764,3.208333,-0.000272550,-0.000342796,0.239999995,1.000000000,0.000001432,-0.000000834,0.000014117,0.000026330,-0.000015764,-0.000053271,0.002110753,0.000262016,-0.000005540,-0.000272550,-0.000342796,0.039999995
765,3.212500,-0.000272550,-0.000342796,0.239999995,1.000000000,0.000001477,-0.000000864,0.000014119,0.000026309,-0.000015779,-0.000053288,0.002111526,0.000261477,-0.000005566,-0.000272550,-0.000342796,0.039999995
766,3.216667,-0.000272551,-0.000342797,0.239999995,1.000000000,0.000001377,-0.000000778,0.000014111,0.000026277,-0.000015877,-0.000053299,0.002113822,0.000261144,-0.000005501,-0.000272551,-0.000342797,0.039999995
767,3.220833,-0.000272552,-0.000342797,0.239999995,1.000000000,0.000001282,-0.000000683,0.000014112,0.000026213,-0.000015740,-0.000053230,0.002109065,0.000259014,-0.000005667,-0.000272552,-0.000342797,0.039999995
768,3.225000,-0.000272551,-0.000342797,0.239999995,0.999999940,0.000001332,-0.000000723,0.000014102,0.000026533,-0.000015654,-0.000053260,0.002108290,0.000266664,-0.000005403,-0.000272551,-0.000342797,0.039999995
769,3.229167,-0.000272549,-0.000342794,0.239999995,1.000000000,0.000001380,-0.000000758,0.000014104,0.000026979,-0.000015146,-0.000053354,0.002100704,0.000274815,-0.000005550,-0.000272549,-0.000342794,0.039999995
770,3.233333,-0.000272548,-0.000342797,0.239999995,1.000000000,0.000001426,-0.000000805,0.000014108,0.000026355,-0.000015973,-0.000053276,0.002114869,0.000264134,-0.000005272,-0.000272548,-0.000342797,0.039999995
771,3.237500,-0.000272549,-0.000342796,0.239999995,1.000000000,0.000001335,-0.000000703,0.000014109,0.000026189,-0.000015751,-0.000053248,0.002109845,0.000258351,-0.000005704,-0.000272549,-0.000342796,0.039999995
772,3.241667,-0.000272550,-0.000342797,0.239999995,1.000000000,0.000001350,-0.000000776,0.000014111,0.000026342,-0.000015759,-0.000053253,0.002110142,0.000262387,-0.000005510,-0.000272550,-0.000342797,0.039999995
773,3.245833,-0.000272550,-0.000342795,0.239999995,1.000000000,0.000001275,-0.000000658,0.000014112,0.000026448,-0.000015524,-0.000053257,0.002105578,0.000263656,-0.000005659,-0.000272550,-0.000342795,0.039999995
774,3.250000,-0.000272549,-0.000342794,0.239999995,0.999999940,0.000001322,-0.000000698,0.000014113,0.000026589,-0.000015522,-0.000053259,0.002105484,0.000267419,-0.000005488,-0.000272549,-0.000342794,0.039999995
775,3.254167,-0.000272548,-0.000342796,0.239999995,1.000000000,0.000001509,-0.000000869,0.000014103,0.000026446,-0.000015846,-0.000053263,0.002112097,0.000265640,-0.000005291,-0.000272548,-0.000342796,0.039999995
776,3.258333,-0.000272551,-0.000342796,0.239999995,1.000000000,0.000001387,-0.000000795,0.000014116,0.000025771,-0.000016063,-0.000053208,0.002114800,0.000249642,-0.000005816,-0.000272551,-0.000342796,0.039999995
777,3.262500,-0.000272550,-0.000342796,0.239999995,1.000000000,0.000001298,-0.000000705,0.000014120,0.000026689,-0.000015593,-0.000053354,0.002109846,0.000269840,-0.000005385,-0.000272550,-0.000342796,0.039999995
778,3.266667,-0.000272550,-0.000342796,0.239999995,0.999999940,0.000001348,-0.000000739,0.000014120,0.000026354,-0.000015721,-0.000053230,0.002108566,0.000262703,-0.000005517,-0.000272550,-0.000342796,0.039999995
779,3.270833,-0.000272550,-0.000342796,0.239999995,0.999999940,0.000001253,-0.000000653,0.000014099,0.000026548,-0.000015562,-0.000053288,0.002107152,0.000266392,-0.000005521,-0.000272550,-0.000342796,0.039999995
780,3.275000,-0.000272549,-0.000342795,0.239999995,1.000000000,0.000001298,-0.000000696,0.000014124,0.000026577,-0.000015525,-0.000053248,0.002105199,0.000267172,-0.000005493,-0.000272549,-0.000342795,0.039999995
781,3.279167,-0.000272549,-0.000342795,0.239999995,0.999999940,0.000001349,-0.000000730,0.000014124,0.000026359,-0.000015727,-0.000053229,0.002108747,0.000262824,-0.000005503,-0.000272549,-0.000342795,0.039999995
782,3.283333,-0.000272549,-0.000342794,0.239999995,0.999999940,0.000001253,-0.000000644,0.000014103,0.000026548,-0.000015561,-0.000053289,0.002107166,0.000266405,-0.000005522,-0.000272549,-0.000342794,0.039999995
783,3.287500,-0.000272549,-0.000342795,0.239999995,1.000000000,0.000001302,-0.000000687,0.000014116,0.000026338,-0.000015815,-0.000053211,0.002109930,0.000262894,-0.000005407,-0.000272549,-0.000342795,0.039999995
784,3.291667,-0.000272551,-0.000342795,0.239999995,0.999999940,0.000001352,-0.000000716,0.000014115,0.000026025,-0.000015916,-0.000053163,0.002110647,0.000255527,-0.000005621,-0.000272551,-0.000342795,0.039999995
785,3.295833,-0.000272549,-0.000342795,0.239999995,1.000000000,0.000001383,-0.000000774,0.000014106,0.000026698,-0.000015503,-0.000053327,0.002107160,0.000269696,-0.000005449,-0.000272549,-0.000342795,0.039999995
786,3.300000,-0.000272551,-0.000342796,0.239999995,1.000000000,0.000001424,-0.000000815,0.000014107,0.000026110,-0.000015947,-0.000053216,0.002112635,0.000257769,-0.000005537,-0.000272551,-0.000342796,0.039999995
787,3.304167,-0.000272551,-0.000342797,0.239999995,1.000000000,0.000001470,-0.000000849,0.000014121,0.000026261,-0.000015902,-0.000053280,0.002113793,0.000261020,-0.000005475,-0.000272551,-0.000342797,0.039999995
788,3.308333,-0.000272548,-0.000342796,0.239999995,1.000000000,0.000001361,-0.000000566,0.000014075,0.000026882,-0.000015311,-0.000053411,0.002105721,0.000272988,-0.000005536,-0.000272548,-0.000342796,0.039999995
789,3.312500,-0.000272551,-0.000342796,0.239999995,0.999999940,0.000001455,-0.000000835,0.000014122,0.000025940,-0.000015947,-0.000053163,0.002110934,0.000253806,-0.000005702,-0.000272551,-0.000342796,0.039999995
790,3.316667,-0.000272550,-0.000342796,0.239999995,0.999999940,0.000001501,-0.000000867,0.000014113,0.000026499,-0.000015694,-0.000053333,0.002111184,0.000265614,-0.000005476,-0.000272550,-0.000342796,0.039999995
791,3.320833,-0.000272549,-0.000342795,0.239999995,0.999999940,0.000001358,-0.000000620,0.000014079,0.000026462,-0.000015618,-0.000053348,0.002109860,0.000264339,-0.000005631,-0.000272549,-0.000342795,0.039999995
792,3.325000,-0.000272549,-0.000342794,0.239999995,1.000000000,0.000001475,-0.000000867,0.000014105,0.000026507,-0.000015579,-0.000053283,0.002107175,0.000265648,-0.000005554,-0.000272549,-0.000342794,0.039999995
793,3.329167,-0.000272552,-0.000342797,0.239999995,1.000000000,0.000001377,-0.000000775,0.000014106,0.000025650,-0.000016385,-0.000053177,0.002120320,0.000248616,-0.000005551,-0.000272552,-0.000342797,0.039999995
794,3.333333,-0.000272551,-0.000342797,0.239999995,1.000000000,0.000001284,-0.000000685,0.000014109,0.000026574,-0.000015570,-0.000053318,0.002108383,0.000266752,-0.000005515,-0.000272551,-0.000342797,0.039999995
795,3.337500,-0.000272550,-0.000342797,0.239999995,0.999999940,0.000001333,-0.000000725,0.000014099,0.000026520,-0.000015644,-0.000053255,0.002107746,0.000266431,-0.000005426,-0.000272550,-0.000342797,0.039999995
796,3.341667,-0.000272550,-0.000342794,0.239999995,1.000000000,0.000001380,-0.000000755,0.000014099,0.000026638,-0.000015333,-0.000053280,0.002102310,0.000267408,-0.000005672,-0.000272550,-0.000342794,0.039999995
797,3.345833,-0.000272549,-0.000342796,0.239999995,1.000000000,0.000001424,-0.000000801,0.000014114,0.000026431,-0.000015855,-0.000053287,0.002112929,0.000265187,-0.000005328,-0.000272549,-0.000342796,0.039999995
798,3.350000,-0.000272548,-0.000342796,0.239999995,1.000000000,0.000001468,-0.000000837,0.000014105,0.000026465,-0.000015692,-0.000053314,0.002110530,0.000264899,-0.000005502,-0.000272548,-0.000342796,0.039999995
799,3.354167,-0.000272551,-0.000342796,0.239999995,1.000000000,0.000001343,-0.000000769,0.000014119,0.000025996,-0.000015856,-0.000053235,0.002111377,0.000254169,-0.000005807,-0.000272551,-0.000342796,0.039999995
800,3.358333,-0.000272551,-0.000342797,0.239999995,1.000000000,0.000001271,-0.000000657,0.000014109,0.000026358,-0.000015833,-0.000053250,0.002111681,0.000263092,-0.000005399,-0.000272551,-0.000342797,0.039999995
801,3.362500,-0.000272549,-0.000342797,0.239999995,0.999999940,0.000001320,-0.000000704,0.000014111,0.000026726,-0.000015528,-0.000053292,0.002106609,0.000270809,-0.000005350,-0.000272549,-0.000342797,0.039999995
802,3.366667,-0.000272549,-0.000342795,0.239999995,1.000000000,0.000001366,-0.000000736,0.000014111,0.000026426,-0.000015520,-0.000053228,0.002104494,0.000263382,-0.000005661,-0.000272549,-0.000342795,0.039999995
803,3.370833,-0.000272551,-0.000342794,0.239999995,1.000000000,0.000001381,-0.000000803,0.000014112,0.000026199,-0.000015748,-0.000053221,0.002108865,0.000258815,-0.000005664,-0.000272551,-0.000342794,0.039999995
804,3.375000,-0.000272548,-0.000342797,0.239999995,1.000000000,0.000001423,-0.000000644,0.000014078,0.000026733,-0.000015799,-0.000053368,0.002114353,0.000272173,-0.000005105,-0.000272548,-0.000342797,0.039999995
805,3.379167,-0.000272551,-0.000342795,0.239999995,1.000000000,0.000001370,-0.000000784,0.000014113,0.000025811,-0.000015863,-0.000053165,0.002109287,0.000249980,-0.000005959,-0.000272551,-0.000342795,0.039999995
806,3.383333,-0.000272551,-0.000342795,0.239999995,1.000000000,0.000001276,-0.000000694,0.000014115,0.000026573,-0.000015572,-0.000053305,0.002108124,0.000266813,-0.000005500,-0.000272551,-0.000342795,0.039999995
807,3.387500,-0.000272552,-0.000342795,0.239999995,0.999999940,0.000001325,-0.000000729,0.000014103,0.000026179,-0.000015829,-0.000053181,0.002109348,0.000258968,-0.000005550,-0.000272552,-0.000342795,0.039999995
808,3.391667,-0.000272549,-0.000342794,0.239999995,1.000000000,0.000001377,-0.000000765,0.000014106,0.000026904,-0.000015372,-0.000053357,0.002105385,0.000274164,-0.000005383,-0.000272549,-0.000342794,0.039999995
809,3.395833,-0.000272550,-0.000342797,0.239999995,1.000000000,0.000001423,-0.000000810,0.000014120,0.000026164,-0.000016083,-0.000053241,0.002116121,0.000259953,-0.000005344,-0.000272550,-0.000342797,0.039999995
810,3.400000,-0.000272550,-0.000342796,0.239999995,1.000000000,0.000001331,-0.000000709,0.000014099,0.000026413,-0.000015556,-0.000053292,0.002107223,0.000262754,-0.000005698,-0.000272550,-0.000342796,0.039999995
811,3.404167,-0.000272549,-0.000342796,0.239999995,0.999999940,0.000001383,-0.000000742,0.000014112,0.000026546,-0.000015628,-0.000053280,0.002108241,0.000266803,-0.000005443,-0.000272549,-0.000342796,0.039999995
812,3.408333,-0.000272549,-0.000342794,0.239999995,0.999999940,0.000001267,-0.000000676,0.000014103,0.000026574,-0.000015451,-0.000053308,0.002105421,0.000266440,-0.000005641,-0.000272549,-0.000342794,0.039999995
813,3.412500,-0.000272550,-0.000342795,0.239999995,1.000000000,0.000001317,-0.000000713,0.000014103,0.000026139,-0.000015936,-0.000053177,0.002111397,0.000258599,-0.000005472,-0.000272550,-0.000342795,0.039999995
814,3.416667,-0.000272549,-0.000342794,0.239999995,0.999999940,0.000001368,-0.000000744,0.000014105,0.000026578,-0.000015543,-0.000053288,0.002106858,0.000267006,-0.000005509,-0.000272549,-0.000342794,0.039999995
815,3.420833,-0.000272549,-0.000342796,0.239999995,0.999999940,0.000001411,-0.000000793,0.000014119,0.000026385,-0.000015898,-0.000053273,0.002113414,0.000264311,-0.000005320,-0.000272549,-0.000342796,0.039999995
816,3.425000,-0.000272550,-0.000342797,0.239999995,0.999999940,0.000001452,-0.000000828,0.000014109,0.000026159,-0.000015848,-0.000053238,0.002111406,0.000258251,-0.000005615,-0.000272550,-0.000342797,0.039999995
817,3.429167,-0.000272548,-0.000342795,0.239999995,0.999999940,0.000001362,-0.000000729,0.000014112,0.000026730,-0.000015397,-0.000053366,0.002106118,0.000269740,-0.000005578,-0.000272548,-0.000342795,0.039999995
818,3.433333,-0.000272549,-0.000342794,0.239999995,0.999999940,0.000001376,-0.000000796,0.000014113,0.000026173,-0.000015753,-0.000053213,0.002108676,0.000258310,-0.000005686,-0.000272549,-0.000342794,0.039999995
819,3.437500,-0.000272548,-0.000342795,0.239999995,0.999999940,0.000001310,-0.000000681,0.000014105,0.000026658,-0.000015673,-0.000053335,0.002110891,0.000269569,-0.000005309,-0.000272548,-0.000342795,0.039999995
820,3.441667,-0.000272548,-0.000342795,0.239999995,1.000000000,0.000001359,-0.000000715,0.000014117,0.000026403,-0.000015609,-0.000053234,0.002106444,0.000263277,-0.000005594,-0.000272548,-0.000342795,0.039999995
821,3.445833,-0.000272550,-0.000342795,0.239999995,1.000000000,0.000001376,-0.000000781,0.000014106,0.000025961,-0.000016037,-0.000053186,0.002113681,0.000254496,-0.000005582,-0.000272550,-0.000342795,0.039999995
822,3.450000,-0.000272551,-0.000342795,0.239999995,1.000000000,0.000001416,-0.000000820,0.000014119,0.000026199,-0.000015838,-0.000053236,0.002111315,0.000259104,-0.000005579,-0.000272551,-0.000342795,0.039999995
823,3.454167,-0.000272550,-0.000342796,0.239999995,1.000000000,0.000001304,-0.000000544,0.000014061,0.000026666,-0.000015589,-0.000053356,0.002109749,0.000269273,-0.000005417,-0.000272550,-0.000342796,0.039999995
824,3.458333,-0.000272550,-0.000342796,0.239999995,0.999999940,0.000001418,-0.000000797,0.000014109,0.000026318,-0.000015742,-0.000053228,0.002108783,0.000262078,-0.000005544,-0.000272550,-0.000342796,0.039999995
825,3.462500,-0.000272549,-0.000342795,0.239999995,0.999999940,0.000001328,-0.000000699,0.000014112,0.000026518,-0.000015586,-0.000053314,0.002108421,0.000265645,-0.000005563,-0.000272549,-0.000342795,0.039999995
826,3.466667,-0.000272549,-0.000342794,0.239999995,1.000000000,0.000001356,-0.000000755,0.000014102,0.000026595,-0.000015437,-0.000053289,0.002104625,0.000266959,-0.000005611,-0.000272549,-0.000342794,0.039999995
827,3.470833,-0.000272551,-0.000342795,0.239999995,1.000000000,0.000001397,-0.000000798,0.000014102,0.000025911,-0.000016145,-0.000053168,0.002115298,0.000253984,-0.000005501,-0.000272551,-0.000342795,0.039999995
828,3.475000,-0.000272551,-0.000342796,0.239999995,1.000000000,0.000001439,-0.000000835,0.000014104,0.000026342,-0.000015772,-0.000053282,0.002111307,0.000262230,-0.000005526,-0.000272551,-0.000342796,0.039999995
829,3.479167,-0.000272549,-0.000342796,0.239999995,1.000000000,0.000001462,-0.000000688,0.000014070,0.000026650,-0.000015592,-0.000053363,0.002109891,0.000268865,-0.000005444,-0.000272549,-0.000342796,0.039999995
830,3.483333,-0.000272551,-0.000342796,0.239999995,1.000000000,0.000001417,-0.000000827,0.000014107,0.000026050,-0.000015916,-0.000053248,0.002112829,0.000256006,-0.000005691,-0.000272551,-0.000342796,0.039999995
831,3.487500,-0.000272552,-0.000342795,0.239999995,1.000000000,0.000001326,-0.000000724,0.000014109,0.000026203,-0.000015763,-0.000053249,0.002110237,0.000258686,-0.000005674,-0.000272552,-0.000342795,0.039999995
832,3.491667,-0.000272551,-0.000342794,0.239999995,0.999999940,0.000001377,-0.000000756,0.000014110,0.000026578,-0.000015543,-0.000053284,0.002106712,0.000267040,-0.000005504,-0.000272551,-0.000342794,0.039999995
833,3.495833,-0.000272549,-0.000342796,0.239999995,0.999999940,0.000001262,-0.000000492,0.000014076,0.000026782,-0.000015594,-0.000053361,0.002109844,0.000272441,-0.000005279,-0.000272549,-0.000342796,0.039999995
834,3.500000,-0.000272550,-0.000342794,0.239999995,1.000000000,0.000001348,-0.000000772,0.000014111,0.000026195,-0.000015647,-0.000053179,0.002105366,0.000258563,-0.000005752,-0.000272550,-0.000342794,0.039999995
835,3.504167,-0.000272550,-0.000342796,0.239999995,1.000000000,0.000001281,-0.000000658,0.000014113,0.000026277,-0.000015964,-0.000053249,0.002114149,0.000261866,-0.000005346,-0.000272550,-0.000342796,0.039999995
836,3.508333,-0.000272550,-0.000342796,0.239999995,0.999999940,0.000001331,-0.000000698,0.000014102,0.000026528,-0.000015649,-0.000053265,0.002108288,0.000266515,-0.000005423,-0.000272550,-0.000342796,0.039999995
837,3.512500,-0.000272549,-0.000342795,0.239999995,1.000000000,0.000001359,-0.000000753,0.000014116,0.000026552,-0.000015473,-0.000053283,0.002105138,0.000266115,-0.000005621,-0.000272549,-0.000342795,0.039999995
838,3.516667,-0.000272549,-0.000342796,0.239999995,1.000000000,0.000001399,-0.000000799,0.000014106,0.000026279,-0.000015871,-0.000053240,0.002111954,0.000261477,-0.000005442,-0.000272549,-0.000342796,0.039999995
839,3.520833,-0.000272550,-0.000342796,0.239999995,1.000000000,0.000001441,-0.000000837,0.000014108,0.000026330,-0.000015763,-0.000053274,0.002110723,0.000262045,-0.000005545,-0.000272550,-0.000342796,0.039999995
840,3.525000,-0.000272550,-0.000342796,0.239999995,1.000000000,0.000001486,-0.000000867,0.000014110,0.000026309,-0.000015779,-0.000053288,0.002111493,0.000261512,-0.000005567,-0.000272550,-0.000342796,0.039999995
841,3.529167,-0.000272550,-0.000342796,0.239999995,1.000000000,0.000001386,-0.000000776,0.000014113,0.000026291,-0.000015794,-0.000053306,0.002112332,0.000261018,-0.000005589,-0.000272550,-0.000342796,0.039999995
842,3.533333,-0.000272551,-0.000342797,0.239999995,1.000000000,0.000001427,-0.000000815,0.000014115,0.000026124,-0.000015957,-0.000053225,0.002113238,0.000258059,-0.000005517,-0.000272551,-0.000342797,0.039999995
843,3.537500,-0.000272550,-0.000342797,0.239999995,1.000000000,0.000001337,-0.000000720,0.000014107,0.000026732,-0.000015463,-0.000053364,0.002107472,0.000270150,-0.000005494,-0.000272550,-0.000342797,0.039999995
844,3.541667,-0.000272550,-0.000342796,0.239999995,0.999999940,0.000001388,-0.000000750,0.000014119,0.000026367,-0.000015640,-0.000053233,0.002107055,0.000262537,-0.000005600,-0.000272550,-0.000342796,0.039999995
845,3.545833,-0.000272549,-0.000342794,0.239999995,0.999999940,0.000001271,-0.000000684,0.000014110,0.000026582,-0.000015458,-0.000053308,0.002105631,0.000266622,-0.000005625,-0.000272549,-0.000342794,0.039999995
846,3.550000,-0.000272549,-0.000342795,0.239999995,1.000000000,0.000001322,-0.000000725,0.000014112,0.000026480,-0.000015750,-0.000053251,0.002109814,0.000265973,-0.000005351,-0.000272549,-0.000342795,0.039999995
847,3.554167,-0.000272552,-0.000342794,0.239999995,1.000000000,0.000001223,-0.000000634,0.000014111,0.000025884,-0.000015905,-0.000053134,0.002109577,0.000251920,-0.000005777,-0.000272552,-0.000342794,0.039999995
848,3.558333,-0.000272551,-0.000342795,0.239999995,0.999999940,0.000001271,-0.000000682,0.000014112,0.000026539,-0.000015738,-0.000053251,0.002109763,0.000267243,-0.000005288,-0.000272551,-0.000342795,0.039999995
849,3.562500,-0.000272549,-0.000342795,0.239999995,1.000000000,0.000001319,-0.000000726,0.000014114,0.000026908,-0.000015344,-0.000053334,0.002104072,0.000274304,-0.000005384,-0.000272549,-0.000342795,0.039999995
850,3.566667,-0.000272551,-0.000342794,0.239999995,1.000000000,0.000001220,-0.000000637,0.000014103,0.000026062,-0.000015785,-0.000053164,0.002107927,0.000255832,-0.000005729,-0.000272551,-0.000342794,0.039999995
851,3.570833,-0.000272550,-0.000342795,0.239999995,0.999999940,0.000001268,-0.000000685,0.000014104,0.000026533,-0.000015734,-0.000053246,0.002109529,0.000267124,-0.000005299,-0.000272550,-0.000342795,0.039999995
852,3.575000,-0.000272549,-0.000342794,0.239999995,1.000000000,0.000001315,-0.000000725,0.000014105,0.000026568,-0.000015531,-0.000053261,0.002105729,0.000266940,-0.000005508,-0.000272549,-0.000342794,0.039999995
853,3.579167,-0.000272550,-0.000342795,0.239999995,1.000000000,0.000001221,-0.000000642,0.000014118,0.000026285,-0.000015861,-0.000053232,0.002111519,0.000261672,-0.000005444,-0.000272550,-0.000342795,0.039999995
854,3.583333,-0.000272550,-0.000342795,0.239999995,0.999999940,0.000001287,-0.000000662,0.000014118,0.000026417,-0.000015694,-0.000053203,0.002107453,0.000264095,-0.000005439,-0.000272550,-0.000342795,0.039999995
855,3.587500,-0.000272548,-0.000342794,0.239999995,1.000000000,0.000001335,-0.000000704,0.000014108,0.000026764,-0.000015425,-0.000053299,0.002104814,0.000271134,-0.000005431,-0.000272548,-0.000342794,0.039999995
856,3.591667,-0.000272550,-0.000342796,0.239999995,1.000000000,0.000001353,-0.000000775,0.000014109,0.000025892,-0.000016146,-0.000053166,0.002115182,0.000253602,-0.000005521,-0.000272550,-0.000342796,0.039999995
857,3.595833,-0.000272551,-0.000342796,0.239999995,1.000000000,0.000001282,-0.000000659,0.000014110,0.000026373,-0.000015750,-0.000053265,0.002110434,0.000262926,-0.000005494,-0.000272551,-0.000342796,0.039999995
858,3.600000,-0.000272550,-0.000342798,0.239999995,0.999999940,0.000001333,-0.000000700,0.000014112,0.000026501,-0.000015737,-0.000053262,0.002109924,0.000266331,-0.000005349,-0.000272550,-0.000342798,0.039999995
859,3.604167,-0.000272549,-0.000342794,0.239999995,1.000000000,0.000001358,-0.000000754,0.000014101,0.000026683,-0.000015220,-0.000053297,0.002100441,0.000267903,-0.000005764,-0.000272549,-0.000342794,0.039999995
860,3.608333,-0.000272549,-0.000342796,0.239999995,1.000000000,0.000001399,-0.000000801,0.000014104,0.000026251,-0.000015960,-0.000053234,0.002113572,0.000261373,-0.000005372,-0.000272549,-0.000342796,0.039999995
861,3.612500,-0.000272550,-0.000342796,0.239999995,1.000000000,0.000001441,-0.000000839,0.000014105,0.000026330,-0.000015762,-0.000053276,0.002110815,0.000261989,-0.000005546,-0.000272550,-0.000342796,0.039999995
862,3.616667,-0.000272550,-0.000342796,0.239999995,1.000000000,0.000001486,-0.000000868,0.000014108,0.000026309,-0.000015779,-0.000053288,0.002111515,0.000261494,-0.000005567,-0.000272550,-0.000342796,0.039999995
863,3.620833,-0.000272550,-0.000342797,0.239999995,1.000000000,0.000001386,-0.000000777,0.000014111,0.000026291,-0.000015795,-0.000053306,0.002112350,0.000261038,-0.000005591,-0.000272550,-0.000342797,0.039999995
864,3.625000,-0.000272551,-0.000342798,0.239999995,1.000000000,0.000001427,-0.000000817,0.000014112,0.000026125,-0.000015957,-0.000053224,0.002113284,0.000258043,-0.000005518,-0.000272551,-0.000342798,0.039999995
865,3.629167,-0.000272550,-0.000342797,0.239999995,1.000000000,0.000001338,-0.000000722,0.000014105,0.000026732,-0.000015463,-0.000053364,0.002107420,0.000270193,-0.000005493,-0.000272550,-0.000342797,0.039999995
866,3.633333,-0.000272550,-0.000342796,0.239999995,0.999999940,0.000001388,-0.000000751,0.000014117,0.000026368,-0.000015640,-0.000053233,0.002107018,0.000262564,-0.000005600,-0.000272550,-0.000342796,0.039999995
867,3.637500,-0.000272549,-0.000342794,0.239999995,0.999999940,0.000001272,-0.000000686,0.000014108,0.000026582,-0.000015458,-0.000053308,0.002105601,0.000266595,-0.000005624,-0.000272549,-0.000342794,0.039999995
868,3.641667,-0.000272549,-0.000342796,0.239999995,1.000000000,0.000001323,-0.000000727,0.000014109,0.000026480,-0.000015749,-0.000053251,0.002109725,0.000266032,-0.000005349,-0.000272549,-0.000342796,0.039999995
869,3.645833,-0.000272550,-0.000342795,0.239999995,0.999999940,0.000001373,-0.000000754,0.000014109,0.000026225,-0.000015719,-0.000053208,0.002107977,0.000259329,-0.000005653,-0.000272550,-0.000342795,0.039999995
870,3.650000,-0.000272549,-0.000342796,0.239999995,0.999999940,0.000001415,-0.000000798,0.000014112,0.000026454,-0.000015789,-0.000053293,0.002111919,0.000265276,-0.000005382,-0.000272549,-0.000342796,0.039999995
871,3.654167,-0.000272549,-0.000342795,0.239999995,0.999999940,0.000001325,-0.000000701,0.000014115,0.000026512,-0.000015580,-0.000053314,0.002108285,0.000265446,-0.000005576,-0.000272549,-0.000342795,0.039999995
872,3.658333,-0.000272547,-0.000342794,0.239999995,1.000000000,0.000001377,-0.000000735,0.000014105,0.000026743,-0.000015438,-0.000053314,0.002105448,0.000270611,-0.000005457,-0.000272547,-0.000342794,0.039999995
873,3.662500,-0.000272550,-0.000342796,0.239999995,1.000000000,0.000001396,-0.000000801,0.000014117,0.000025732,-0.000016228,-0.000053142,0.002116103,0.000250058,-0.000005599,-0.000272550,-0.000342796,0.039999995
874,3.666667,-0.000272550,-0.000342796,0.239999995,1.000000000,0.000001438,-0.000000838,0.000014119,0.000026348,-0.000015778,-0.000053285,0.002111604,0.000262301,-0.000005516,-0.000272550,-0.000342796,0.039999995
875,3.670833,-0.000272551,-0.000342796,0.239999995,1.000000000,0.000001483,-0.000000867,0.000014122,0.000026308,-0.000015777,-0.000053288,0.002111486,0.000261445,-0.000005569,-0.000272551,-0.000342796,0.039999995
876,3.675000,-0.000272549,-0.000342798,0.239999995,1.000000000,0.000001509,-0.000000718,0.000014076,0.000026618,-0.000015691,-0.000053374,0.002112149,0.000268643,-0.000005378,-0.000272549,-0.000342798,0.039999995
877,3.679167,-0.000272549,-0.000342796,0.239999995,1.000000000,0.000001465,-0.000000850,0.000014102,0.000026312,-0.000015603,-0.000053313,0.002108370,0.000260715,-0.000005802,-0.000272549,-0.000342796,0.039999995
878,3.683333,-0.000272548,-0.000342796,0.239999995,1.000000000,0.000001512,-0.000000879,0.000014117,0.000026492,-0.000015678,-0.000053334,0.002110778,0.000265479,-0.000005511,-0.000272548,-0.000342796,0.039999995
879,3.687500,-0.000272552,-0.000342796,0.239999995,1.000000000,0.000001390,-0.000000805,0.000014107,0.000025733,-0.000016101,-0.000053197,0.002115258,0.000248910,-0.000005801,-0.000272552,-0.000342796,0.039999995
880,3.691667,-0.000272550,-0.000342797,0.239999995,1.000000000,0.000001300,-0.000000714,0.000014111,0.000026690,-0.000015594,-0.000053355,0.002109930,0.000269788,-0.000005383,-0.000272550,-0.000342797,0.039999995
881,3.695833,-0.000272550,-0.000342795,0.239999995,0.999999940,0.000001347,-0.000000746,0.000014111,0.000026443,-0.000015505,-0.000053233,0.002104339,0.000263688,-0.000005663,-0.000272550,-0.000342795,0.039999995
882,3.700000,-0.000272550,-0.000342793,0.239999995,0.999999940,0.000001249,-0.000000660,0.000014101,0.000026610,-0.000015435,-0.000053288,0.002104592,0.000267293,-0.000005595,-0.000272550,-0.000342793,0.039999995
883,3.704167,-0.000272550,-0.000342794,0.239999995,1.000000000,0.000001298,-0.000000703,0.000014114,0.000026337,-0.000015815,-0.000053208,0.002109869,0.000262866,-0.000005405,-0.000272550,-0.000342794,0.039999995
884,3.708333,-0.000272550,-0.000342796,0.239999995,0.999999940,0.000001485,-0.000000871,0.000014115,0.000026277,-0.000015947,-0.000053233,0.002113279,0.000261923,-0.000005349,-0.000272550,-0.000342796,0.039999995
885,3.712500,-0.000272549,-0.000342795,0.239999995,0.999999940,0.000001229,-0.000000468,0.000014081,0.000026704,-0.000015406,-0.000053384,0.002106837,0.000269047,-0.000005617,-0.000272549,-0.000342795,0.039999995
886,3.716667,-0.000272550,-0.000342796,0.239999995,0.999999940,0.000001488,-0.000000849,0.000014116,0.000026102,-0.000016017,-0.000053149,0.002111983,0.000258458,-0.000005400,-0.000272550,-0.000342796,0.039999995
887,3.720833,-0.000272550,-0.000342796,0.239999995,0.999999940,0.000001512,-0.000000899,0.000014106,0.000026295,-0.000015731,-0.000053308,0.002111138,0.000260732,-0.000005660,-0.000272550,-0.000342796,0.039999995
888,3.725000,-0.000272550,-0.000342795,0.239999995,0.999999940,0.000001391,-0.000000623,0.000014072,0.000026481,-0.000015618,-0.000053350,0.002110052,0.000264700,-0.000005609,-0.000272550,-0.000342795,0.039999995
889,3.729167,-0.000272549,-0.000342796,0.239999995,1.000000000,0.000001512,-0.000000867,0.000014110,0.000026431,-0.000015713,-0.000053286,0.002109924,0.000264472,-0.000005498,-0.000272549,-0.000342796,0.039999995
890,3.733333,-0.000272550,-0.000342795,0.239999995,1.000000000,0.000001389,-0.000000797,0.000014112,0.000026140,-0.000015791,-0.000053277,0.002111352,0.000257295,-0.000005752,-0.000272550,-0.000342795,0.039999995
891,3.737500,-0.000272551,-0.000342795,0.239999995,1.000000000,0.000001430,-0.000000835,0.000014114,0.000026336,-0.000015770,-0.000053272,0.002110915,0.000262160,-0.000005525,-0.000272551,-0.000342795,0.039999995
892,3.741667,-0.000272551,-0.000342795,0.239999995,1.000000000,0.000001475,-0.000000865,0.000014117,0.000026309,-0.000015779,-0.000053289,0.002111512,0.000261490,-0.000005569,-0.000272551,-0.000342795,0.039999995
893,3.745833,-0.000272549,-0.000342796,0.239999995,1.000000000,0.000001502,-0.000000715,0.000014071,0.000026618,-0.000015691,-0.000053373,0.002112210,0.000268559,-0.000005377,-0.000272549,-0.000342796,0.039999995
894,3.750000,-0.000272549,-0.000342795,0.239999995,1.000000000,0.000001439,-0.000000666,0.000014071,0.000026286,-0.000015693,-0.000053314,0.002110254,0.000260525,-0.000005734,-0.000272549,-0.000342795,0.039999995
895,3.754167,-0.000272550,-0.000342796,0.239999995,1.000000000,0.000001394,-0.000000811,0.000014121,0.000026264,-0.000015808,-0.000053284,0.002111797,0.000260663,-0.000005595,-0.000272550,-0.000342796,0.039999995
896,3.758333,-0.000272551,-0.000342796,0.239999995,1.000000000,0.000001434,-0.000000846,0.000014110,0.000026181,-0.000015839,-0.000053239,0.002111348,0.000258747,-0.000005600,-0.000272551,-0.000342796,0.039999995
897,3.762500,-0.000272549,-0.000342796,0.239999995,1.000000000,0.000001457,-0.000000699,0.000014076,0.000026655,-0.000015598,-0.000053364,0.002110115,0.000268995,-0.000005433,-0.000272549,-0.000342796,0.039999995
898,3.766667,-0.000272549,-0.000342797,0.239999995,1.000000000,0.000001436,-0.000000816,0.000014114,0.000026197,-0.000015916,-0.000053276,0.002113626,0.000259696,-0.000005539,-0.000272549,-0.000342797,0.039999995
899,3.770833,-0.000272550,-0.000342796,0.239999995,1.000000000,0.000001345,-0.000000716,0.000014104,0.000026388,-0.000015647,-0.000053289,0.002108942,0.000262708,-0.000005621,-0.000272550,-0.000342796,0.039999995
900,3.775000,-0.000272550,-0.000342796,0.239999995,1.000000000,0.000001361,-0.000000790,0.000014106,0.000026335,-0.000015754,-0.000053250,0.002109842,0.000262273,-0.000005522,-0.000272550,-0.000342796,0.039999995
