step,sim_time_s,px_m,py_m,pz_m,qw,qx,qy,qz,vx_mps,vy_mps,vz_mps,wx_radps,wy_radps,wz_radps,local_x_m,local_y_m,local_z_m
1,0.029167,0.000000000,0.000000000,0.395231277,1.000000000,0.000000000,0.000000000,0.000000000,0.000000000,0.000000000,-0.286125004,0.000000000,0.000000000,0.000000000,0.000000000,0.000000000,0.195231277
2,0.033333,0.000000000,0.000000000,0.393868774,1.000000000,0.000000000,0.000000000,0.000000000,0.000000000,0.000000000,-0.327000022,0.000000000,0.000000000,0.000000000,0.000000000,0.000000000,0.193868774
3,0.037500,0.000000000,0.000000000,0.392335951,1.000000000,0.000000000,0.000000000,0.000000000,0.000000000,0.000000000,-0.367875040,0.000000000,0.000000000,0.000000000,0.000000000,0.000000000,0.192335951
4,0.041667,0.000000000,0.000000000,0.390632838,1.000000000,0.000000000,0.000000000,0.000000000,0.000000000,0.000000000,-0.408750057,0.000000000,0.000000000,0.000000000,0.000000000,0.000000000,0.190632838
5,0.045833,0.000000000,0.000000000,0.388759404,1.000000000,0.000000000,0.000000000,0.000000000,0.000000000,0.000000000,-0.449625075,0.000000000,0.000000000,0.000000000,0.000000000,0.000000000,0.188759404
6,0.050000,0.000000000,0.000000000,0.386715651,1.000000000,0.000000000,0.000000000,0.000000000,0.000000000,0.000000000,-0.490500093,0.000000000,0.000000000,0.000000000,0.000000000,0.000000000,0.186715651
7,0.054167,0.000000000,0.000000000,0.384501576,1.000000000,0.000000000,0.000000000,0.000000000,0.000000000,0.000000000,-0.531375110,0.000000000,0.000000000,0.000000000,0.000000000,0.000000000,0.184501576
8,0.058333,0.000000000,0.000000000,0.382117212,1.000000000,0.000000000,0.000000000,0.000000000,0.000000000,0.000000000,-0.572250128,0.000000000,0.000000000,0.000000000,0.000000000,0.000000000,0.182117212
9,0.062500,0.000000000,0.000000000,0.379562527,1.000000000,0.000000000,0.000000000,0.000000000,0.000000000,0.000000000,-0.613125145,0.000000000,0.000000000,0.000000000,0.000000000,0.000000000,0.179562527
10,0.066667,0.000000000,0.000000000,0.376837522,1.000000000,0.000000000,0.000000000,0.000000000,0.000000000,0.000000000,-0.654000163,0.000000000,0.000000000,0.000000000,0.000000000,0.000000000,0.176837522
11,0.070833,0.000000000,0.000000000,0.373942196,1.000000000,0.000000000,0.000000000,0.000000000,0.000000000,0.000000000,-0.694875181,0.000000000,0.000000000,0.000000000,0.000000000,0.000000000,0.173942196
12,0.075000,0.000000000,0.000000000,0.370876580,1.000000000,0.000000000,0.000000000,0.000000000,0.000000000,0.000000000,-0.735750198,0.000000000,0.000000000,0.000000000,0.000000000,0.000000000,0.170876580
13,0.079167,0.000000000,0.000000000,0.367640644,1.000000000,0.000000000,0.000000000,0.000000000,0.000000000,0.000000000,-0.776625216,0.000000000,0.000000000,0.000000000,0.000000000,0.000000000,0.167640644
14,0.083333,0.000000000,0.000000000,0.364234388,1.000000000,0.000000000,0.000000000,0.000000000,0.000000000,0.000000000,-0.817500234,0.000000000,0.000000000,0.000000000,0.000000000,0.000000000,0.164234388
15,0.087500,0.000000000,0.000000000,0.360657811,1.000000000,0.000000000,0.000000000,0.000000000,0.000000000,0.000000000,-0.858375251,0.000000000,0.000000000,0.000000000,0.000000000,0.000000000,0.160657811
16,0.091667,0.000000000,0.000000000,0.356910944,1.000000000,0.000000000,0.000000000,0.000000000,0.000000000,0.000000000,-0.899250269,0.000000000,0.000000000,0.000000000,0.000000000,0.000000000,0.156910944
17,0.095833,0.000000000,0.000000000,0.352993757,1.000000000,0.000000000,0.000000000,0.000000000,0.000000000,0.000000000,-0.940125287,0.000000000,0.000000000,0.000000000,0.000000000,0.000000000,0.152993757
18,0.100000,0.000000000,0.000000000,0.348906249,1.000000000,0.000000000,0.000000000,0.000000000,0.000000000,0.000000000,-0.981000304,0.000000000,0.000000000,0.000000000,0.000000000,0.000000000,0.148906249
19,0.104167,0.000000000,0.000000000,0.344648421,1.000000000,0.000000000,0.000000000,0.000000000,0.000000000,0.000000000,-1.021875262,0.000000000,0.000000000,0.000000000,0.000000000,0.000000000,0.144648421
20,0.108333,0.000000000,0.000000000,0.340220302,1.000000000,0.000000000,0.000000000,0.000000000,0.000000000,0.000000000,-1.062750220,0.000000000,0.000000000,0.000000000,0.000000000,0.000000000,0.140220302
21,0.112500,0.000000000,0.000000000,0.335621864,1.000000000,0.000000000,0.000000000,0.000000000,0.000000000,0.000000000,-1.103625178,0.000000000,0.000000000,0.000000000,0.000000000,0.000000000,0.135621864
22,0.116667,0.000000000,0.000000000,0.330853105,1.000000000,0.000000000,0.000000000,0.000000000,0.000000000,0.000000000,-1.144500136,0.000000000,0.000000000,0.000000000,0.000000000,0.000000000,0.130853105
23,0.120833,0.000000000,0.000000000,0.325914055,1.000000000,0.000000000,0.000000000,0.000000000,0.000000000,0.000000000,-1.185375094,0.000000000,0.000000000,0.000000000,0.000000000,0.000000000,0.125914055
24,0.125000,0.000000000,0.000000000,0.320804685,1.000000000,0.000000000,0.000000000,0.000000000,0.000000000,0.000000000,-1.226250052,0.000000000,0.000000000,0.000000000,0.000000000,0.000000000,0.120804685
25,0.129167,0.000000000,0.000000000,0.315524995,1.000000000,0.000000000,0.000000000,0.000000000,0.000000000,0.000000000,-1.267125010,0.000000000,0.000000000,0.000000000,0.000000000,0.000000000,0.115524995
26,0.133333,0.000000000,0.000000000,0.310074985,1.000000000,0.000000000,0.000000000,0.000000000,0.000000000,0.000000000,-1.307999969,0.000000000,0.000000000,0.000000000,0.000000000,0.000000000,0.110074985
27,0.137500,0.000000000,0.000000000,0.304454684,1.000000000,0.000000000,0.000000000,0.000000000,0.000000000,0.000000000,-1.348874927,0.000000000,0.000000000,0.000000000,0.000000000,0.000000000,0.104454684
28,0.141667,0.000000000,0.000000000,0.298664063,1.000000000,0.000000000,0.000000000,0.000000000,0.000000000,0.000000000,-1.389749885,0.000000000,0.000000000,0.000000000,0.000000000,0.000000000,0.098664063
29,0.145833,0.000000000,0.000000000,0.292703122,1.000000000,0.000000000,0.000000000,0.000000000,0.000000000,0.000000000,-1.430624843,0.000000000,0.000000000,0.000000000,0.000000000,0.000000000,0.092703122
30,0.150000,0.000000000,0.000000000,0.286571860,1.000000000,0.000000000,0.000000000,0.000000000,0.000000000,0.000000000,-1.471499801,0.000000000,0.000000000,0.000000000,0.000000000,0.000000000,0.086571860
31,0.154167,0.000000000,0.000000000,0.280270308,1.000000000,0.000000000,0.000000000,0.000000000,0.000000000,0.000000000,-1.512374759,0.000000000,0.000000000,0.000000000,0.000000000,0.000000000,0.080270308
32,0.158333,0.000000000,0.000000000,0.273798436,1.000000000,0.000000000,0.000000000,0.000000000,0.000000000,0.000000000,-1.553249717,0.000000000,0.000000000,0.000000000,0.000000000,0.000000000,0.073798436
33,0.162500,0.000000000,0.000000000,0.267156243,1.000000000,0.000000000,0.000000000,0.000000000,0.000000000,0.000000000,-1.594124675,0.000000000,0.000000000,0.000000000,0.000000000,0.000000000,0.067156243
34,0.166667,0.000000000,0.000000000,0.260343730,1.000000000,0.000000000,0.000000000,0.000000000,0.000000000,0.000000000,-1.634999633,0.000000000,0.000000000,0.000000000,0.000000000,0.000000000,0.060343730
35,0.170833,0.000000000,0.000000000,0.253360927,1.000000000,0.000000000,0.000000000,0.000000000,0.000000000,0.000000000,-1.675874591,0.000000000,0.000000000,0.000000000,0.000000000,0.000000000,0.053360927
36,0.175000,0.000000000,0.000000000,0.246207803,1.000000000,0.000000000,0.000000000,0.000000000,0.000000000,0.000000000,-1.716749549,0.000000000,0.000000000,0.000000000,0.000000000,0.000000000,0.046207803
37,0.179167,0.000000000,0.000000000,0.238884374,1.000000000,0.000000000,0.000000000,0.000000000,0.000000000,0.000000000,-1.757624507,0.000000000,0.000000000,0.000000000,0.000000000,0.000000000,0.038884374
38,0.183333,0.000000000,0.000000000,0.231390625,1.000000000,0.000000000,0.000000000,0.000000000,0.000000000,0.000000000,-1.798499465,0.000000000,0.000000000,0.000000000,0.000000000,0.000000000,0.031390625
39,0.187500,0.000000000,0.000000000,0.223726571,1.000000000,0.000000000,0.000000000,0.000000000,0.000000000,0.000000000,-1.839374423,0.000000000,0.000000000,0.000000000,0.000000000,0.000000000,0.023726571
40,0.191667,-0.000002643,-0.000003554,0.223000079,1.000000000,0.000033642,-0.000022964,0.000000609,-0.003104496,-0.002390079,-0.002149701,0.116142102,-0.083343178,-0.002862522,-0.000002643,-0.000003554,0.023000079
41,0.195833,-0.000000371,-0.000000465,0.222999945,1.000000000,0.000005514,-0.000003588,0.000000016,0.000750879,0.000550869,-0.000243092,-0.002793528,0.013832298,0.000027833,-0.000000371,-0.000000465,0.022999945
42,0.200000,-0.000000038,-0.000000085,0.222999990,1.000000000,0.000001248,-0.000000402,0.000000025,0.000072809,0.000073218,-0.000051175,0.000041126,0.001172471,-0.000051096,-0.000000038,-0.000000085,0.022999990
43,0.204167,-0.000000069,-0.000000087,0.222999990,1.000000000,0.000001013,-0.000000392,-0.000000017,0.000018563,-0.000019999,-0.000049510,0.002075091,0.000115445,-0.000006164,-0.000000069,-0.000000087,0.022999990
44,0.208333,-0.000000074,-0.000000094,0.222999990,1.000000000,0.000001481,-0.000000822,0.000000013,0.000025795,-0.000016966,-0.000053101,0.002132449,0.000253605,-0.000004611,-0.000000074,-0.000000094,0.022999990
45,0.212500,-0.000000074,-0.000000096,0.222999990,1.000000000,0.000001510,-0.000000877,0.000000017,0.000026253,-0.000015981,-0.000053331,0.002116934,0.000260940,-0.000005453,-0.000000074,-0.000000096,0.022999990
46,0.216667,-0.000000072,-0.000000095,0.222999990,1.000000000,0.000001368,-0.000000633,-0.000000029,0.000026682,-0.000015506,-0.000053399,0.002109169,0.000269042,-0.000005548,-0.000000072,-0.000000095,0.022999990
47,0.220833,-0.000000072,-0.000000094,0.222999990,0.999999940,0.000001485,-0.000000874,0.000000008,0.000026360,-0.000015649,-0.000053258,0.002107827,0.000262404,-0.000005636,-0.000000072,-0.000000094,0.022999990
48,0.225000,-0.000000071,-0.000000093,0.222999990,0.999999940,0.000001229,-0.000000471,-0.000000026,0.000026710,-0.000015418,-0.000053378,0.002106897,0.000269271,-0.000005597,-0.000000071,-0.000000093,0.022999990
49,0.229167,-0.000000071,-0.000000093,0.222999990,0.999999940,0.000001486,-0.000000849,0.000000021,0.000026377,-0.000015707,-0.000053201,0.002107365,0.000263455,-0.000005491,-0.000000071,-0.000000093,0.022999990
50,0.233333,-0.000000072,-0.000000093,0.222999990,0.999999940,0.000001363,-0.000000784,0.000000012,0.000026117,-0.000015899,-0.000053269,0.002113275,0.000257363,-0.000005645,-0.000000072,-0.000000093,0.022999990
51,0.237500,-0.000000071,-0.000000094,0.222999990,0.999999940,0.000001294,-0.000000671,0.000000015,0.000026522,-0.000015748,-0.000053298,0.002111325,0.000266681,-0.000005356,-0.000000071,-0.000000094,0.022999990
52,0.241667,-0.000000072,-0.000000095,0.222999990,1.000000000,0.000001344,-0.000000707,0.000000015,0.000026144,-0.000015942,-0.000053185,0.002111806,0.000258689,-0.000005475,-0.000000072,-0.000000095,0.022999990
53,0.245833,-0.000000073,-0.000000094,0.222999990,1.000000000,0.000001357,-0.000000778,0.000000016,0.000026261,-0.000015715,-0.000053231,0.002108599,0.000260075,-0.000005643,-0.000000073,-0.000000094,0.022999990
54,0.250000,-0.000000073,-0.000000095,0.222999990,1.000000000,0.000001288,-0.000000665,0.000000018,0.000026534,-0.000015732,-0.000053295,0.002110883,0.000266909,-0.000005357,-0.000000073,-0.000000095,0.022999990
55,0.254167,-0.000000073,-0.000000094,0.222999990,0.999999940,0.000001335,-0.000000702,0.000000007,0.000026439,-0.000015600,-0.000053231,0.002106281,0.000264077,-0.000005557,-0.000000073,-0.000000094,0.022999990
56,0.258333,-0.000000072,-0.000000093,0.222999990,1.000000000,0.000001364,-0.000000759,0.000000009,0.000026579,-0.000015539,-0.000053291,0.002106766,0.000267072,-0.000005524,-0.000000072,-0.000000093,0.022999990
57,0.262500,-0.000000071,-0.000000093,0.222999990,1.000000000,0.000001272,-0.000000671,0.000000023,0.000026526,-0.000015648,-0.000053296,0.002109116,0.000266308,-0.000005470,-0.000000071,-0.000000093,0.022999990
58,0.266667,-0.000000073,-0.000000094,0.222999990,0.999999940,0.000001322,-0.000000705,0.000000011,0.000026011,-0.000016003,-0.000053152,0.002112103,0.000255725,-0.000005530,-0.000000073,-0.000000094,0.022999990
59,0.270833,-0.000000072,-0.000000094,0.222999990,1.000000000,0.000001376,-0.000000739,0.000000014,0.000026739,-0.000015549,-0.000053330,0.002108269,0.000270911,-0.000005356,-0.000000072,-0.000000094,0.022999990
60,0.275000,-0.000000074,-0.000000095,0.222999990,1.000000000,0.000001393,-0.000000803,0.000000014,0.000025762,-0.000016146,-0.000053143,0.002114518,0.000250330,-0.000005662,-0.000000074,-0.000000095,0.022999990
61,0.279167,-0.000000074,-0.000000094,0.222999990,1.000000000,0.000001301,-0.000000709,0.000000016,0.000026608,-0.000015549,-0.000053328,0.002108263,0.000267486,-0.000005514,-0.000000074,-0.000000094,0.022999990
62,0.283333,-0.000000073,-0.000000095,0.222999990,0.999999940,0.000001354,-0.000000747,0.000000018,0.000026529,-0.000015713,-0.000053272,0.002109692,0.000266945,-0.000005361,-0.000000073,-0.000000095,0.022999990
63,0.287500,-0.000000072,-0.000000093,0.222999990,0.999999940,0.000001256,-0.000000660,0.000000009,0.000026610,-0.000015438,-0.000053292,0.002104843,0.000267216,-0.000005603,-0.000000072,-0.000000093,0.022999990
64,0.291667,-0.000000071,-0.000000093,0.222999990,1.000000000,0.000001304,-0.000000705,-0.000000002,0.000026560,-0.000015624,-0.000053248,0.002107249,0.000267273,-0.000005399,-0.000000071,-0.000000093,0.022999990
65,0.295833,-0.000000073,-0.000000094,0.222999990,0.999999940,0.000001355,-0.000000735,0.000000009,0.000025998,-0.000016010,-0.000053161,0.002112407,0.000255435,-0.000005549,-0.000000073,-0.000000094,0.022999990
66,0.300000,-0.000000073,-0.000000093,0.222999990,0.999999940,0.000001257,-0.000000647,-0.000000000,0.000026629,-0.000015453,-0.000053302,0.002105578,0.000267602,-0.000005573,-0.000000073,-0.000000093,0.022999990
67,0.304167,-0.000000071,-0.000000093,0.222999990,1.000000000,0.000001305,-0.000000694,0.000000025,0.000026746,-0.000015511,-0.000053287,0.002106147,0.000271246,-0.000005350,-0.000000071,-0.000000093,0.022999990
68,0.308333,-0.000000072,-0.000000094,0.222999990,0.999999940,0.000001357,-0.000000727,0.000000002,0.000026145,-0.000015931,-0.000053191,0.002111662,0.000258675,-0.000005488,-0.000000072,-0.000000094,0.022999990
69,0.312500,-0.000000072,-0.000000094,0.222999990,0.999999940,0.000001375,-0.000000799,0.000000016,0.000026512,-0.000015679,-0.000053303,0.002110008,0.000266050,-0.000005460,-0.000000072,-0.000000094,0.022999990
70,0.316667,-0.000000072,-0.000000094,0.222999990,0.999999940,0.000001305,-0.000000679,0.000000018,0.000026372,-0.000015730,-0.000053264,0.002109844,0.000262918,-0.000005525,-0.000000072,-0.000000094,0.022999990
71,0.320833,-0.000000073,-0.000000094,0.222999990,1.000000000,0.000001355,-0.000000711,0.000000006,0.000026206,-0.000015829,-0.000053200,0.002109983,0.000259487,-0.000005543,-0.000000073,-0.000000094,0.022999990
72,0.325000,-0.000000073,-0.000000095,0.222999990,1.000000000,0.000001372,-0.000000785,0.000000020,0.000026322,-0.000015857,-0.000053256,0.002112197,0.000262389,-0.000005435,-0.000000073,-0.000000095,0.022999990
73,0.329167,-0.000000073,-0.000000094,0.222999990,1.000000000,0.000001278,-0.000000693,0.000000010,0.000026408,-0.000015637,-0.000053271,0.002108183,0.000263257,-0.000005595,-0.000000073,-0.000000094,0.022999990
74,0.333333,-0.000000074,-0.000000095,0.222999990,0.999999940,0.000001328,-0.000000729,0.000000010,0.000026165,-0.000015934,-0.000053185,0.002111668,0.000259155,-0.000005458,-0.000000074,-0.000000095,0.022999990
75,0.337500,-0.000000072,-0.000000093,0.222999990,1.000000000,0.000001378,-0.000000765,0.000000025,0.000026971,-0.000015254,-0.000053364,0.002103322,0.000275047,-0.000005452,-0.000000072,-0.000000093,0.022999990
76,0.341667,-0.000000072,-0.000000094,0.222999990,1.000000000,0.000001420,-0.000000808,0.000000015,0.000026299,-0.000015839,-0.000053250,0.002111441,0.000261885,-0.000005471,-0.000000072,-0.000000094,0.022999990
77,0.345833,-0.000000072,-0.000000093,0.222999990,1.000000000,0.000001329,-0.000000708,0.000000005,0.000026390,-0.000015654,-0.000053287,0.002109047,0.000262792,-0.000005616,-0.000000072,-0.000000093,0.022999990
78,0.350000,-0.000000071,-0.000000095,0.222999990,1.000000000,0.000001235,-0.000000628,0.000000008,0.000026488,-0.000015764,-0.000053277,0.002110933,0.000266049,-0.000005358,-0.000000071,-0.000000095,0.022999990
79,0.354167,-0.000000073,-0.000000093,0.222999990,0.999999940,0.000001277,-0.000000667,-0.000000005,0.000026119,-0.000015771,-0.000053141,0.002107104,0.000257200,-0.000005655,-0.000000073,-0.000000093,0.022999990
80,0.358333,-0.000000073,-0.000000094,0.222999990,1.000000000,0.000001327,-0.000000707,0.000000008,0.000026565,-0.000015644,-0.000053265,0.002108286,0.000267291,-0.000005392,-0.000000073,-0.000000094,0.022999990
81,0.362500,-0.000000072,-0.000000095,0.222999990,1.000000000,0.000001233,-0.000000627,0.000000011,0.000026480,-0.000015758,-0.000053276,0.002110691,0.000265933,-0.000005372,-0.000000072,-0.000000095,0.022999990
82,0.366667,-0.000000072,-0.000000094,0.222999990,0.999999940,0.000001276,-0.000000672,-0.000000001,0.000026460,-0.000015586,-0.000053214,0.002105527,0.000264598,-0.000005528,-0.000000072,-0.000000094,0.022999990
83,0.370833,-0.000000072,-0.000000094,0.222999990,1.000000000,0.000001326,-0.000000712,0.000000012,0.000026552,-0.000015634,-0.000053261,0.002107814,0.000267092,-0.000005414,-0.000000072,-0.000000094,0.022999990
84,0.375000,-0.000000073,-0.000000095,0.222999990,1.000000000,0.000001362,-0.000000757,0.000000000,0.000025990,-0.000016018,-0.000053169,0.002112851,0.000255175,-0.000005555,-0.000000073,-0.000000095,0.022999990
85,0.379167,-0.000000073,-0.000000093,0.222999990,1.000000000,0.000001267,-0.000000666,0.000000014,0.000026634,-0.000015446,-0.000053313,0.002105743,0.000267608,-0.000005590,-0.000000073,-0.000000093,0.022999990
86,0.383333,-0.000000073,-0.000000094,0.222999990,0.999999940,0.000001317,-0.000000705,0.000000003,0.000026349,-0.000015817,-0.000053221,0.002110282,0.000263159,-0.000005403,-0.000000073,-0.000000094,0.022999990
87,0.387500,-0.000000073,-0.000000095,0.222999990,1.000000000,0.000001370,-0.000000740,0.000000016,0.000026330,-0.000015843,-0.000053236,0.002111326,0.000262649,-0.000005418,-0.000000073,-0.000000095,0.022999990
88,0.391667,-0.000000074,-0.000000094,0.222999990,1.000000000,0.000001385,-0.000000806,0.000000017,0.000026205,-0.000015755,-0.000053229,0.002109306,0.000258926,-0.000005665,-0.000000074,-0.000000094,0.022999990
89,0.395833,-0.000000073,-0.000000093,0.222999990,1.000000000,0.000001314,-0.000000690,0.000000008,0.000026766,-0.000015451,-0.000053342,0.002106648,0.000271018,-0.000005447,-0.000000073,-0.000000093,0.022999990
90,0.400000,-0.000000073,-0.000000094,0.222999990,0.999999940,0.000001366,-0.000000726,0.000000021,0.000026332,-0.000015819,-0.000053228,0.002110479,0.000262717,-0.000005435,-0.000000073,-0.000000094,0.022999990
91,0.404167,-0.000000073,-0.000000092,0.222999990,0.999999940,0.000001245,-0.000000660,0.000000011,0.000026470,-0.000015442,-0.000053269,0.002104191,0.000263754,-0.000005743,-0.000000073,-0.000000092,0.022999990
92,0.408333,-0.000000072,-0.000000093,0.222999990,1.000000000,0.000001294,-0.000000705,0.000000012,0.000026540,-0.000015719,-0.000053249,0.002109186,0.000267307,-0.000005317,-0.000000072,-0.000000093,0.022999990
93,0.412500,-0.000000072,-0.000000094,0.222999990,0.999999940,0.000001347,-0.000000740,0.000000025,0.000026339,-0.000015823,-0.000053235,0.002110862,0.000262819,-0.000005429,-0.000000072,-0.000000094,0.022999990
94,0.416667,-0.000000072,-0.000000094,0.222999990,0.999999940,0.000001253,-0.000000655,0.000000016,0.000026528,-0.000015659,-0.000053293,0.002109275,0.000266434,-0.000005445,-0.000000072,-0.000000094,0.022999990
95,0.420833,-0.000000071,-0.000000094,0.222999990,1.000000000,0.000001301,-0.000000699,0.000000006,0.000026560,-0.000015623,-0.000053253,0.002107360,0.000267256,-0.000005404,-0.000000071,-0.000000094,0.022999990
96,0.425000,-0.000000073,-0.000000095,0.222999990,0.999999940,0.000001352,-0.000000729,0.000000017,0.000025998,-0.000016010,-0.000053160,0.002112439,0.000255435,-0.000005551,-0.000000073,-0.000000095,0.022999990
97,0.429167,-0.000000072,-0.000000093,0.222999990,0.999999940,0.000001255,-0.000000642,0.000000007,0.000026629,-0.000015452,-0.000053303,0.002105491,0.000267643,-0.000005571,-0.000000072,-0.000000093,0.022999990
98,0.433333,-0.000000072,-0.000000093,0.222999990,1.000000000,0.000001302,-0.000000686,-0.000000003,0.000026558,-0.000015623,-0.000053248,0.002107154,0.000267292,-0.000005401,-0.000000072,-0.000000093,0.022999990
99,0.437500,-0.000000074,-0.000000094,0.222999990,0.999999940,0.000001354,-0.000000717,0.000000008,0.000025998,-0.000016011,-0.000053160,0.002112482,0.000255384,-0.000005551,-0.000000074,-0.000000094,0.022999990
100,0.441667,-0.000000072,-0.000000094,0.222999990,1.000000000,0.000001519,-0.000000909,0.000000010,0.000026678,-0.000015601,-0.000053331,0.002109290,0.000269707,-0.000005371,-0.000000072,-0.000000094,0.022999990
101,0.445833,-0.000000072,-0.000000093,0.222999990,1.000000000,0.000001418,-0.000000813,0.000000002,0.000026338,-0.000015675,-0.000053316,0.002110090,0.000261589,-0.000005685,-0.000000072,-0.000000093,0.022999990
102,0.450000,-0.000000072,-0.000000094,0.222999990,1.000000000,0.000001464,-0.000000848,-0.000000007,0.000026301,-0.000015872,-0.000053280,0.002113193,0.000261839,-0.000005464,-0.000000072,-0.000000094,0.022999990
103,0.454167,-0.000000072,-0.000000094,0.222999990,1.000000000,0.000001377,-0.000000743,0.000000020,0.000026558,-0.000015557,-0.000053345,0.002108755,0.000266328,-0.000005591,-0.000000072,-0.000000094,0.022999990
104,0.458333,-0.000000074,-0.000000094,0.222999990,1.000000000,0.000001394,-0.000000805,0.000000020,0.000025975,-0.000015960,-0.000053192,0.002112291,0.000254376,-0.000005669,-0.000000074,-0.000000094,0.022999990
105,0.462500,-0.000000073,-0.000000095,0.222999990,1.000000000,0.000001438,-0.000000845,0.000000024,0.000026512,-0.000015761,-0.000053320,0.002112224,0.000266366,-0.000005376,-0.000000073,-0.000000095,0.022999990
106,0.466667,-0.000000074,-0.000000093,0.222999990,1.000000000,0.000001347,-0.000000738,0.000000013,0.000026246,-0.000015640,-0.000053258,0.002107859,0.000259154,-0.000005778,-0.000000074,-0.000000093,0.022999990
107,0.470833,-0.000000072,-0.000000094,0.222999990,1.000000000,0.000001256,-0.000000657,0.000000029,0.000026674,-0.000015666,-0.000053326,0.002110443,0.000270027,-0.000005297,-0.000000072,-0.000000094,0.022999990
108,0.475000,-0.000000072,-0.000000095,0.222999990,0.999999940,0.000001305,-0.000000699,-0.000000006,0.000026356,-0.000015805,-0.000053217,0.002109908,0.000263290,-0.000005400,-0.000000072,-0.000000095,0.022999990
109,0.479167,-0.000000072,-0.000000093,0.222999990,1.000000000,0.000001352,-0.000000734,0.000000030,0.000026632,-0.000015426,-0.000053276,0.002104179,0.000267754,-0.000005581,-0.000000072,-0.000000093,0.022999990
110,0.483333,-0.000000071,-0.000000094,0.222999990,1.000000000,0.000001260,-0.000000650,0.000000010,0.000026472,-0.000015767,-0.000053280,0.002110990,0.000265727,-0.000005372,-0.000000071,-0.000000094,0.022999990
111,0.487500,-0.000000073,-0.000000093,0.222999990,0.999999940,0.000001304,-0.000000686,0.000000020,0.000026109,-0.000015779,-0.000053149,0.002107496,0.000256905,-0.000005670,-0.000000073,-0.000000093,0.022999990
112,0.491667,-0.000000072,-0.000000093,0.222999990,1.000000000,0.000001355,-0.000000722,0.000000010,0.000026557,-0.000015652,-0.000053276,0.002108731,0.000267123,-0.000005397,-0.000000072,-0.000000093,0.022999990
113,0.495833,-0.000000073,-0.000000093,0.222999990,1.000000000,0.000001372,-0.000000792,0.000000012,0.000026365,-0.000015727,-0.000053265,0.002109703,0.000262810,-0.000005539,-0.000000073,-0.000000093,0.022999990
114,0.500000,-0.000000073,-0.000000095,0.222999990,1.000000000,0.000001304,-0.000000678,0.000000014,0.000026275,-0.000015965,-0.000053250,0.002114194,0.000261842,-0.000005355,-0.000000073,-0.000000095,0.022999990
115,0.504167,-0.000000072,-0.000000094,0.222999990,0.999999940,0.000001354,-0.000000713,0.000000015,0.000026627,-0.000015502,-0.000053287,0.002106055,0.000268017,-0.000005502,-0.000000072,-0.000000094,0.022999990
116,0.508333,-0.000000071,-0.000000093,0.222999990,1.000000000,0.000001382,-0.000000769,0.000000005,0.000026597,-0.000015444,-0.000053288,0.002104619,0.000267088,-0.000005604,-0.000000071,-0.000000093,0.022999990
117,0.512500,-0.000000073,-0.000000094,0.222999990,1.000000000,0.000001424,-0.000000808,0.000000006,0.000025946,-0.000016125,-0.000053184,0.002115409,0.000254639,-0.000005504,-0.000000073,-0.000000094,0.022999990
118,0.516667,-0.000000072,-0.000000094,0.222999990,1.000000000,0.000001334,-0.000000710,0.000000009,0.000026552,-0.000015588,-0.000053329,0.002109010,0.000266305,-0.000005540,-0.000000072,-0.000000094,0.022999990
119,0.520833,-0.000000072,-0.000000095,0.222999990,1.000000000,0.000001240,-0.000000630,0.000000012,0.000026482,-0.000015759,-0.000053275,0.002110693,0.000265987,-0.000005369,-0.000000072,-0.000000095,0.022999990
120,0.525000,-0.000000072,-0.000000094,0.222999990,0.999999940,0.000001283,-0.000000675,-0.000000000,0.000026460,-0.000015586,-0.000053215,0.002105532,0.000264637,-0.000005531,-0.000000072,-0.000000094,0.022999990
121,0.529167,-0.000000071,-0.000000094,0.222999990,1.000000000,0.000001333,-0.000000715,0.000000013,0.000026553,-0.000015635,-0.000053259,0.002107844,0.000267033,-0.000005412,-0.000000071,-0.000000094,0.022999990
122,0.533333,-0.000000073,-0.000000095,0.222999990,1.000000000,0.000001369,-0.000000760,0.000000001,0.000025990,-0.000016018,-0.000053169,0.002112901,0.000255148,-0.000005555,-0.000000073,-0.000000095,0.022999990
123,0.537500,-0.000000073,-0.000000093,0.222999990,1.000000000,0.000001274,-0.000000669,0.000000015,0.000026634,-0.000015445,-0.000053313,0.002105698,0.000267647,-0.000005590,-0.000000073,-0.000000093,0.022999990
124,0.541667,-0.000000073,-0.000000094,0.222999990,0.999999940,0.000001324,-0.000000708,0.000000004,0.000026349,-0.000015817,-0.000053221,0.002110304,0.000263102,-0.000005403,-0.000000073,-0.000000094,0.022999990
125,0.545833,-0.000000072,-0.000000094,0.222999990,1.000000000,0.000001377,-0.000000741,0.000000018,0.000026536,-0.000015650,-0.000053284,0.002108794,0.000266616,-0.000005440,-0.000000072,-0.000000094,0.022999990
126,0.550000,-0.000000073,-0.000000093,0.222999990,1.000000000,0.000001392,-0.000000808,0.000000019,0.000026199,-0.000015750,-0.000053223,0.002108982,0.000258836,-0.000005672,-0.000000073,-0.000000093,0.022999990
127,0.554167,-0.000000074,-0.000000093,0.222999990,1.000000000,0.000001433,-0.000000843,0.000000008,0.000026190,-0.000015852,-0.000053239,0.002111628,0.000258992,-0.000005579,-0.000000074,-0.000000093,0.022999990
128,0.558333,-0.000000073,-0.000000094,0.222999990,1.000000000,0.000001456,-0.000000697,-0.000000015,0.000026635,-0.000015696,-0.000053366,0.002112220,0.000269003,-0.000005353,-0.000000073,-0.000000094,0.022999990
129,0.562500,-0.000000073,-0.000000094,0.222999990,1.000000000,0.000001433,-0.000000813,0.000000012,0.000026307,-0.000015761,-0.000053290,0.002111037,0.000261472,-0.000005605,-0.000000073,-0.000000094,0.022999990
130,0.566667,-0.000000073,-0.000000094,0.222999990,1.000000000,0.000001476,-0.000000847,0.000000014,0.000026365,-0.000015744,-0.000053288,0.002110829,0.000262711,-0.000005542,-0.000000073,-0.000000094,0.022999990
131,0.570833,-0.000000074,-0.000000093,0.222999990,1.000000000,0.000001498,-0.000000894,0.000000004,0.000026222,-0.000015668,-0.000053277,0.002108877,0.000258668,-0.000005794,-0.000000074,-0.000000093,0.022999990
132,0.575000,-0.000000072,-0.000000094,0.222999990,1.000000000,0.000001377,-0.000000627,-0.000000018,0.000026617,-0.000015713,-0.000053380,0.002112918,0.000268638,-0.000005372,-0.000000072,-0.000000094,0.022999990
133,0.579167,-0.000000072,-0.000000095,0.222999990,0.999999940,0.000001499,-0.000000870,0.000000019,0.000026272,-0.000015864,-0.000053260,0.002112188,0.000261331,-0.000005496,-0.000000072,-0.000000095,0.022999990
134,0.583333,-0.000000073,-0.000000092,0.222999990,0.999999940,0.000001372,-0.000000800,0.000000011,0.000026415,-0.000015491,-0.000053324,0.002106786,0.000262307,-0.000005815,-0.000000073,-0.000000092,0.022999990
135,0.587500,-0.000000071,-0.000000092,0.222999990,0.999999940,0.000001303,-0.000000685,0.000000014,0.000026720,-0.000015551,-0.000053335,0.002108282,0.000270574,-0.000005381,-0.000000071,-0.000000092,0.022999990
136,0.591667,-0.000000072,-0.000000092,0.222999990,1.000000000,0.000001353,-0.000000717,0.000000002,0.000026193,-0.000015819,-0.000053193,0.002109571,0.000259191,-0.000005564,-0.000000072,-0.000000092,0.022999990
137,0.595833,-0.000000072,-0.000000093,0.222999990,1.000000000,0.000001370,-0.000000792,0.000000016,0.000026322,-0.000015858,-0.000053256,0.002112215,0.000262351,-0.000005433,-0.000000072,-0.000000093,0.022999990
138,0.600000,-0.000000072,-0.000000095,0.222999990,1.000000000,0.000001303,-0.000000677,0.000000018,0.000026275,-0.000015965,-0.000053253,0.002114253,0.000261824,-0.000005359,-0.000000072,-0.000000095,0.022999990
139,0.604167,-0.000000072,-0.000000094,0.222999990,0.999999940,0.000001352,-0.000000713,0.000000020,0.000026627,-0.000015502,-0.000053287,0.002106031,0.000268004,-0.000005501,-0.000000072,-0.000000094,0.022999990
140,0.608333,-0.000000073,-0.000000093,0.222999990,1.000000000,0.000001379,-0.000000764,0.000000008,0.000026256,-0.000015630,-0.000053213,0.002106293,0.000259574,-0.000005729,-0.000000073,-0.000000093,0.022999990
141,0.612500,-0.000000073,-0.000000094,0.222999990,1.000000000,0.000001421,-0.000000806,-0.000000002,0.000026325,-0.000015859,-0.000053262,0.002112431,0.000262392,-0.000005428,-0.000000073,-0.000000094,0.022999990
142,0.616667,-0.000000072,-0.000000095,0.222999990,1.000000000,0.000001466,-0.000000844,0.000000025,0.000026488,-0.000015757,-0.000053323,0.002112149,0.000265813,-0.000005421,-0.000000072,-0.000000095,0.022999990
143,0.620833,-0.000000072,-0.000000094,0.222999990,1.000000000,0.000001511,-0.000000869,0.000000016,0.000026364,-0.000015664,-0.000053302,0.002109599,0.000262121,-0.000005652,-0.000000072,-0.000000094,0.022999990
144,0.625000,-0.000000072,-0.000000095,0.222999990,1.000000000,0.000001370,-0.000000622,-0.000000030,0.000026251,-0.000015908,-0.000053314,0.002114814,0.000260615,-0.000005518,-0.000000072,-0.000000095,0.022999990
145,0.629167,-0.000000073,-0.000000094,0.222999990,0.999999940,0.000001488,-0.000000862,0.000000006,0.000026374,-0.000015659,-0.000053269,0.002108498,0.000262602,-0.000005621,-0.000000073,-0.000000094,0.022999990
146,0.633333,-0.000000072,-0.000000095,0.222999990,0.999999940,0.000001514,-0.000000710,-0.000000029,0.000026415,-0.000015826,-0.000053327,0.002113596,0.000264306,-0.000005429,-0.000000072,-0.000000095,0.022999990
147,0.637500,-0.000000070,-0.000000094,0.222999990,0.999999940,0.000001451,-0.000000664,-0.000000016,0.000026687,-0.000015410,-0.000053394,0.002106939,0.000268859,-0.000005665,-0.000000070,-0.000000094,0.022999990
148,0.641667,-0.000000071,-0.000000094,0.222999990,0.999999940,0.000001404,-0.000000807,0.000000021,0.000026090,-0.000015896,-0.000053241,0.002112197,0.000256983,-0.000005662,-0.000000071,-0.000000094,0.022999990
149,0.645833,-0.000000073,-0.000000094,0.222999990,0.999999940,0.000001445,-0.000000842,0.000000011,0.000026176,-0.000015869,-0.000053240,0.002112029,0.000258702,-0.000005575,-0.000000073,-0.000000094,0.022999990
150,0.650000,-0.000000072,-0.000000094,0.222999990,0.999999940,0.000001491,-0.000000874,0.000000002,0.000026495,-0.000015696,-0.000053330,0.002111126,0.000265546,-0.000005481,-0.000000072,-0.000000094,0.022999990
151,0.654167,-0.000000070,-0.000000095,0.222999990,0.999999940,0.000001371,-0.000000607,-0.000000020,0.000026589,-0.000015717,-0.000053376,0.002112814,0.000267977,-0.000005396,-0.000000070,-0.000000095,0.022999990
152,0.658333,-0.000000072,-0.000000093,0.222999990,1.000000000,0.000001485,-0.000000848,0.000000016,0.000026229,-0.000015641,-0.000053216,0.002106546,0.000259018,-0.000005763,-0.000000072,-0.000000093,0.022999990
153,0.662500,-0.000000074,-0.000000094,0.222999990,1.000000000,0.000001362,-0.000000779,0.000000017,0.000025774,-0.000016166,-0.000053199,0.002116650,0.000250300,-0.000005685,-0.000000074,-0.000000094,0.022999990
154,0.666667,-0.000000073,-0.000000093,0.222999990,1.000000000,0.000001269,-0.000000691,0.000000009,0.000026769,-0.000015466,-0.000053353,0.002107346,0.000271009,-0.000005437,-0.000000073,-0.000000093,0.022999990
155,0.670833,-0.000000073,-0.000000094,0.222999990,0.999999940,0.000001340,-0.000000705,0.000000021,0.000026363,-0.000015797,-0.000053212,0.002109554,0.000263435,-0.000005404,-0.000000073,-0.000000094,0.022999990
156,0.675000,-0.000000072,-0.000000093,0.222999990,1.000000000,0.000001369,-0.000000761,0.000000011,0.000026605,-0.000015449,-0.000053295,0.002105039,0.000267224,-0.000005597,-0.000000072,-0.000000093,0.022999990
157,0.679167,-0.000000072,-0.000000094,0.222999990,1.000000000,0.000001410,-0.000000804,0.000000001,0.000026312,-0.000015849,-0.000053256,0.002111933,0.000262179,-0.000005450,-0.000000072,-0.000000094,0.022999990
158,0.683333,-0.000000072,-0.000000094,0.222999990,1.000000000,0.000001454,-0.000000840,0.000000016,0.000026514,-0.000015668,-0.000053323,0.002110292,0.000265951,-0.000005488,-0.000000072,-0.000000094,0.022999990
159,0.687500,-0.000000074,-0.000000096,0.222999990,1.000000000,0.000001502,-0.000000867,0.000000017,0.000025878,-0.000016184,-0.000053209,0.002117304,0.000253094,-0.000005545,-0.000000074,-0.000000096,0.022999990
160,0.691667,-0.000000072,-0.000000095,0.222999990,1.000000000,0.000001359,-0.000000622,-0.000000028,0.000026695,-0.000015516,-0.000053406,0.002109742,0.000269262,-0.000005527,-0.000000072,-0.000000095,0.022999990
161,0.695833,-0.000000072,-0.000000094,0.222999990,0.999999940,0.000001477,-0.000000863,0.000000009,0.000026359,-0.000015649,-0.000053257,0.002107819,0.000262328,-0.000005638,-0.000000072,-0.000000094,0.022999990
162,0.700000,-0.000000072,-0.000000093,0.222999990,0.999999940,0.000001388,-0.000000757,0.000000023,0.000026568,-0.000015484,-0.000053336,0.002106935,0.000266230,-0.000005650,-0.000000072,-0.000000093,0.022999990
163,0.704167,-0.000000073,-0.000000093,0.222999990,0.999999940,0.000001406,-0.000000821,0.000000013,0.000026151,-0.000015864,-0.000053227,0.002111383,0.000258240,-0.000005602,-0.000000073,-0.000000093,0.022999990
164,0.708333,-0.000000072,-0.000000092,0.222999990,0.999999940,0.000001316,-0.000000724,0.000000016,0.000026530,-0.000015600,-0.000053319,0.002108888,0.000265946,-0.000005544,-0.000000072,-0.000000092,0.022999990
165,0.712500,-0.000000072,-0.000000093,0.222999990,0.999999940,0.000001223,-0.000000643,0.000000019,0.000026467,-0.000015774,-0.000053273,0.002110962,0.000265687,-0.000005368,-0.000000072,-0.000000093,0.022999990
166,0.716667,-0.000000073,-0.000000093,0.222999990,1.000000000,0.000001288,-0.000000661,0.000000006,0.000026251,-0.000015787,-0.000053166,0.002108171,0.000260555,-0.000005499,-0.000000073,-0.000000093,0.022999990
167,0.720833,-0.000000072,-0.000000095,0.222999990,0.999999940,0.000001341,-0.000000703,0.000000020,0.000026486,-0.000015841,-0.000053264,0.002112203,0.000266467,-0.000005260,-0.000000072,-0.000000095,0.022999990
168,0.725000,-0.000000071,-0.000000093,0.222999990,1.000000000,0.000001370,-0.000000759,0.000000009,0.000026599,-0.000015444,-0.000053295,0.002104963,0.000267066,-0.000005612,-0.000000071,-0.000000093,0.022999990
169,0.729167,-0.000000072,-0.000000094,0.222999990,1.000000000,0.000001411,-0.000000799,0.000000011,0.000026121,-0.000015961,-0.000053215,0.002112957,0.000258091,-0.000005513,-0.000000072,-0.000000094,0.022999990
170,0.733333,-0.000000073,-0.000000095,0.222999990,1.000000000,0.000001452,-0.000000836,0.000000013,0.000026341,-0.000015777,-0.000053277,0.002111246,0.000262279,-0.000005524,-0.000000073,-0.000000095,0.022999990
171,0.737500,-0.000000073,-0.000000094,0.222999990,1.000000000,0.000001363,-0.000000732,0.000000027,0.000026378,-0.000015661,-0.000053294,0.002109322,0.000262510,-0.000005635,-0.000000073,-0.000000094,0.022999990
172,0.741667,-0.000000073,-0.000000095,0.222999990,1.000000000,0.000001382,-0.000000804,0.000000017,0.000026308,-0.000015861,-0.000053263,0.002112346,0.000262138,-0.000005447,-0.000000073,-0.000000095,0.022999990
173,0.745833,-0.000000073,-0.000000094,0.222999990,1.000000000,0.000001310,-0.000000683,0.000000007,0.000026420,-0.000015631,-0.000053271,0.002108119,0.000263494,-0.000005587,-0.000000073,-0.000000094,0.022999990
174,0.750000,-0.000000073,-0.000000095,0.222999990,0.999999940,0.000001363,-0.000000718,0.000000020,0.000026345,-0.000015829,-0.000053234,0.002110965,0.000262959,-0.000005413,-0.000000073,-0.000000095,0.022999990
175,0.754167,-0.000000072,-0.000000092,0.222999990,0.999999940,0.000001243,-0.000000657,0.000000011,0.000026810,-0.000015256,-0.000053344,0.002102620,0.000271125,-0.000005621,-0.000000072,-0.000000092,0.022999990
176,0.758333,-0.000000071,-0.000000091,0.222999990,1.000000000,0.000001288,-0.000000701,0.000000012,0.000026617,-0.000015492,-0.000053248,0.002104479,0.000268049,-0.000005483,-0.000000071,-0.000000091,0.022999990
177,0.762500,-0.000000073,-0.000000093,0.222999990,0.999999940,0.000001473,-0.000000865,0.000000012,0.000025934,-0.000016137,-0.000053152,0.002114679,0.000254607,-0.000005470,-0.000000073,-0.000000093,0.022999990
178,0.766667,-0.000000072,-0.000000093,0.222999990,0.999999940,0.000001521,-0.000000893,0.000000027,0.000026491,-0.000015707,-0.000053346,0.002111857,0.000265383,-0.000005495,-0.000000072,-0.000000093,0.022999990
179,0.770833,-0.000000072,-0.000000094,0.222999990,0.999999940,0.000001381,-0.000000643,-0.000000019,0.000026435,-0.000015724,-0.000053360,0.002112339,0.000264202,-0.000005556,-0.000000072,-0.000000094,0.022999990
180,0.775000,-0.000000074,-0.000000095,0.222999990,0.999999940,0.000001354,-0.000000766,0.000000017,0.000025922,-0.000016071,-0.000053184,0.002114216,0.000253823,-0.000005605,-0.000000074,-0.000000095,0.022999990
181,0.779167,-0.000000071,-0.000000092,0.222999990,0.999999940,0.000001257,-0.000000679,0.000000021,0.000026986,-0.000015187,-0.000053384,0.002102600,0.000274921,-0.000005531,-0.000000071,-0.000000092,0.022999990
182,0.783333,-0.000000072,-0.000000092,0.222999990,1.000000000,0.000001326,-0.000000690,0.000000008,0.000026217,-0.000015793,-0.000053167,0.002108125,0.000259877,-0.000005535,-0.000000072,-0.000000092,0.022999990
183,0.787500,-0.000000074,-0.000000095,0.222999990,0.999999940,0.000001493,-0.000000882,0.000000009,0.000026052,-0.000016176,-0.000053204,0.002117032,0.000257578,-0.000005334,-0.000000074,-0.000000095,0.022999990
184,0.791667,-0.000000071,-0.000000094,0.222999990,0.999999940,0.000001238,-0.000000481,-0.000000036,0.000026908,-0.000015309,-0.000053432,0.002106350,0.000273448,-0.000005535,-0.000000071,-0.000000094,0.022999990
185,0.795833,-0.000000072,-0.000000094,0.222999990,0.999999940,0.000001495,-0.000000857,0.000000022,0.000026178,-0.000015813,-0.000053157,0.002108166,0.000259176,-0.000005567,-0.000000072,-0.000000094,0.022999990
186,0.800000,-0.000000072,-0.000000094,0.222999990,0.999999940,0.000001499,-0.000000729,-0.000000024,0.000026466,-0.000015719,-0.000053346,0.002111984,0.000264880,-0.000005509,-0.000000072,-0.000000094,0.022999990
187,0.804167,-0.000000074,-0.000000093,0.222999990,0.999999940,0.000001455,-0.000000856,0.000000013,0.000025941,-0.000015907,-0.000053240,0.002112426,0.000253126,-0.000005832,-0.000000074,-0.000000093,0.022999990
188,0.808333,-0.000000071,-0.000000093,0.222999990,0.999999940,0.000001481,-0.000000708,-0.000000010,0.000026835,-0.000015526,-0.000053414,0.002110239,0.000272873,-0.000005358,-0.000000071,-0.000000093,0.022999990
189,0.812500,-0.000000073,-0.000000093,0.222999990,0.999999940,0.000001437,-0.000000841,0.000000016,0.000025913,-0.000015979,-0.000053226,0.002113404,0.000252963,-0.000005767,-0.000000073,-0.000000093,0.022999990
190,0.816667,-0.000000072,-0.000000093,0.222999990,0.999999940,0.000001483,-0.000000873,0.000000007,0.000026505,-0.000015704,-0.000053333,0.002111489,0.000265769,-0.000005464,-0.000000072,-0.000000093,0.022999990
191,0.820833,-0.000000071,-0.000000093,0.222999990,0.999999940,0.000001228,-0.000000471,-0.000000015,0.000026678,-0.000015500,-0.000053379,0.002108524,0.000269031,-0.000005544,-0.000000071,-0.000000093,0.022999990
192,0.825000,-0.000000072,-0.000000093,0.222999990,0.999999940,0.000001483,-0.000000851,0.000000019,0.000026197,-0.000015810,-0.000053154,0.002108123,0.000259591,-0.000005540,-0.000000072,-0.000000093,0.022999990
193,0.829167,-0.000000071,-0.000000093,0.222999990,0.999999940,0.000001487,-0.000000722,-0.000000027,0.000026465,-0.000015718,-0.000053346,0.002111941,0.000264900,-0.000005512,-0.000000071,-0.000000093,0.022999990
194,0.833333,-0.000000073,-0.000000094,0.222999990,0.999999940,0.000001468,-0.000000833,0.000000022,0.000026033,-0.000016027,-0.000053252,0.002115304,0.000256116,-0.000005596,-0.000000073,-0.000000094,0.022999990
195,0.837500,-0.000000073,-0.000000092,0.222999990,0.999999940,0.000001488,-0.000000886,0.000000024,0.000026416,-0.000015571,-0.000053313,0.002108098,0.000262846,-0.000005708,-0.000000073,-0.000000092,0.022999990
196,0.841667,-0.000000072,-0.000000093,0.222999990,0.999999940,0.000001366,-0.000000615,-0.000000022,0.000026470,-0.000015708,-0.000053339,0.002111554,0.000264988,-0.000005511,-0.000000072,-0.000000093,0.022999990
197,0.845833,-0.000000070,-0.000000092,0.222999990,1.000000000,0.000001485,-0.000000861,0.000000017,0.000026692,-0.000015482,-0.000053333,0.002106708,0.000269592,-0.000005504,-0.000000070,-0.000000092,0.022999990
198,0.850000,-0.000000072,-0.000000096,0.222999990,1.000000000,0.000001389,-0.000000772,0.000000020,0.000025814,-0.000016367,-0.000053215,0.002121174,0.000252546,-0.000005419,-0.000000072,-0.000000096,0.022999990
199,0.854167,-0.000000073,-0.000000095,0.222999990,1.000000000,0.000001295,-0.000000680,0.000000010,0.000026424,-0.000015647,-0.000053285,0.002108965,0.000263481,-0.000005578,-0.000000073,-0.000000095,0.022999990
200,0.858333,-0.000000073,-0.000000095,0.222999990,0.999999940,0.000001344,-0.000000718,0.000000010,0.000026419,-0.000015695,-0.000053232,0.002108214,0.000264100,-0.000005474,-0.000000073,-0.000000095,0.022999990
201,0.862500,-0.000000072,-0.000000094,0.222999990,1.000000000,0.000001395,-0.000000749,0.000000012,0.000026559,-0.000015561,-0.000053279,0.002106898,0.000266719,-0.000005507,-0.000000072,-0.000000094,0.022999990
202,0.866667,-0.000000072,-0.000000095,0.222999990,1.000000000,0.000001416,-0.000000817,0.000000026,0.000026290,-0.000015864,-0.000053266,0.002112571,0.000261631,-0.000005478,-0.000000072,-0.000000095,0.022999990
203,0.870833,-0.000000072,-0.000000094,0.222999990,1.000000000,0.000001325,-0.000000717,0.000000016,0.000026390,-0.000015653,-0.000053288,0.002109071,0.000262781,-0.000005616,-0.000000072,-0.000000094,0.022999990
204,0.875000,-0.000000073,-0.000000093,0.222999990,0.999999940,0.000001375,-0.000000746,0.000000005,0.000026427,-0.000015622,-0.000053248,0.002107279,0.000263742,-0.000005564,-0.000000073,-0.000000093,0.022999990
205,0.879167,-0.000000072,-0.000000092,0.222999990,0.999999940,0.000001393,-0.000000814,0.000000008,0.000026559,-0.000015555,-0.000053309,0.002107599,0.000266531,-0.000005547,-0.000000072,-0.000000092,0.022999990
206,0.883333,-0.000000071,-0.000000094,0.222999990,0.999999940,0.000001325,-0.000000698,0.000000011,0.000026458,-0.000015783,-0.000053289,0.002111671,0.000265332,-0.000005385,-0.000000071,-0.000000094,0.022999990
207,0.887500,-0.000000072,-0.000000094,0.222999990,1.000000000,0.000001377,-0.000000730,0.000000011,0.000026176,-0.000015914,-0.000053201,0.002111775,0.000259220,-0.000005485,-0.000000072,-0.000000094,0.022999990
208,0.891667,-0.000000072,-0.000000094,0.222999990,1.000000000,0.000001393,-0.000000799,0.000000001,0.000026402,-0.000015649,-0.000053272,0.002108512,0.000263138,-0.000005590,-0.000000072,-0.000000094,0.022999990
209,0.895833,-0.000000073,-0.000000095,0.222999990,1.000000000,0.000001436,-0.000000838,0.000000015,0.000026307,-0.000015861,-0.000053270,0.002112634,0.000261990,-0.000005461,-0.000000073,-0.000000095,0.022999990
210,0.900000,-0.000000073,-0.000000094,0.222999990,1.000000000,0.000001347,-0.000000734,0.000000029,0.000026378,-0.000015660,-0.000053296,0.002109411,0.000262449,-0.000005636,-0.000000073,-0.000000094,0.022999990
211,0.904167,-0.000000072,-0.000000095,0.222999990,1.000000000,0.000001255,-0.000000650,0.000000009,0.000026481,-0.000015772,-0.000053286,0.002111324,0.000265922,-0.000005362,-0.000000072,-0.000000095,0.022999990
212,0.908333,-0.000000072,-0.000000094,0.222999990,0.999999940,0.000001300,-0.000000691,0.000000021,0.000026449,-0.000015593,-0.000053223,0.002105887,0.000264300,-0.000005548,-0.000000072,-0.000000094,0.022999990
213,0.912500,-0.000000071,-0.000000094,0.222999990,1.000000000,0.000001351,-0.000000727,0.000000010,0.000026545,-0.000015643,-0.000053270,0.002108295,0.000266886,-0.000005417,-0.000000071,-0.000000094,0.022999990
214,0.916667,-0.000000073,-0.000000093,0.222999990,1.000000000,0.000001254,-0.000000637,0.000000011,0.000026260,-0.000015698,-0.000053223,0.002107945,0.000260079,-0.000005656,-0.000000073,-0.000000093,0.022999990
215,0.920833,-0.000000072,-0.000000094,0.222999990,0.999999940,0.000001303,-0.000000682,0.000000013,0.000026561,-0.000015708,-0.000053259,0.002109377,0.000267684,-0.000005314,-0.000000072,-0.000000094,0.022999990
216,0.925000,-0.000000072,-0.000000094,0.222999990,1.000000000,0.000001354,-0.000000716,0.000000013,0.000026348,-0.000015748,-0.000053230,0.002109229,0.000262574,-0.000005499,-0.000000072,-0.000000094,0.022999990
217,0.929167,-0.000000073,-0.000000093,0.222999990,1.000000000,0.000001235,-0.000000654,0.000000014,0.000026255,-0.000015711,-0.000053224,0.002108335,0.000259941,-0.000005649,-0.000000073,-0.000000093,0.022999990
218,0.933333,-0.000000072,-0.000000094,0.222999990,0.999999940,0.000001305,-0.000000673,0.000000015,0.000026543,-0.000015730,-0.000053245,0.002109369,0.000267377,-0.000005294,-0.000000072,-0.000000094,0.022999990
219,0.937500,-0.000000073,-0.000000092,0.222999990,1.000000000,0.000001329,-0.000000734,0.000000016,0.000026425,-0.000015539,-0.000053235,0.002105060,0.000263423,-0.000005651,-0.000000073,-0.000000092,0.022999990
220,0.941667,-0.000000073,-0.000000093,0.222999990,1.000000000,0.000001235,-0.000000652,0.000000006,0.000026338,-0.000015838,-0.000053241,0.002111351,0.000262808,-0.000005414,-0.000000073,-0.000000093,0.022999990
221,0.945833,-0.000000073,-0.000000093,0.222999990,0.999999940,0.000001282,-0.000000693,0.000000006,0.000026390,-0.000015724,-0.000053221,0.002108474,0.000263556,-0.000005462,-0.000000073,-0.000000093,0.022999990
222,0.950000,-0.000000073,-0.000000093,0.222999990,1.000000000,0.000001331,-0.000000731,0.000000007,0.000026404,-0.000015709,-0.000053231,0.002108443,0.000263833,-0.000005476,-0.000000073,-0.000000093,0.022999990
223,0.954167,-0.000000074,-0.000000094,0.222999990,1.000000000,0.000001368,-0.000000778,0.000000008,0.000026145,-0.000015949,-0.000053204,0.002112567,0.000258597,-0.000005486,-0.000000074,-0.000000094,0.022999990
224,0.958333,-0.000000074,-0.000000094,0.222999990,1.000000000,0.000001275,-0.000000688,0.000000010,0.000026564,-0.000015568,-0.000053306,0.002107870,0.000266673,-0.000005523,-0.000000074,-0.000000094,0.022999990
225,0.962500,-0.000000073,-0.000000095,0.222999990,0.999999940,0.000001326,-0.000000729,0.000000012,0.000026501,-0.000015744,-0.000053257,0.002109819,0.000266508,-0.000005344,-0.000000073,-0.000000095,0.022999990
226,0.966667,-0.000000072,-0.000000093,0.222999990,1.000000000,0.000001375,-0.000000760,0.000000025,0.000026618,-0.000015430,-0.000053284,0.002104365,0.000267478,-0.000005597,-0.000000072,-0.000000093,0.022999990
227,0.970833,-0.000000072,-0.000000094,0.222999990,1.000000000,0.000001416,-0.000000803,0.000000015,0.000026312,-0.000015849,-0.000053256,0.002111937,0.000262195,-0.000005449,-0.000000072,-0.000000094,0.022999990
228,0.975000,-0.000000073,-0.000000093,0.222999990,1.000000000,0.000001326,-0.000000703,0.000000006,0.000026389,-0.000015653,-0.000053287,0.002108992,0.000262776,-0.000005617,-0.000000073,-0.000000093,0.022999990
229,0.979167,-0.000000072,-0.000000094,0.222999990,1.000000000,0.000001232,-0.000000623,0.000000008,0.000026488,-0.000015764,-0.000053277,0.002110956,0.000266045,-0.000005357,-0.000000072,-0.000000094,0.022999990
230,0.983333,-0.000000072,-0.000000093,0.222999990,0.999999940,0.000001275,-0.000000667,-0.000000003,0.000026460,-0.000015586,-0.000053214,0.002105592,0.000264583,-0.000005530,-0.000000072,-0.000000093,0.022999990
231,0.987500,-0.000000071,-0.000000094,0.222999990,1.000000000,0.000001325,-0.000000707,0.000000010,0.000026553,-0.000015634,-0.000053260,0.002107810,0.000267090,-0.000005413,-0.000000071,-0.000000094,0.022999990
232,0.991667,-0.000000072,-0.000000094,0.222999990,1.000000000,0.000001362,-0.000000755,0.000000010,0.000026140,-0.000015944,-0.000053202,0.002112330,0.000258519,-0.000005496,-0.000000072,-0.000000094,0.022999990
233,0.995833,-0.000000073,-0.000000094,0.222999990,1.000000000,0.000001266,-0.000000666,0.000000024,0.000026422,-0.000015634,-0.000053265,0.002107992,0.000263592,-0.000005577,-0.000000073,-0.000000094,0.022999990
234,1.000000,-0.000000074,-0.000000095,0.222999990,0.999999940,0.000001316,-0.000000707,0.000000012,0.000026150,-0.000016015,-0.000053179,0.002113148,0.000259248,-0.000005371,-0.000000074,-0.000000095,0.022999990
235,1.004167,-0.000000071,-0.000000095,0.222999990,1.000000000,0.000001366,-0.000000747,0.000000015,0.000026957,-0.000015335,-0.000053360,0.002104753,0.000275261,-0.000005369,-0.000000071,-0.000000095,0.022999990
236,1.008333,-0.000000073,-0.000000095,0.222999990,1.000000000,0.000001271,-0.000000656,0.000000015,0.000025991,-0.000015927,-0.000053167,0.002110857,0.000254794,-0.000005662,-0.000000073,-0.000000095,0.022999990
237,1.012500,-0.000000073,-0.000000095,0.222999990,0.999999940,0.000001318,-0.000000697,0.000000015,0.000026404,-0.000015735,-0.000053225,0.002108940,0.000263855,-0.000005435,-0.000000073,-0.000000095,0.022999990
238,1.016667,-0.000000073,-0.000000094,0.222999990,1.000000000,0.000001367,-0.000000732,0.000000017,0.000026608,-0.000015516,-0.000053277,0.002105972,0.000267740,-0.000005499,-0.000000073,-0.000000094,0.022999990
239,1.020833,-0.000000073,-0.000000095,0.222999990,1.000000000,0.000001386,-0.000000804,0.000000008,0.000026300,-0.000015855,-0.000053257,0.002112011,0.000261930,-0.000005459,-0.000000073,-0.000000095,0.022999990
240,1.025000,-0.000000073,-0.000000094,0.222999990,1.000000000,0.000001293,-0.000000708,0.000000021,0.000026398,-0.000015646,-0.000053278,0.002108591,0.000263038,-0.000005612,-0.000000073,-0.000000094,0.022999990
241,1.029167,-0.000000074,-0.000000094,0.222999990,0.999999940,0.000001343,-0.000000739,0.000000009,0.000026221,-0.000015815,-0.000053201,0.002109751,0.000259797,-0.000005540,-0.000000074,-0.000000094,0.022999990
242,1.033333,-0.000000072,-0.000000093,0.222999990,0.999999940,0.000001249,-0.000000658,0.000000013,0.000026938,-0.000015351,-0.000053372,0.002105402,0.000274839,-0.000005387,-0.000000072,-0.000000093,0.022999990
243,1.037500,-0.000000073,-0.000000093,0.222999990,1.000000000,0.000001295,-0.000000698,0.000000001,0.000026206,-0.000015799,-0.000053170,0.002108400,0.000259604,-0.000005550,-0.000000073,-0.000000093,0.022999990
244,1.041667,-0.000000073,-0.000000094,0.222999990,0.999999940,0.000001347,-0.000000733,0.000000014,0.000026352,-0.000015835,-0.000053239,0.002111296,0.000263077,-0.000005404,-0.000000073,-0.000000094,0.022999990
245,1.045833,-0.000000072,-0.000000093,0.222999990,0.999999940,0.000001250,-0.000000646,0.000000004,0.000026616,-0.000015442,-0.000053296,0.002104991,0.000267404,-0.000005593,-0.000000072,-0.000000093,0.022999990
246,1.050000,-0.000000071,-0.000000092,0.222999990,1.000000000,0.000001295,-0.000000689,0.000000005,0.000026623,-0.000015497,-0.000053252,0.002104857,0.000268111,-0.000005477,-0.000000071,-0.000000092,0.022999990
247,1.054167,-0.000000073,-0.000000094,0.222999990,0.999999940,0.000001482,-0.000000854,0.000000017,0.000025908,-0.000016225,-0.000053152,0.002116534,0.000254396,-0.000005402,-0.000000073,-0.000000094,0.022999990
248,1.058333,-0.000000072,-0.000000094,0.222999990,0.999999940,0.000001374,-0.000000569,-0.000000029,0.000026708,-0.000015506,-0.000053386,0.002109038,0.000269589,-0.000005502,-0.000000072,-0.000000094,0.022999990
249,1.062500,-0.000000070,-0.000000094,0.222999990,1.000000000,0.000001449,-0.000000663,-0.000000018,0.000026648,-0.000015573,-0.000053330,0.002108285,0.000269171,-0.000005450,-0.000000070,-0.000000094,0.022999990
250,1.066667,-0.000000073,-0.000000095,0.222999990,1.000000000,0.000001403,-0.000000801,0.000000007,0.000025701,-0.000016193,-0.000053168,0.002116087,0.000248939,-0.000005714,-0.000000073,-0.000000095,0.022999990
251,1.070833,-0.000000073,-0.000000094,0.222999990,1.000000000,0.000001311,-0.000000705,0.000000020,0.000026419,-0.000015662,-0.000053290,0.002109406,0.000263403,-0.000005576,-0.000000073,-0.000000094,0.022999990
252,1.075000,-0.000000074,-0.000000096,0.222999990,0.999999940,0.000001497,-0.000000871,0.000000009,0.000026132,-0.000016030,-0.000053197,0.002113928,0.000258845,-0.000005397,-0.000000074,-0.000000096,0.022999990
253,1.079167,-0.000000071,-0.000000095,0.222999990,0.999999940,0.000001243,-0.000000474,-0.000000012,0.000027031,-0.000015323,-0.000053462,0.002107480,0.000276609,-0.000005405,-0.000000071,-0.000000095,0.022999990
254,1.083333,-0.000000072,-0.000000093,0.222999990,0.999999940,0.000001475,-0.000000873,0.000000022,0.000026243,-0.000015607,-0.000053170,0.002104260,0.000259689,-0.000005738,-0.000000072,-0.000000093,0.022999990
255,1.087500,-0.000000072,-0.000000094,0.222999990,0.999999940,0.000001375,-0.000000786,0.000000014,0.000026271,-0.000015906,-0.000053294,0.002114257,0.000261171,-0.000005475,-0.000000072,-0.000000094,0.022999990
256,1.091667,-0.000000072,-0.000000093,0.222999990,0.999999940,0.000001279,-0.000000693,0.000000015,0.000026458,-0.000015526,-0.000053274,0.002106115,0.000263868,-0.000005671,-0.000000072,-0.000000093,0.022999990
257,1.095833,-0.000000072,-0.000000093,0.222999990,1.000000000,0.000001327,-0.000000731,0.000000016,0.000026404,-0.000015710,-0.000053226,0.002108301,0.000263871,-0.000005470,-0.000000072,-0.000000093,0.022999990
258,1.100000,-0.000000073,-0.000000094,0.222999990,1.000000000,0.000001233,-0.000000649,0.000000006,0.000026337,-0.000015837,-0.000053245,0.002111477,0.000262703,-0.000005422,-0.000000073,-0.000000094,0.022999990
259,1.104167,-0.000000074,-0.000000094,0.222999990,0.999999940,0.000001280,-0.000000692,0.000000006,0.000026185,-0.000015917,-0.000053173,0.002110983,0.000259650,-0.000005441,-0.000000074,-0.000000094,0.022999990
260,1.108333,-0.000000072,-0.000000093,0.222999990,1.000000000,0.000001326,-0.000000733,0.000000007,0.000026841,-0.000015312,-0.000053313,0.002102953,0.000272336,-0.000005490,-0.000000072,-0.000000093,0.022999990
261,1.112500,-0.000000073,-0.000000094,0.222999990,1.000000000,0.000001231,-0.000000648,0.000000009,0.000026131,-0.000015939,-0.000053194,0.002111889,0.000258367,-0.000005504,-0.000000073,-0.000000094,0.022999990
262,1.116667,-0.000000074,-0.000000095,0.222999990,0.999999940,0.000001277,-0.000000691,0.000000008,0.000026193,-0.000015923,-0.000053177,0.002111292,0.000259765,-0.000005427,-0.000000074,-0.000000095,0.022999990
263,1.120833,-0.000000073,-0.000000093,0.222999990,1.000000000,0.000001323,-0.000000732,0.000000010,0.000026840,-0.000015311,-0.000053314,0.002102934,0.000272325,-0.000005491,-0.000000073,-0.000000093,0.022999990
264,1.125000,-0.000000074,-0.000000094,0.222999990,1.000000000,0.000001228,-0.000000647,0.000000011,0.000026131,-0.000015938,-0.000053193,0.002111830,0.000258412,-0.000005502,-0.000000074,-0.000000094,0.022999990
265,1.129167,-0.000000072,-0.000000096,0.222999990,0.999999940,0.000001300,-0.000000674,0.000000013,0.000026680,-0.000015739,-0.000053276,0.002110544,0.000270795,-0.000005148,-0.000000072,-0.000000096,0.022999990
266,1.133333,-0.000000072,-0.000000095,0.222999990,1.000000000,0.000001348,-0.000000713,0.000000014,0.000026567,-0.000015535,-0.000053260,0.002105801,0.000266877,-0.000005508,-0.000000072,-0.000000095,0.022999990
267,1.137500,-0.000000074,-0.000000094,0.222999990,1.000000000,0.000001359,-0.000000779,0.000000013,0.000025907,-0.000015892,-0.000053146,0.002109605,0.000252468,-0.000005782,-0.000000074,-0.000000094,0.022999990
268,1.141667,-0.000000072,-0.000000095,0.222999990,1.000000000,0.000001264,-0.000000490,-0.000000021,0.000026887,-0.000015557,-0.000053374,0.002109797,0.000274567,-0.000005213,-0.000000072,-0.000000095,0.022999990
269,1.145833,-0.000000072,-0.000000094,0.222999990,0.999999940,0.000001352,-0.000000774,0.000000015,0.000026378,-0.000015616,-0.000053222,0.002106044,0.000262910,-0.000005614,-0.000000072,-0.000000094,0.022999990
270,1.150000,-0.000000070,-0.000000093,0.222999990,0.999999940,0.000001278,-0.000000661,0.000000017,0.000026779,-0.000015363,-0.000053325,0.002104272,0.000270970,-0.000005516,-0.000000070,-0.000000093,0.022999990
271,1.154167,-0.000000071,-0.000000093,0.222999990,1.000000000,0.000001326,-0.000000699,0.000000018,0.000026392,-0.000015701,-0.000053220,0.002107925,0.000263566,-0.000005489,-0.000000071,-0.000000093,0.022999990
272,1.158333,-0.000000073,-0.000000094,0.222999990,0.999999940,0.000001512,-0.000000863,0.000000017,0.000025941,-0.000016141,-0.000053157,0.002115052,0.000254643,-0.000005462,-0.000000073,-0.000000094,0.022999990
273,1.162500,-0.000000072,-0.000000093,0.222999990,0.999999940,0.000001367,-0.000000614,-0.000000006,0.000026549,-0.000015514,-0.000053365,0.002108553,0.000265662,-0.000005671,-0.000000072,-0.000000093,0.022999990
274,1.166667,-0.000000071,-0.000000093,0.222999990,1.000000000,0.000001488,-0.000000858,0.000000009,0.000026478,-0.000015684,-0.000053291,0.002109498,0.000265466,-0.000005483,-0.000000071,-0.000000093,0.022999990
275,1.170833,-0.000000074,-0.000000094,0.222999990,1.000000000,0.000001365,-0.000000790,0.000000010,0.000025763,-0.000016156,-0.000053198,0.002116420,0.000249994,-0.000005710,-0.000000074,-0.000000094,0.022999990
276,1.175000,-0.000000072,-0.000000096,0.222999990,1.000000000,0.000001299,-0.000000679,0.000000014,0.000026636,-0.000015795,-0.000053336,0.002113485,0.000269608,-0.000005200,-0.000000072,-0.000000096,0.022999990
277,1.179167,-0.000000073,-0.000000094,0.222999990,0.999999940,0.000001344,-0.000000716,0.000000014,0.000026498,-0.000015468,-0.000053237,0.002103826,0.000264764,-0.000005647,-0.000000073,-0.000000094,0.022999990
278,1.183333,-0.000000073,-0.000000094,0.222999990,0.999999940,0.000001359,-0.000000790,0.000000016,0.000026322,-0.000015777,-0.000053243,0.002110129,0.000262028,-0.000005509,-0.000000073,-0.000000094,0.022999990
279,1.187500,-0.000000072,-0.000000093,0.222999990,0.999999940,0.000001284,-0.000000674,0.000000006,0.000026629,-0.000015438,-0.000053295,0.002104994,0.000267617,-0.000005582,-0.000000072,-0.000000093,0.022999990
280,1.191667,-0.000000072,-0.000000093,0.222999990,1.000000000,0.000001333,-0.000000714,0.000000019,0.000026547,-0.000015631,-0.000053256,0.002107551,0.000267006,-0.000005419,-0.000000072,-0.000000093,0.022999990
281,1.195833,-0.000000074,-0.000000093,0.222999990,1.000000000,0.000001370,-0.000000760,0.000000008,0.000025991,-0.000016019,-0.000053168,0.002112875,0.000255194,-0.000005556,-0.000000074,-0.000000093,0.022999990
282,1.200000,-0.000000073,-0.000000095,0.222999990,1.000000000,0.000001413,-0.000000804,0.000000010,0.000026481,-0.000015788,-0.000053305,0.002112348,0.000265779,-0.000005367,-0.000000073,-0.000000095,0.022999990
283,1.204167,-0.000000072,-0.000000094,0.222999990,1.000000000,0.000001322,-0.000000707,0.000000013,0.000026533,-0.000015573,-0.000053319,0.002108219,0.000265993,-0.000005569,-0.000000072,-0.000000094,0.022999990
284,1.208333,-0.000000071,-0.000000095,0.222999990,1.000000000,0.000001229,-0.000000626,0.000000016,0.000026483,-0.000015760,-0.000053275,0.002110720,0.000266026,-0.000005368,-0.000000071,-0.000000095,0.022999990
285,1.212500,-0.000000074,-0.000000094,0.222999990,0.999999940,0.000001271,-0.000000666,0.000000003,0.000026119,-0.000015771,-0.000053141,0.002107144,0.000257169,-0.000005653,-0.000000074,-0.000000094,0.022999990
286,1.216667,-0.000000073,-0.000000094,0.222999990,1.000000000,0.000001320,-0.000000706,0.000000016,0.000026565,-0.000015644,-0.000053266,0.002108301,0.000267311,-0.000005393,-0.000000073,-0.000000094,0.022999990
287,1.220833,-0.000000072,-0.000000093,0.222999990,0.999999940,0.000001371,-0.000000738,0.000000017,0.000026569,-0.000015542,-0.000053279,0.002106478,0.000266893,-0.000005520,-0.000000072,-0.000000093,0.022999990
288,1.225000,-0.000000072,-0.000000093,0.222999990,0.999999940,0.000001388,-0.000000808,0.000000019,0.000026349,-0.000015744,-0.000053259,0.002109899,0.000262520,-0.000005534,-0.000000072,-0.000000093,0.022999990
289,1.229167,-0.000000071,-0.000000095,0.222999990,0.999999940,0.000001322,-0.000000694,0.000000011,0.000026656,-0.000015677,-0.000053335,0.002110924,0.000269562,-0.000005312,-0.000000071,-0.000000095,0.022999990
290,1.233333,-0.000000072,-0.000000094,0.222999990,1.000000000,0.000001370,-0.000000725,0.000000011,0.000026258,-0.000015693,-0.000053202,0.002107256,0.000260119,-0.000005643,-0.000000072,-0.000000094,0.022999990
291,1.237500,-0.000000072,-0.000000095,0.222999990,1.000000000,0.000001388,-0.000000796,0.000000002,0.000026313,-0.000015865,-0.000053263,0.002112546,0.000262179,-0.000005439,-0.000000072,-0.000000095,0.022999990
292,1.241667,-0.000000072,-0.000000094,0.222999990,1.000000000,0.000001296,-0.000000700,0.000000015,0.000026397,-0.000015645,-0.000053279,0.002108557,0.000263026,-0.000005614,-0.000000072,-0.000000094,0.022999990
293,1.245833,-0.000000072,-0.000000094,0.222999990,0.999999940,0.000001346,-0.000000734,0.000000016,0.000026371,-0.000015741,-0.000053233,0.002109226,0.000263108,-0.000005481,-0.000000072,-0.000000094,0.022999990
294,1.250000,-0.000000072,-0.000000094,0.222999990,0.999999940,0.000001253,-0.000000649,0.000000007,0.000026527,-0.000015659,-0.000053291,0.002109201,0.000266405,-0.000005444,-0.000000072,-0.000000094,0.022999990
295,1.254167,-0.000000073,-0.000000093,0.222999990,1.000000000,0.000001297,-0.000000687,0.000000006,0.000026283,-0.000015682,-0.000053184,0.002106623,0.000260688,-0.000005606,-0.000000073,-0.000000093,0.022999990
296,1.258333,-0.000000073,-0.000000094,0.222999990,0.999999940,0.000001350,-0.000000722,0.000000019,0.000026350,-0.000015833,-0.000053236,0.002111105,0.000263117,-0.000005402,-0.000000073,-0.000000094,0.022999990
297,1.262500,-0.000000072,-0.000000095,0.222999990,0.999999940,0.000001256,-0.000000641,0.000000022,0.000026471,-0.000015777,-0.000053279,0.002111215,0.000265745,-0.000005364,-0.000000072,-0.000000095,0.022999990
298,1.266667,-0.000000072,-0.000000093,0.222999990,1.000000000,0.000001300,-0.000000683,0.000000011,0.000026650,-0.000015408,-0.000053260,0.002103276,0.000268267,-0.000005552,-0.000000072,-0.000000093,0.022999990
299,1.270833,-0.000000073,-0.000000094,0.222999990,0.999999940,0.000001352,-0.000000716,0.000000011,0.000026188,-0.000015899,-0.000053194,0.002111207,0.000259545,-0.000005482,-0.000000073,-0.000000094,0.022999990
300,1.275000,-0.000000073,-0.000000092,0.222999990,1.000000000,0.000001380,-0.000000769,0.000000012,0.000026419,-0.000015565,-0.000053257,0.002106404,0.000263136,-0.000005652,-0.000000073,-0.000000092,0.022999990
301,1.279167,-0.000000073,-0.000000093,0.222999990,1.000000000,0.000001421,-0.000000812,0.000000002,0.000026319,-0.000015855,-0.000053260,0.002112241,0.000262324,-0.000005440,-0.000000073,-0.000000093,0.022999990
302,1.283333,-0.000000072,-0.000000095,0.222999990,1.000000000,0.000001467,-0.000000849,0.000000005,0.000026450,-0.000015794,-0.000053318,0.002112688,0.000265075,-0.000005412,-0.000000072,-0.000000095,0.022999990
303,1.287500,-0.000000072,-0.000000094,0.222999990,1.000000000,0.000001381,-0.000000744,0.000000009,0.000026515,-0.000015591,-0.000053336,0.002109129,0.000265454,-0.000005591,-0.000000072,-0.000000094,0.022999990
304,1.291667,-0.000000074,-0.000000094,0.222999990,1.000000000,0.000001398,-0.000000805,0.000000009,0.000025976,-0.000015961,-0.000053192,0.002112335,0.000254380,-0.000005667,-0.000000074,-0.000000094,0.022999990
305,1.295833,-0.000000072,-0.000000095,0.222999990,1.000000000,0.000001418,-0.000000667,-0.000000014,0.000026663,-0.000015686,-0.000053353,0.002111683,0.000269672,-0.000005315,-0.000000072,-0.000000095,0.022999990
306,1.300000,-0.000000072,-0.000000094,0.222999990,1.000000000,0.000001391,-0.000000786,0.000000024,0.000026340,-0.000015663,-0.000053280,0.002108724,0.000261863,-0.000005672,-0.000000072,-0.000000094,0.022999990
307,1.304167,-0.000000072,-0.000000092,0.222999990,1.000000000,0.000001296,-0.000000692,0.000000014,0.000026615,-0.000015447,-0.000053313,0.002105612,0.000267334,-0.000005609,-0.000000072,-0.000000092,0.022999990
308,1.308333,-0.000000074,-0.000000093,0.222999990,0.999999940,0.000001348,-0.000000722,0.000000026,0.000025999,-0.000016011,-0.000053156,0.002112309,0.000255421,-0.000005543,-0.000000074,-0.000000093,0.022999990
309,1.312500,-0.000000073,-0.000000094,0.222999990,1.000000000,0.000001403,-0.000000755,0.000000004,0.000026526,-0.000015750,-0.000053292,0.002111162,0.000266857,-0.000005337,-0.000000073,-0.000000094,0.022999990
310,1.316667,-0.000000073,-0.000000093,0.222999990,1.000000000,0.000001420,-0.000000821,0.000000018,0.000026379,-0.000015646,-0.000053275,0.002108369,0.000262647,-0.000005631,-0.000000073,-0.000000093,0.022999990
311,1.320833,-0.000000073,-0.000000094,0.222999990,1.000000000,0.000001465,-0.000000856,0.000000009,0.000026300,-0.000015870,-0.000053279,0.002113126,0.000261785,-0.000005466,-0.000000073,-0.000000094,0.022999990
312,1.325000,-0.000000073,-0.000000094,0.222999990,1.000000000,0.000001510,-0.000000881,-0.000000001,0.000026370,-0.000015669,-0.000053305,0.002109831,0.000262314,-0.000005642,-0.000000073,-0.000000094,0.022999990
313,1.329167,-0.000000074,-0.000000094,0.222999990,1.000000000,0.000001388,-0.000000812,0.000000014,0.000026123,-0.000015892,-0.000053279,0.002113465,0.000257377,-0.000005662,-0.000000074,-0.000000094,0.022999990
314,1.333333,-0.000000073,-0.000000096,0.222999990,1.000000000,0.000001324,-0.000000699,0.000000018,0.000026654,-0.000015757,-0.000053345,0.002112799,0.000269977,-0.000005233,-0.000000073,-0.000000096,0.022999990
315,1.337500,-0.000000073,-0.000000096,0.222999990,0.999999940,0.000001375,-0.000000733,0.000000019,0.000026359,-0.000015729,-0.000053235,0.002108885,0.000262808,-0.000005509,-0.000000073,-0.000000096,0.022999990
316,1.341667,-0.000000073,-0.000000094,0.222999990,0.999999940,0.000001255,-0.000000668,0.000000021,0.000026444,-0.000015532,-0.000053268,0.002106004,0.000263615,-0.000005672,-0.000000073,-0.000000094,0.022999990
317,1.345833,-0.000000072,-0.000000094,0.222999990,1.000000000,0.000001303,-0.000000712,0.000000010,0.000026565,-0.000015629,-0.000053250,0.002107413,0.000267399,-0.000005388,-0.000000072,-0.000000094,0.022999990
318,1.350000,-0.000000073,-0.000000093,0.222999990,0.999999940,0.000001351,-0.000000743,0.000000010,0.000026278,-0.000015682,-0.000053204,0.002107091,0.000260545,-0.000005632,-0.000000073,-0.000000093,0.022999990
319,1.354167,-0.000000073,-0.000000093,0.222999990,0.999999940,0.000001257,-0.000000658,0.000000001,0.000026532,-0.000015664,-0.000053290,0.002109330,0.000266520,-0.000005433,-0.000000073,-0.000000093,0.022999990
320,1.358333,-0.000000073,-0.000000093,0.222999990,1.000000000,0.000001304,-0.000000700,0.000000024,0.000026407,-0.000015697,-0.000053219,0.002107908,0.000263847,-0.000005478,-0.000000073,-0.000000093,0.022999990
321,1.362500,-0.000000074,-0.000000094,0.222999990,0.999999940,0.000001356,-0.000000732,0.000000001,0.000026157,-0.000015941,-0.000053196,0.002112152,0.000258907,-0.000005469,-0.000000074,-0.000000094,0.022999990
322,1.366667,-0.000000071,-0.000000094,0.222999990,0.999999940,0.000001237,-0.000000472,-0.000000021,0.000027088,-0.000015277,-0.000053407,0.002105027,0.000278066,-0.000005329,-0.000000071,-0.000000094,0.022999990
323,1.370833,-0.000000071,-0.000000095,0.222999990,1.000000000,0.000001348,-0.000000737,0.000000015,0.000026299,-0.000015822,-0.000053192,0.002109205,0.000262312,-0.000005440,-0.000000071,-0.000000095,0.022999990
324,1.375000,-0.000000073,-0.000000094,0.222999990,1.000000000,0.000001251,-0.000000644,0.000000026,0.000026076,-0.000015816,-0.000053188,0.002109356,0.000256082,-0.000005708,-0.000000073,-0.000000094,0.022999990
325,1.379167,-0.000000072,-0.000000094,0.222999990,0.999999940,0.000001298,-0.000000688,0.000000016,0.000026593,-0.000015623,-0.000053262,0.002107744,0.000267924,-0.000005372,-0.000000072,-0.000000094,0.022999990
326,1.383333,-0.000000071,-0.000000094,0.222999990,1.000000000,0.000001350,-0.000000724,0.000000006,0.000026539,-0.000015637,-0.000053269,0.002108080,0.000266777,-0.000005433,-0.000000071,-0.000000094,0.022999990
327,1.387500,-0.000000072,-0.000000095,0.222999990,1.000000000,0.000001389,-0.000000768,0.000000007,0.000026171,-0.000015915,-0.000053217,0.002112216,0.000259032,-0.000005509,-0.000000072,-0.000000095,0.022999990
328,1.391667,-0.000000072,-0.000000095,0.222999990,1.000000000,0.000001296,-0.000000677,0.000000009,0.000026388,-0.000015731,-0.000053274,0.002110238,0.000263250,-0.000005515,-0.000000072,-0.000000095,0.022999990
329,1.395833,-0.000000072,-0.000000094,0.222999990,0.999999940,0.000001345,-0.000000715,0.000000009,0.000026420,-0.000015695,-0.000053233,0.002108260,0.000264139,-0.000005475,-0.000000072,-0.000000094,0.022999990
330,1.400000,-0.000000073,-0.000000093,0.222999990,1.000000000,0.000001372,-0.000000768,0.000000010,0.000026412,-0.000015560,-0.000053252,0.002106056,0.000263077,-0.000005661,-0.000000073,-0.000000093,0.022999990
331,1.404167,-0.000000073,-0.000000094,0.222999990,1.000000000,0.000001414,-0.000000811,0.000000001,0.000026319,-0.000015855,-0.000053259,0.002112218,0.000262324,-0.000005439,-0.000000073,-0.000000094,0.022999990
332,1.408333,-0.000000072,-0.000000094,0.222999990,1.000000000,0.000001458,-0.000000847,0.000000015,0.000026513,-0.000015668,-0.000053322,0.002110323,0.000265930,-0.000005491,-0.000000072,-0.000000094,0.022999990
333,1.412500,-0.000000073,-0.000000096,0.222999990,1.000000000,0.000001506,-0.000000877,0.000000006,0.000026070,-0.000016074,-0.000053249,0.002116306,0.000257226,-0.000005481,-0.000000073,-0.000000096,0.022999990
334,1.416667,-0.000000074,-0.000000094,0.222999990,1.000000000,0.000001381,-0.000000805,0.000000020,0.000026220,-0.000015681,-0.000053294,0.002109773,0.000258486,-0.000005806,-0.000000074,-0.000000094,0.022999990
335,1.420833,-0.000000073,-0.000000095,0.222999990,1.000000000,0.000001314,-0.000000691,0.000000012,0.000026678,-0.000015668,-0.000053338,0.002110842,0.000270039,-0.000005296,-0.000000073,-0.000000095,0.022999990
336,1.425000,-0.000000073,-0.000000094,0.222999990,0.999999940,0.000001363,-0.000000725,0.000000024,0.000026422,-0.000015603,-0.000053237,0.002106500,0.000263638,-0.000005585,-0.000000073,-0.000000094,0.022999990
337,1.429167,-0.000000072,-0.000000092,0.222999990,0.999999940,0.000001242,-0.000000662,0.000000003,0.000026660,-0.000015332,-0.000053305,0.002102964,0.000267910,-0.000005675,-0.000000072,-0.000000092,0.022999990
338,1.433333,-0.000000071,-0.000000094,0.222999990,1.000000000,0.000001314,-0.000000683,0.000000016,0.000026489,-0.000015825,-0.000053232,0.002110847,0.000266685,-0.000005239,-0.000000071,-0.000000094,0.022999990
339,1.437500,-0.000000073,-0.000000094,0.222999990,0.999999940,0.000001477,-0.000000871,0.000000004,0.000025979,-0.000016024,-0.000053174,0.002113052,0.000254964,-0.000005567,-0.000000073,-0.000000094,0.022999990
340,1.441667,-0.000000073,-0.000000093,0.222999990,0.999999940,0.000001389,-0.000000764,0.000000019,0.000026580,-0.000015492,-0.000053347,0.002107578,0.000266398,-0.000005639,-0.000000073,-0.000000093,0.022999990
341,1.445833,-0.000000071,-0.000000094,0.222999990,0.999999940,0.000001299,-0.000000679,0.000000011,0.000026638,-0.000015679,-0.000053328,0.002110655,0.000269256,-0.000005324,-0.000000071,-0.000000094,0.022999990
342,1.450000,-0.000000072,-0.000000095,0.222999990,1.000000000,0.000001350,-0.000000715,0.000000011,0.000026140,-0.000015939,-0.000053183,0.002111617,0.000258621,-0.000005482,-0.000000072,-0.000000095,0.022999990
343,1.454167,-0.000000073,-0.000000094,0.222999990,1.000000000,0.000001362,-0.000000786,0.000000012,0.000026262,-0.000015715,-0.000053229,0.002108677,0.000260056,-0.000005642,-0.000000073,-0.000000094,0.022999990
344,1.458333,-0.000000074,-0.000000096,0.222999990,1.000000000,0.000001295,-0.000000671,0.000000014,0.000026279,-0.000015969,-0.000053250,0.002114313,0.000261931,-0.000005345,-0.000000074,-0.000000096,0.022999990
345,1.462500,-0.000000074,-0.000000096,0.222999990,0.999999940,0.000001343,-0.000000709,0.000000014,0.000026422,-0.000015695,-0.000053239,0.002108474,0.000264117,-0.000005480,-0.000000074,-0.000000096,0.022999990
346,1.466667,-0.000000071,-0.000000094,0.222999990,1.000000000,0.000001373,-0.000000769,0.000000006,0.000026945,-0.000015263,-0.000053365,0.002103418,0.000274543,-0.000005473,-0.000000071,-0.000000094,0.022999990
347,1.470833,-0.000000073,-0.000000093,0.222999990,1.000000000,0.000001277,-0.000000673,-0.000000005,0.000026048,-0.000015810,-0.000053180,0.002108891,0.000255523,-0.000005741,-0.000000073,-0.000000093,0.022999990
348,1.475000,-0.000000073,-0.000000094,0.222999990,0.999999940,0.000001327,-0.000000711,0.000000030,0.000026366,-0.000015832,-0.000053230,0.002111068,0.000263423,-0.000005384,-0.000000073,-0.000000094,0.022999990
349,1.479167,-0.000000072,-0.000000093,0.222999990,1.000000000,0.000001377,-0.000000744,0.000000009,0.000026777,-0.000015360,-0.000053321,0.002104074,0.000270928,-0.000005516,-0.000000072,-0.000000093,0.022999990
350,1.483333,-0.000000072,-0.000000093,0.222999990,1.000000000,0.000001396,-0.000000811,0.000000011,0.000026309,-0.000015770,-0.000053258,0.002110385,0.000261702,-0.000005554,-0.000000072,-0.000000093,0.022999990
351,1.487500,-0.000000073,-0.000000094,0.222999990,1.000000000,0.000001439,-0.000000848,0.000000013,0.000026160,-0.000015937,-0.000053240,0.002113354,0.000258729,-0.000005521,-0.000000073,-0.000000094,0.022999990
352,1.491667,-0.000000073,-0.000000095,0.222999990,1.000000000,0.000001486,-0.000000878,0.000000027,0.000026294,-0.000015881,-0.000053295,0.002113841,0.000261596,-0.000005483,-0.000000073,-0.000000095,0.022999990
353,1.495833,-0.000000072,-0.000000093,0.222999990,1.000000000,0.000001250,-0.000000655,0.000000019,0.000026576,-0.000015476,-0.000053353,0.002107379,0.000266225,-0.000005664,-0.000000072,-0.000000093,0.022999990
354,1.500000,-0.000000073,-0.000000093,0.222999990,0.999999940,0.000001297,-0.000000697,0.000000020,0.000026385,-0.000015721,-0.000053210,0.002108083,0.000263477,-0.000005461,-0.000000073,-0.000000093,0.022999990
355,1.504167,-0.000000072,-0.000000093,0.222999990,1.000000000,0.000001348,-0.000000733,0.000000009,0.000026546,-0.000015643,-0.000053272,0.002108383,0.000266885,-0.000005420,-0.000000072,-0.000000093,0.022999990
356,1.508333,-0.000000072,-0.000000094,0.222999990,1.000000000,0.000001388,-0.000000779,0.000000023,0.000026320,-0.000015840,-0.000053252,0.002111624,0.000262417,-0.000005450,-0.000000072,-0.000000094,0.022999990
357,1.512500,-0.000000071,-0.000000092,0.222999990,1.000000000,0.000001294,-0.000000685,0.000000014,0.000026613,-0.000015444,-0.000053318,0.002105689,0.000267205,-0.000005616,-0.000000071,-0.000000092,0.022999990
358,1.516667,-0.000000073,-0.000000093,0.222999990,0.999999940,0.000001343,-0.000000719,0.000000001,0.000026009,-0.000016004,-0.000053146,0.002111915,0.000255731,-0.000005525,-0.000000073,-0.000000093,0.022999990
359,1.520833,-0.000000073,-0.000000093,0.222999990,1.000000000,0.000001397,-0.000000751,0.000000015,0.000026548,-0.000015660,-0.000053289,0.002109292,0.000266860,-0.000005420,-0.000000073,-0.000000093,0.022999990
360,1.525000,-0.000000073,-0.000000094,0.222999990,1.000000000,0.000001417,-0.000000819,0.000000029,0.000026290,-0.000015862,-0.000053269,0.002112534,0.000261694,-0.000005483,-0.000000073,-0.000000094,0.022999990
361,1.529167,-0.000000073,-0.000000094,0.222999990,1.000000000,0.000001326,-0.000000719,0.000000019,0.000026390,-0.000015654,-0.000053289,0.002109025,0.000262776,-0.000005615,-0.000000073,-0.000000094,0.022999990
362,1.533333,-0.000000073,-0.000000095,0.222999990,1.000000000,0.000001232,-0.000000636,0.000000010,0.000026338,-0.000015838,-0.000053244,0.002111453,0.000262773,-0.000005418,-0.000000073,-0.000000095,0.022999990
363,1.537500,-0.000000073,-0.000000094,0.222999990,0.999999940,0.000001275,-0.000000680,-0.000000002,0.000026465,-0.000015590,-0.000053217,0.002105763,0.000264634,-0.000005520,-0.000000073,-0.000000094,0.022999990
364,1.541667,-0.000000073,-0.000000094,0.222999990,1.000000000,0.000001325,-0.000000721,0.000000011,0.000026552,-0.000015634,-0.000053259,0.002107858,0.000267040,-0.000005414,-0.000000073,-0.000000094,0.022999990
365,1.545833,-0.000000073,-0.000000095,0.222999990,1.000000000,0.000001230,-0.000000638,0.000000001,0.000026331,-0.000015832,-0.000053243,0.002111275,0.000262611,-0.000005432,-0.000000073,-0.000000095,0.022999990
366,1.550000,-0.000000074,-0.000000093,0.222999990,0.999999940,0.000001271,-0.000000679,0.000000012,0.000026338,-0.000015575,-0.000053182,0.002104367,0.000261506,-0.000005662,-0.000000074,-0.000000093,0.022999990
367,1.554167,-0.000000071,-0.000000093,0.222999990,1.000000000,0.000001322,-0.000000724,0.000000026,0.000026899,-0.000015453,-0.000053334,0.002106326,0.000274620,-0.000005274,-0.000000071,-0.000000093,0.022999990
368,1.558333,-0.000000073,-0.000000094,0.222999990,1.000000000,0.000001358,-0.000000770,0.000000015,0.000025978,-0.000016008,-0.000053163,0.002112382,0.000255000,-0.000005578,-0.000000073,-0.000000094,0.022999990
369,1.562500,-0.000000073,-0.000000094,0.222999990,1.000000000,0.000001266,-0.000000678,0.000000017,0.000026395,-0.000015737,-0.000053277,0.002110513,0.000263350,-0.000005503,-0.000000073,-0.000000094,0.022999990
370,1.566667,-0.000000074,-0.000000095,0.222999990,0.999999940,0.000001316,-0.000000717,0.000000006,0.000026356,-0.000015821,-0.000053229,0.002110658,0.000263214,-0.000005398,-0.000000074,-0.000000095,0.022999990
371,1.570833,-0.000000071,-0.000000093,0.222999990,1.000000000,0.000001367,-0.000000753,0.000000021,0.000026965,-0.000015248,-0.000053361,0.002102974,0.000274988,-0.000005463,-0.000000071,-0.000000093,0.022999990
372,1.575000,-0.000000073,-0.000000094,0.222999990,1.000000000,0.000001407,-0.000000791,0.000000009,0.000025958,-0.000016025,-0.000053177,0.002113067,0.000254538,-0.000005595,-0.000000073,-0.000000094,0.022999990
373,1.579167,-0.000000073,-0.000000095,0.222999990,1.000000000,0.000001450,-0.000000829,0.000000023,0.000026321,-0.000015871,-0.000053281,0.002113293,0.000262237,-0.000005444,-0.000000073,-0.000000095,0.022999990
374,1.583333,-0.000000072,-0.000000095,0.222999990,1.000000000,0.000001496,-0.000000861,0.000000015,0.000026505,-0.000015675,-0.000053331,0.002110770,0.000265678,-0.000005497,-0.000000072,-0.000000095,0.022999990
375,1.587500,-0.000000073,-0.000000093,0.222999990,1.000000000,0.000001371,-0.000000793,0.000000018,0.000026397,-0.000015560,-0.000053323,0.002108040,0.000262387,-0.000005757,-0.000000073,-0.000000093,0.022999990
376,1.591667,-0.000000073,-0.000000095,0.222999990,1.000000000,0.000001303,-0.000000679,0.000000020,0.000026275,-0.000015967,-0.000053245,0.002114099,0.000261907,-0.000005349,-0.000000073,-0.000000095,0.022999990
377,1.595833,-0.000000072,-0.000000094,0.222999990,0.999999940,0.000001353,-0.000000714,0.000000022,0.000026627,-0.000015502,-0.000053286,0.002105957,0.000268023,-0.000005501,-0.000000072,-0.000000094,0.022999990
378,1.600000,-0.000000071,-0.000000093,0.222999990,1.000000000,0.000001381,-0.000000771,0.000000012,0.000026597,-0.000015445,-0.000053288,0.002104700,0.000267082,-0.000005604,-0.000000071,-0.000000093,0.022999990
379,1.604167,-0.000000073,-0.000000094,0.222999990,1.000000000,0.000001421,-0.000000808,0.000000000,0.000025972,-0.000016035,-0.000053182,0.002113594,0.000254757,-0.000005572,-0.000000073,-0.000000094,0.022999990
380,1.608333,-0.000000073,-0.000000096,0.222999990,1.000000000,0.000001469,-0.000000846,0.000000016,0.000026437,-0.000015894,-0.000053325,0.002115008,0.000265190,-0.000005322,-0.000000073,-0.000000096,0.022999990
381,1.612500,-0.000000073,-0.000000095,0.222999990,1.000000000,0.000001514,-0.000000871,0.000000006,0.000026364,-0.000015664,-0.000053305,0.002109761,0.000262113,-0.000005657,-0.000000073,-0.000000095,0.022999990
382,1.616667,-0.000000074,-0.000000094,0.222999990,1.000000000,0.000001391,-0.000000801,0.000000009,0.000026149,-0.000015803,-0.000053276,0.002111677,0.000257497,-0.000005730,-0.000000074,-0.000000094,0.022999990
383,1.620833,-0.000000072,-0.000000095,0.222999990,1.000000000,0.000001410,-0.000000663,-0.000000014,0.000026657,-0.000015682,-0.000053348,0.002111352,0.000269575,-0.000005324,-0.000000072,-0.000000095,0.022999990
384,1.625000,-0.000000072,-0.000000094,0.222999990,1.000000000,0.000001383,-0.000000783,0.000000024,0.000026340,-0.000015663,-0.000053279,0.002108705,0.000261810,-0.000005668,-0.000000072,-0.000000094,0.022999990
385,1.629167,-0.000000072,-0.000000093,0.222999990,1.000000000,0.000001289,-0.000000688,0.000000014,0.000026615,-0.000015446,-0.000053313,0.002105571,0.000267327,-0.000005607,-0.000000072,-0.000000093,0.022999990
386,1.633333,-0.000000072,-0.000000094,0.222999990,0.999999940,0.000001339,-0.000000727,0.000000003,0.000026350,-0.000015818,-0.000053221,0.002110342,0.000263164,-0.000005402,-0.000000072,-0.000000094,0.022999990
387,1.637500,-0.000000071,-0.000000094,0.222999990,1.000000000,0.000001392,-0.000000760,0.000000017,0.000026535,-0.000015651,-0.000053284,0.002108787,0.000266616,-0.000005440,-0.000000071,-0.000000094,0.022999990
388,1.641667,-0.000000074,-0.000000094,0.222999990,1.000000000,0.000001411,-0.000000820,0.000000017,0.000025800,-0.000016123,-0.000053162,0.002114714,0.000250960,-0.000005665,-0.000000074,-0.000000094,0.022999990
389,1.645833,-0.000000072,-0.000000094,0.222999990,1.000000000,0.000001322,-0.000000725,0.000000009,0.000026749,-0.000015482,-0.000053370,0.002108104,0.000270562,-0.000005462,-0.000000072,-0.000000094,0.022999990
390,1.650000,-0.000000073,-0.000000095,0.222999990,1.000000000,0.000001227,-0.000000642,-0.000000001,0.000026325,-0.000015827,-0.000053239,0.002110974,0.000262520,-0.000005441,-0.000000073,-0.000000095,0.022999990
391,1.654167,-0.000000074,-0.000000093,0.222999990,0.999999940,0.000001268,-0.000000683,0.000000010,0.000026339,-0.000015575,-0.000053181,0.002104395,0.000261504,-0.000005661,-0.000000074,-0.000000093,0.022999990
392,1.658333,-0.000000071,-0.000000093,0.222999990,1.000000000,0.000001318,-0.000000728,0.000000025,0.000026899,-0.000015454,-0.000053333,0.002106392,0.000274578,-0.000005275,-0.000000071,-0.000000093,0.022999990
393,1.662500,-0.000000073,-0.000000094,0.222999990,1.000000000,0.000001355,-0.000000774,0.000000013,0.000025978,-0.000016008,-0.000053164,0.002112424,0.000254929,-0.000005577,-0.000000073,-0.000000094,0.022999990
394,1.666667,-0.000000072,-0.000000095,0.222999990,1.000000000,0.000001286,-0.000000661,0.000000016,0.000026542,-0.000015737,-0.000053303,0.002111316,0.000267047,-0.000005351,-0.000000072,-0.000000095,0.022999990
395,1.670833,-0.000000072,-0.000000094,0.222999990,0.999999940,0.000001333,-0.000000698,0.000000004,0.000026439,-0.000015600,-0.000053232,0.002106274,0.000264104,-0.000005560,-0.000000072,-0.000000094,0.022999990
396,1.675000,-0.000000072,-0.000000093,0.222999990,1.000000000,0.000001363,-0.000000755,0.000000006,0.000026579,-0.000015539,-0.000053292,0.002106730,0.000267145,-0.000005525,-0.000000072,-0.000000093,0.022999990
397,1.679167,-0.000000074,-0.000000094,0.222999990,1.000000000,0.000001401,-0.000000796,0.000000018,0.000025979,-0.000016026,-0.000053176,0.002113177,0.000254999,-0.000005573,-0.000000074,-0.000000094,0.022999990
398,1.683333,-0.000000072,-0.000000095,0.222999990,1.000000000,0.000001421,-0.000000658,-0.000000005,0.000026661,-0.000015685,-0.000053353,0.002111658,0.000269609,-0.000005319,-0.000000072,-0.000000095,0.022999990
399,1.687500,-0.000000071,-0.000000094,0.222999990,1.000000000,0.000001394,-0.000000780,0.000000022,0.000026531,-0.000015551,-0.000053319,0.002107665,0.000265889,-0.000005604,-0.000000071,-0.000000094,0.022999990
400,1.691667,-0.000000072,-0.000000092,0.222999990,1.000000000,0.000001299,-0.000000681,0.000000011,0.000026267,-0.000015627,-0.000053236,0.002106898,0.000259761,-0.000005742,-0.000000072,-0.000000092,0.022999990
401,1.695833,-0.000000071,-0.000000093,0.222999990,0.999999940,0.000001352,-0.000000718,0.000000013,0.000026543,-0.000015724,-0.000053275,0.002110139,0.000267206,-0.000005333,-0.000000071,-0.000000093,0.022999990
402,1.700000,-0.000000073,-0.000000093,0.222999990,0.999999940,0.000001366,-0.000000787,0.000000013,0.000025977,-0.000015956,-0.000053175,0.002111747,0.000254513,-0.000005654,-0.000000073,-0.000000093,0.022999990
403,1.704167,-0.000000073,-0.000000094,0.222999990,0.999999940,0.000001297,-0.000000674,0.000000016,0.000026528,-0.000015753,-0.000053299,0.002111543,0.000266746,-0.000005345,-0.000000073,-0.000000094,0.022999990
404,1.708333,-0.000000072,-0.000000094,0.222999990,1.000000000,0.000001344,-0.000000713,0.000000017,0.000026574,-0.000015540,-0.000053262,0.002105982,0.000267035,-0.000005498,-0.000000072,-0.000000094,0.022999990
405,1.712500,-0.000000073,-0.000000094,0.222999990,1.000000000,0.000001361,-0.000000786,0.000000018,0.000026159,-0.000015922,-0.000053214,0.002112208,0.000258837,-0.000005510,-0.000000073,-0.000000094,0.022999990
406,1.716667,-0.000000072,-0.000000094,0.222999990,1.000000000,0.000001290,-0.000000672,0.000000009,0.000026561,-0.000015642,-0.000053299,0.002109233,0.000267020,-0.000005429,-0.000000072,-0.000000094,0.022999990
407,1.720833,-0.000000072,-0.000000094,0.222999990,0.999999940,0.000001338,-0.000000710,0.000000010,0.000026414,-0.000015690,-0.000053230,0.002108071,0.000263937,-0.000005484,-0.000000072,-0.000000094,0.022999990
408,1.725000,-0.000000071,-0.000000093,0.222999990,1.000000000,0.000001388,-0.000000743,0.000000012,0.000026814,-0.000015323,-0.000053324,0.002103447,0.000271644,-0.000005520,-0.000000071,-0.000000093,0.022999990
409,1.729167,-0.000000073,-0.000000094,0.222999990,1.000000000,0.000001407,-0.000000807,0.000000024,0.000025942,-0.000016043,-0.000053186,0.002113687,0.000254156,-0.000005611,-0.000000073,-0.000000094,0.022999990
410,1.733333,-0.000000073,-0.000000095,0.222999990,1.000000000,0.000001453,-0.000000841,0.000000015,0.000026314,-0.000015880,-0.000053291,0.002113771,0.000262021,-0.000005448,-0.000000073,-0.000000095,0.022999990
411,1.737500,-0.000000073,-0.000000095,0.222999990,1.000000000,0.000001498,-0.000000871,0.000000017,0.000026315,-0.000015787,-0.000053292,0.002111800,0.000261607,-0.000005559,-0.000000073,-0.000000095,0.022999990
412,1.741667,-0.000000072,-0.000000095,0.222999990,1.000000000,0.000001376,-0.000000600,-0.000000028,0.000026487,-0.000015693,-0.000053348,0.002111522,0.000265303,-0.000005515,-0.000000072,-0.000000095,0.022999990
413,1.745833,-0.000000073,-0.000000094,0.222999990,0.999999940,0.000001471,-0.000000869,0.000000008,0.000026355,-0.000015660,-0.000053264,0.002108163,0.000262320,-0.000005636,-0.000000073,-0.000000094,0.022999990
414,1.750000,-0.000000072,-0.000000092,0.222999990,0.999999940,0.000001382,-0.000000763,0.000000023,0.000026568,-0.000015484,-0.000053336,0.002107006,0.000266218,-0.000005652,-0.000000072,-0.000000092,0.022999990
415,1.754167,-0.000000070,-0.000000094,0.222999990,0.999999940,0.000001293,-0.000000678,0.000000015,0.000026639,-0.000015679,-0.000053329,0.002110585,0.000269349,-0.000005324,-0.000000070,-0.000000094,0.022999990
416,1.758333,-0.000000072,-0.000000095,0.222999990,1.000000000,0.000001343,-0.000000714,0.000000015,0.000026140,-0.000015939,-0.000053183,0.002111617,0.000258636,-0.000005482,-0.000000072,-0.000000095,0.022999990
417,1.762500,-0.000000074,-0.000000093,0.222999990,1.000000000,0.000001355,-0.000000780,0.000000015,0.000025921,-0.000015901,-0.000053158,0.002110174,0.000252714,-0.000005767,-0.000000074,-0.000000093,0.022999990
418,1.766667,-0.000000072,-0.000000095,0.222999990,1.000000000,0.000001260,-0.000000490,-0.000000020,0.000026887,-0.000015555,-0.000053374,0.002109723,0.000274544,-0.000005212,-0.000000072,-0.000000095,0.022999990
419,1.770833,-0.000000074,-0.000000093,0.222999990,0.999999940,0.000001345,-0.000000769,0.000000003,0.000026063,-0.000015713,-0.000053147,0.002105836,0.000255640,-0.000005808,-0.000000074,-0.000000093,0.022999990
420,1.775000,-0.000000071,-0.000000093,0.222999990,0.999999940,0.000001273,-0.000000664,0.000000018,0.000026901,-0.000015471,-0.000053356,0.002107473,0.000274591,-0.000005279,-0.000000071,-0.000000093,0.022999990
421,1.779167,-0.000000071,-0.000000093,0.222999990,1.000000000,0.000001322,-0.000000702,0.000000019,0.000026386,-0.000015694,-0.000053222,0.002107775,0.000263427,-0.000005507,-0.000000071,-0.000000093,0.022999990
422,1.783333,-0.000000073,-0.000000095,0.222999990,0.999999940,0.000001508,-0.000000865,0.000000018,0.000025941,-0.000016142,-0.000053158,0.002115059,0.000254667,-0.000005462,-0.000000073,-0.000000095,0.022999990
423,1.787500,-0.000000074,-0.000000093,0.222999990,0.999999940,0.000001383,-0.000000797,0.000000022,0.000026399,-0.000015588,-0.000053333,0.002109074,0.000262331,-0.000005731,-0.000000074,-0.000000093,0.022999990
424,1.791667,-0.000000071,-0.000000093,0.222999990,0.999999940,0.000001269,-0.000000527,-0.000000024,0.000026850,-0.000015491,-0.000053377,0.002108395,0.000273344,-0.000005337,-0.000000071,-0.000000093,0.022999990
425,1.795833,-0.000000071,-0.000000092,0.222999990,1.000000000,0.000001380,-0.000000783,0.000000012,0.000026376,-0.000015626,-0.000053218,0.002106185,0.000262848,-0.000005601,-0.000000071,-0.000000092,0.022999990
426,1.800000,-0.000000074,-0.000000093,0.222999990,1.000000000,0.000001420,-0.000000818,0.000000011,0.000025787,-0.000016151,-0.000053148,0.002114911,0.000250798,-0.000005628,-0.000000074,-0.000000093,0.022999990
427,1.804167,-0.000000073,-0.000000095,0.222999990,1.000000000,0.000001442,-0.000000676,-0.000000035,0.000026660,-0.000015698,-0.000053368,0.002112425,0.000269532,-0.000005317,-0.000000073,-0.000000095,0.022999990
428,1.808333,-0.000000073,-0.000000094,0.222999990,1.000000000,0.000001417,-0.000000796,0.000000015,0.000026314,-0.000015752,-0.000053281,0.002110565,0.000261688,-0.000005602,-0.000000073,-0.000000094,0.022999990
429,1.812500,-0.000000072,-0.000000094,0.222999990,1.000000000,0.000001326,-0.000000699,0.000000018,0.000026541,-0.000015580,-0.000053319,0.002108430,0.000266190,-0.000005553,-0.000000072,-0.000000094,0.022999990
430,1.816667,-0.000000072,-0.000000096,0.222999990,0.999999940,0.000001513,-0.000000867,0.000000019,0.000026277,-0.000015952,-0.000053228,0.002113195,0.000262025,-0.000005343,-0.000000072,-0.000000096,0.022999990
431,1.820833,-0.000000072,-0.000000094,0.222999990,0.999999940,0.000001388,-0.000000799,0.000000022,0.000026388,-0.000015578,-0.000053327,0.002108556,0.000262197,-0.000005752,-0.000000072,-0.000000094,0.022999990
432,1.825000,-0.000000072,-0.000000094,0.222999990,0.999999940,0.000001298,-0.000000706,0.000000013,0.000026509,-0.000015677,-0.000053304,0.002109954,0.000265969,-0.000005460,-0.000000072,-0.000000094,0.022999990
433,1.829167,-0.000000071,-0.000000093,0.222999990,1.000000000,0.000001345,-0.000000741,0.000000002,0.000026630,-0.000015423,-0.000053275,0.002103974,0.000267823,-0.000005574,-0.000000071,-0.000000093,0.022999990
434,1.833333,-0.000000073,-0.000000093,0.222999990,1.000000000,0.000001384,-0.000000783,0.000000014,0.000025978,-0.000016027,-0.000053172,0.002113089,0.000254932,-0.000005569,-0.000000073,-0.000000093,0.022999990
435,1.837500,-0.000000073,-0.000000094,0.222999990,1.000000000,0.000001425,-0.000000820,0.000000016,0.000026346,-0.000015781,-0.000053279,0.002111408,0.000262369,-0.000005513,-0.000000073,-0.000000094,0.022999990
436,1.841667,-0.000000074,-0.000000095,0.222999990,1.000000000,0.000001471,-0.000000855,0.000000007,0.000026300,-0.000015869,-0.000053281,0.002113206,0.000261757,-0.000005470,-0.000000074,-0.000000095,0.022999990
437,1.845833,-0.000000074,-0.000000094,0.222999990,1.000000000,0.000001516,-0.000000880,-0.000000002,0.000026370,-0.000015669,-0.000053306,0.002109865,0.000262287,-0.000005642,-0.000000074,-0.000000094,0.022999990
438,1.850000,-0.000000073,-0.000000096,0.222999990,1.000000000,0.000001376,-0.000000636,-0.000000024,0.000026375,-0.000015923,-0.000053349,0.002116076,0.000263856,-0.000005392,-0.000000073,-0.000000096,0.022999990
439,1.854167,-0.000000073,-0.000000095,0.222999990,0.999999940,0.000001494,-0.000000877,0.000000012,0.000026368,-0.000015653,-0.000053269,0.002108307,0.000262473,-0.000005633,-0.000000073,-0.000000095,0.022999990
440,1.858333,-0.000000073,-0.000000093,0.222999990,0.999999940,0.000001258,-0.000000653,0.000000004,0.000026560,-0.000015491,-0.000053345,0.002107403,0.000265991,-0.000005657,-0.000000073,-0.000000093,0.022999990
441,1.862500,-0.000000072,-0.000000093,0.222999990,1.000000000,0.000001305,-0.000000697,-0.000000006,0.000026561,-0.000015625,-0.000053250,0.002107272,0.000267327,-0.000005399,-0.000000072,-0.000000093,0.022999990
442,1.866667,-0.000000072,-0.000000094,0.222999990,0.999999940,0.000001358,-0.000000732,0.000000007,0.000026339,-0.000015825,-0.000053234,0.002110808,0.000262813,-0.000005425,-0.000000072,-0.000000094,0.022999990
443,1.870833,-0.000000070,-0.000000094,0.222999990,0.999999940,0.000001263,-0.000000649,0.000000022,0.000026741,-0.000015458,-0.000053331,0.002106385,0.000270541,-0.000005464,-0.000000070,-0.000000094,0.022999990
444,1.875000,-0.000000071,-0.000000094,0.222999990,1.000000000,0.000001309,-0.000000688,0.000000009,0.000026213,-0.000015804,-0.000053174,0.002108622,0.000259745,-0.000005536,-0.000000071,-0.000000094,0.022999990
445,1.879167,-0.000000073,-0.000000094,0.222999990,0.999999940,0.000001361,-0.000000718,0.000000021,0.000026010,-0.000016020,-0.000053165,0.002112892,0.000255618,-0.000005528,-0.000000073,-0.000000094,0.022999990
446,1.883333,-0.000000072,-0.000000092,0.222999990,0.999999940,0.000001241,-0.000000657,0.000000012,0.000026822,-0.000015266,-0.000053350,0.002103072,0.000271345,-0.000005600,-0.000000072,-0.000000092,0.022999990
447,1.887500,-0.000000071,-0.000000093,0.222999990,1.000000000,0.000001290,-0.000000703,0.000000013,0.000026527,-0.000015708,-0.000053244,0.002108736,0.000267036,-0.000005339,-0.000000071,-0.000000093,0.022999990
448,1.891667,-0.000000073,-0.000000093,0.222999990,0.999999940,0.000001339,-0.000000732,0.000000012,0.000026024,-0.000015920,-0.000053161,0.002110655,0.000255552,-0.000005623,-0.000000073,-0.000000093,0.022999990
449,1.895833,-0.000000073,-0.000000093,0.222999990,1.000000000,0.000001392,-0.000000762,0.000000013,0.000026398,-0.000015735,-0.000053254,0.002109803,0.000263590,-0.000005478,-0.000000073,-0.000000093,0.022999990
450,1.900000,-0.000000074,-0.000000094,0.222999990,1.000000000,0.000001412,-0.000000827,0.000000015,0.000026145,-0.000015941,-0.000053238,0.002113324,0.000258448,-0.000005533,-0.000000074,-0.000000094,0.022999990
451,1.904167,-0.000000073,-0.000000095,0.222999990,1.000000000,0.000001434,-0.000000685,-0.000000031,0.000026648,-0.000015688,-0.000053360,0.002111852,0.000269281,-0.000005336,-0.000000073,-0.000000095,0.022999990
452,1.908333,-0.000000073,-0.000000094,0.222999990,1.000000000,0.000001407,-0.000000804,0.000000007,0.000026340,-0.000015663,-0.000053280,0.002108740,0.000261795,-0.000005668,-0.000000073,-0.000000094,0.022999990
453,1.912500,-0.000000073,-0.000000095,0.222999990,1.000000000,0.000001450,-0.000000842,0.000000021,0.000026309,-0.000015863,-0.000053270,0.002112763,0.000262025,-0.000005458,-0.000000073,-0.000000095,0.022999990
454,1.916667,-0.000000074,-0.000000095,0.222999990,1.000000000,0.000001495,-0.000000870,0.000000010,0.000026165,-0.000015862,-0.000053258,0.002112345,0.000258307,-0.000005619,-0.000000074,-0.000000095,0.022999990
455,1.920833,-0.000000071,-0.000000094,0.222999990,1.000000000,0.000001240,-0.000000470,-0.000000023,0.000026897,-0.000015385,-0.000053428,0.002107703,0.000273690,-0.000005458,-0.000000071,-0.000000094,0.022999990
456,1.925000,-0.000000074,-0.000000092,0.222999990,0.999999940,0.000001323,-0.000000751,0.000000010,0.000025922,-0.000015781,-0.000053101,0.002105886,0.000252568,-0.000005853,-0.000000074,-0.000000092,0.022999990
457,1.929167,-0.000000071,-0.000000093,0.222999990,0.999999940,0.000001225,-0.000000466,-0.000000024,0.000027097,-0.000015364,-0.000053399,0.002106643,0.000278716,-0.000005204,-0.000000071,-0.000000093,0.022999990
458,1.933333,-0.000000072,-0.000000093,0.222999990,0.999999940,0.000001480,-0.000000846,0.000000010,0.000026181,-0.000015797,-0.000053150,0.002107533,0.000259251,-0.000005568,-0.000000072,-0.000000093,0.022999990
459,1.937500,-0.000000071,-0.000000092,0.222999990,0.999999940,0.000001483,-0.000000717,-0.000000025,0.000026529,-0.000015593,-0.000053350,0.002109569,0.000265788,-0.000005586,-0.000000071,-0.000000092,0.022999990
460,1.941667,-0.000000071,-0.000000095,0.222999990,0.999999940,0.000001443,-0.000000651,-0.000000024,0.000026133,-0.000016131,-0.000053285,0.002118337,0.000259162,-0.000005383,-0.000000071,-0.000000095,0.022999990
461,1.945833,-0.000000073,-0.000000093,0.222999990,0.999999940,0.000001394,-0.000000791,0.000000013,0.000026193,-0.000015689,-0.000053262,0.002108905,0.000258133,-0.000005802,-0.000000073,-0.000000093,0.022999990
462,1.950000,-0.000000072,-0.000000093,0.222999990,0.999999940,0.000001303,-0.000000698,0.000000004,0.000026516,-0.000015682,-0.000053307,0.002110234,0.000266079,-0.000005447,-0.000000072,-0.000000093,0.022999990
463,1.954167,-0.000000071,-0.000000093,0.222999990,1.000000000,0.000001355,-0.000000734,-0.000000006,0.000026542,-0.000015639,-0.000053271,0.002108217,0.000266791,-0.000005429,-0.000000071,-0.000000093,0.022999990
464,1.958333,-0.000000073,-0.000000094,0.222999990,1.000000000,0.000001393,-0.000000776,0.000000006,0.000025980,-0.000016026,-0.000053177,0.002113265,0.000254921,-0.000005573,-0.000000073,-0.000000094,0.022999990
465,1.962500,-0.000000073,-0.000000093,0.222999990,1.000000000,0.000001301,-0.000000680,0.000000019,0.000026409,-0.000015654,-0.000053284,0.002109007,0.000263257,-0.000005592,-0.000000073,-0.000000093,0.022999990
466,1.966667,-0.000000072,-0.000000094,0.222999990,0.999999940,0.000001354,-0.000000717,0.000000021,0.000026536,-0.000015718,-0.000053275,0.002109934,0.000267057,-0.000005349,-0.000000072,-0.000000094,0.022999990
467,1.970833,-0.000000072,-0.000000093,0.222999990,1.000000000,0.000001382,-0.000000773,0.000000011,0.000026599,-0.000015444,-0.000053293,0.002104856,0.000267073,-0.000005608,-0.000000072,-0.000000093,0.022999990
468,1.975000,-0.000000072,-0.000000093,0.222999990,1.000000000,0.000001423,-0.000000816,0.000000002,0.000026312,-0.000015850,-0.000053256,0.002111966,0.000262209,-0.000005451,-0.000000072,-0.000000093,0.022999990
469,1.979167,-0.000000072,-0.000000095,0.222999990,1.000000000,0.000001471,-0.000000851,0.000000004,0.000026275,-0.000015958,-0.000053286,0.002115014,0.000261679,-0.000005402,-0.000000072,-0.000000095,0.022999990
470,1.983333,-0.000000071,-0.000000095,0.222999990,1.000000000,0.000001384,-0.000000746,0.000000008,0.000026520,-0.000015594,-0.000053341,0.002109377,0.000265592,-0.000005586,-0.000000071,-0.000000095,0.022999990
471,1.987500,-0.000000073,-0.000000094,0.222999990,1.000000000,0.000001400,-0.000000807,0.000000020,0.000026039,-0.000015834,-0.000053197,0.002109980,0.000255252,-0.000005745,-0.000000073,-0.000000094,0.022999990
472,1.991667,-0.000000074,-0.000000095,0.222999990,1.000000000,0.000001443,-0.000000843,0.000000021,0.000026170,-0.000015946,-0.000053243,0.002113696,0.000258946,-0.000005500,-0.000000074,-0.000000095,0.022999990
473,1.995833,-0.000000074,-0.000000094,0.222999990,1.000000000,0.000001354,-0.000000742,0.000000024,0.000026575,-0.000015553,-0.000053340,0.002108544,0.000266716,-0.000005564,-0.000000074,-0.000000094,0.022999990
474,2.000000,-0.000000071,-0.000000096,0.222999990,1.000000000,0.000001370,-0.000000615,-0.000000021,0.000026789,-0.000015671,-0.000053359,0.002111294,0.000273090,-0.000005181,-0.000000071,-0.000000096,0.022999990
475,2.004167,-0.000000073,-0.000000095,0.222999990,0.999999940,0.000001487,-0.000000851,0.000000014,0.000026013,-0.000015828,-0.000053187,0.002109321,0.000254754,-0.000005780,-0.000000073,-0.000000095,0.022999990
476,2.008333,-0.000000072,-0.000000093,0.222999990,0.999999940,0.000001510,-0.000000903,0.000000005,0.000026561,-0.000015509,-0.000053350,0.002108027,0.000266007,-0.000005642,-0.000000072,-0.000000093,0.022999990
477,2.012500,-0.000000072,-0.000000093,0.222999990,0.999999940,0.000001390,-0.000000628,-0.000000018,0.000026453,-0.000015711,-0.000053345,0.002111760,0.000264589,-0.000005540,-0.000000072,-0.000000093,0.022999990
478,2.016667,-0.000000073,-0.000000094,0.222999990,1.000000000,0.000001511,-0.000000869,0.000000007,0.000026113,-0.000015959,-0.000053225,0.002113106,0.000257941,-0.000005540,-0.000000073,-0.000000094,0.022999990
479,2.020833,-0.000000073,-0.000000094,0.222999990,1.000000000,0.000001388,-0.000000801,-0.000000001,0.000026346,-0.000015697,-0.000053325,0.002110949,0.000261729,-0.000005659,-0.000000073,-0.000000094,0.022999990
480,2.025000,-0.000000073,-0.000000095,0.222999990,1.000000000,0.000001432,-0.000000840,0.000000013,0.000026309,-0.000015862,-0.000053271,0.002112720,0.000262042,-0.000005459,-0.000000073,-0.000000095,0.022999990
481,2.029167,-0.000000073,-0.000000093,0.222999990,1.000000000,0.000001341,-0.000000735,0.000000015,0.000026403,-0.000015571,-0.000053295,0.002107522,0.000262645,-0.000005705,-0.000000073,-0.000000093,0.022999990
482,2.033333,-0.000000073,-0.000000093,0.222999990,1.000000000,0.000001247,-0.000000650,0.000000006,0.000026544,-0.000015646,-0.000053289,0.002108917,0.000266770,-0.000005436,-0.000000073,-0.000000093,0.022999990
483,2.037500,-0.000000073,-0.000000094,0.222999990,0.999999940,0.000001296,-0.000000693,0.000000018,0.000026359,-0.000015808,-0.000053217,0.002109981,0.000263338,-0.000005402,-0.000000073,-0.000000094,0.022999990
484,2.041667,-0.000000072,-0.000000094,0.222999990,1.000000000,0.000001347,-0.000000729,0.000000008,0.000026546,-0.000015643,-0.000053275,0.002108454,0.000266907,-0.000005424,-0.000000072,-0.000000094,0.022999990
485,2.045833,-0.000000071,-0.000000093,0.222999990,1.000000000,0.000001251,-0.000000643,0.000000011,0.000026601,-0.000015513,-0.000053295,0.002106360,0.000267503,-0.000005532,-0.000000071,-0.000000093,0.022999990
486,2.050000,-0.000000073,-0.000000094,0.222999990,0.999999940,0.000001298,-0.000000681,0.000000022,0.000026017,-0.000015995,-0.000053139,0.002111532,0.000255871,-0.000005522,-0.000000073,-0.000000094,0.022999990
487,2.054167,-0.000000072,-0.000000094,0.222999990,1.000000000,0.000001350,-0.000000717,0.000000011,0.000026558,-0.000015653,-0.000053281,0.002108922,0.000267126,-0.000005402,-0.000000072,-0.000000094,0.022999990
488,2.058333,-0.000000074,-0.000000093,0.222999990,1.000000000,0.000001230,-0.000000655,0.000000012,0.000026248,-0.000015705,-0.000053222,0.002108018,0.000259833,-0.000005663,-0.000000074,-0.000000093,0.022999990
489,2.062500,-0.000000074,-0.000000095,0.222999990,0.999999940,0.000001300,-0.000000677,0.000000013,0.000026338,-0.000015923,-0.000053198,0.002111878,0.000263465,-0.000005270,-0.000000074,-0.000000095,0.022999990
490,2.066667,-0.000000071,-0.000000094,0.222999990,1.000000000,0.000001349,-0.000000721,0.000000015,0.000026921,-0.000015358,-0.000053340,0.002104594,0.000274605,-0.000005364,-0.000000071,-0.000000094,0.022999990
491,2.070833,-0.000000073,-0.000000094,0.222999990,1.000000000,0.000001251,-0.000000633,0.000000015,0.000026042,-0.000015882,-0.000053166,0.002109890,0.000255908,-0.000005650,-0.000000073,-0.000000094,0.022999990
492,2.075000,-0.000000073,-0.000000094,0.222999990,0.999999940,0.000001296,-0.000000678,0.000000016,0.000026452,-0.000015689,-0.000053222,0.002107953,0.000264810,-0.000005428,-0.000000073,-0.000000094,0.022999990
493,2.079167,-0.000000073,-0.000000093,0.222999990,1.000000000,0.000001344,-0.000000717,0.000000017,0.000026577,-0.000015544,-0.000053260,0.002106004,0.000267155,-0.000005486,-0.000000073,-0.000000093,0.022999990
494,2.083333,-0.000000073,-0.000000095,0.222999990,1.000000000,0.000001384,-0.000000769,0.000000019,0.000026306,-0.000015922,-0.000053242,0.002113029,0.000262481,-0.000005358,-0.000000073,-0.000000095,0.022999990
495,2.087500,-0.000000073,-0.000000094,0.222999990,1.000000000,0.000001289,-0.000000677,0.000000009,0.000026408,-0.000015636,-0.000053273,0.002108248,0.000263242,-0.000005596,-0.000000073,-0.000000094,0.022999990
496,2.091667,-0.000000073,-0.000000093,0.222999990,0.999999940,0.000001336,-0.000000714,-0.000000003,0.000026445,-0.000015607,-0.000053230,0.002106393,0.000264274,-0.000005540,-0.000000073,-0.000000093,0.022999990
497,2.095833,-0.000000072,-0.000000094,0.222999990,1.000000000,0.000001389,-0.000000746,0.000000011,0.000026533,-0.000015650,-0.000053277,0.002108649,0.000266593,-0.000005437,-0.000000072,-0.000000094,0.022999990
498,2.100000,-0.000000072,-0.000000095,0.222999990,1.000000000,0.000001410,-0.000000814,0.000000025,0.000026290,-0.000015863,-0.000053269,0.002112558,0.000261644,-0.000005479,-0.000000072,-0.000000095,0.022999990
499,2.104167,-0.000000073,-0.000000094,0.222999990,1.000000000,0.000001319,-0.000000714,0.000000015,0.000026390,-0.000015654,-0.000053288,0.002109043,0.000262815,-0.000005617,-0.000000073,-0.000000094,0.022999990
500,2.108333,-0.000000073,-0.000000095,0.222999990,1.000000000,0.000001224,-0.000000631,0.000000006,0.000026338,-0.000015839,-0.000053243,0.002111503,0.000262779,-0.000005418,-0.000000073,-0.000000095,0.022999990
501,2.112500,-0.000000073,-0.000000093,0.222999990,0.999999940,0.000001266,-0.000000675,0.000000005,0.000026529,-0.000015463,-0.000053221,0.002103383,0.000265526,-0.000005599,-0.000000073,-0.000000093,0.022999990
502,2.116667,-0.000000072,-0.000000093,0.222999990,1.000000000,0.000001315,-0.000000715,0.000000018,0.000026551,-0.000015634,-0.000053256,0.002107666,0.000267056,-0.000005410,-0.000000072,-0.000000093,0.022999990
503,2.120833,-0.000000072,-0.000000094,0.222999990,1.000000000,0.000001221,-0.000000633,0.000000009,0.000026331,-0.000015833,-0.000053243,0.002111266,0.000262583,-0.000005431,-0.000000072,-0.000000094,0.022999990
504,2.125000,-0.000000072,-0.000000094,0.222999990,0.999999940,0.000001266,-0.000000678,0.000000009,0.000026440,-0.000015679,-0.000053219,0.002107602,0.000264528,-0.000005451,-0.000000072,-0.000000094,0.022999990
505,2.129167,-0.000000072,-0.000000094,0.222999990,1.000000000,0.000001315,-0.000000718,0.000000022,0.000026552,-0.000015634,-0.000053262,0.002107816,0.000267063,-0.000005415,-0.000000072,-0.000000094,0.022999990
506,2.133333,-0.000000074,-0.000000095,0.222999990,1.000000000,0.000001352,-0.000000763,0.000000010,0.000025990,-0.000016018,-0.000053169,0.002112859,0.000255197,-0.000005555,-0.000000074,-0.000000095,0.022999990
507,2.137500,-0.000000073,-0.000000094,0.222999990,1.000000000,0.000001256,-0.000000677,0.000000013,0.000026619,-0.000015527,-0.000053308,0.002107141,0.000267794,-0.000005503,-0.000000073,-0.000000094,0.022999990
508,2.141667,-0.000000072,-0.000000095,0.222999990,0.999999940,0.000001328,-0.000000694,0.000000014,0.000026559,-0.000015690,-0.000053255,0.002108791,0.000267595,-0.000005330,-0.000000072,-0.000000095,0.022999990
509,2.145833,-0.000000072,-0.000000093,0.222999990,1.000000000,0.000001354,-0.000000751,0.000000015,0.000026456,-0.000015510,-0.000053250,0.002104907,0.000263968,-0.000005664,-0.000000072,-0.000000093,0.022999990
510,2.150000,-0.000000072,-0.000000094,0.222999990,1.000000000,0.000001393,-0.000000798,0.000000028,0.000026325,-0.000015846,-0.000053248,0.002111726,0.000262502,-0.000005435,-0.000000072,-0.000000094,0.022999990
511,2.154167,-0.000000073,-0.000000095,0.222999990,1.000000000,0.000001436,-0.000000833,0.000000006,0.000026120,-0.000015973,-0.000053235,0.002113858,0.000257942,-0.000005518,-0.000000073,-0.000000095,0.022999990
512,2.158333,-0.000000074,-0.000000094,0.222999990,1.000000000,0.000001347,-0.000000730,0.000000020,0.000026385,-0.000015666,-0.000053299,0.002109694,0.000262568,-0.000005626,-0.000000074,-0.000000094,0.022999990
513,2.162500,-0.000000071,-0.000000094,0.222999990,1.000000000,0.000001229,-0.000000468,-0.000000026,0.000026884,-0.000015460,-0.000053365,0.002107412,0.000274075,-0.000005315,-0.000000071,-0.000000094,0.022999990
514,2.166667,-0.000000074,-0.000000094,0.222999990,1.000000000,0.000001483,-0.000000843,0.000000007,0.000025863,-0.000015974,-0.000053082,0.002109245,0.000252265,-0.000005681,-0.000000074,-0.000000094,0.022999990
515,2.170833,-0.000000072,-0.000000095,0.222999990,1.000000000,0.000001489,-0.000000718,-0.000000016,0.000026617,-0.000015728,-0.000053388,0.002113450,0.000268636,-0.000005361,-0.000000072,-0.000000095,0.022999990
516,2.175000,-0.000000073,-0.000000094,0.222999990,1.000000000,0.000001444,-0.000000852,0.000000010,0.000026111,-0.000015805,-0.000053267,0.002111139,0.000256825,-0.000005768,-0.000000073,-0.000000094,0.022999990
517,2.179167,-0.000000075,-0.000000093,0.222999990,1.000000000,0.000001354,-0.000000746,0.000000012,0.000026237,-0.000015743,-0.000053263,0.002110152,0.000259446,-0.000005675,-0.000000075,-0.000000093,0.022999990
518,2.183333,-0.000000073,-0.000000095,0.222999990,1.000000000,0.000001263,-0.000000664,0.000000027,0.000026673,-0.000015664,-0.000053329,0.002110460,0.000269996,-0.000005304,-0.000000073,-0.000000095,0.022999990
519,2.187500,-0.000000074,-0.000000094,0.222999990,0.999999940,0.000001310,-0.000000704,0.000000015,0.000026229,-0.000015789,-0.000053181,0.002108598,0.000260023,-0.000005541,-0.000000074,-0.000000094,0.022999990
520,2.191667,-0.000000071,-0.000000093,0.222999990,1.000000000,0.000001358,-0.000000743,0.000000006,0.000026982,-0.000015246,-0.000053353,0.002102736,0.000275426,-0.000005430,-0.000000071,-0.000000093,0.022999990
521,2.195833,-0.000000073,-0.000000094,0.222999990,1.000000000,0.000001396,-0.000000785,0.000000018,0.000025966,-0.000016017,-0.000053167,0.002112603,0.000254752,-0.000005592,-0.000000073,-0.000000094,0.022999990
522,2.200000,-0.000000073,-0.000000095,0.222999990,1.000000000,0.000001440,-0.000000826,0.000000021,0.000026512,-0.000015760,-0.000053322,0.002112226,0.000266319,-0.000005378,-0.000000073,-0.000000095,0.022999990
523,2.204167,-0.000000072,-0.000000093,0.222999990,1.000000000,0.000001350,-0.000000724,0.000000012,0.000026587,-0.000015454,-0.000053332,0.002106262,0.000266554,-0.000005654,-0.000000072,-0.000000093,0.022999990
524,2.208333,-0.000000071,-0.000000094,0.222999990,1.000000000,0.000001258,-0.000000640,0.000000015,0.000026512,-0.000015730,-0.000053287,0.002110503,0.000266470,-0.000005377,-0.000000071,-0.000000094,0.022999990
525,2.212500,-0.000000072,-0.000000095,0.222999990,0.999999940,0.000001306,-0.000000680,0.000000015,0.000026210,-0.000015883,-0.000053185,0.002110610,0.000259992,-0.000005462,-0.000000072,-0.000000095,0.022999990
526,2.216667,-0.000000071,-0.000000093,0.222999990,1.000000000,0.000001353,-0.000000715,0.000000005,0.000026640,-0.000015431,-0.000053281,0.002104454,0.000267937,-0.000005559,-0.000000071,-0.000000093,0.022999990
527,2.220833,-0.000000073,-0.000000094,0.222999990,1.000000000,0.000001369,-0.000000785,0.000000017,0.000025966,-0.000016033,-0.000053172,0.002113153,0.000254736,-0.000005576,-0.000000073,-0.000000094,0.022999990
528,2.225000,-0.000000074,-0.000000095,0.222999990,1.000000000,0.000001410,-0.000000824,0.000000018,0.000026141,-0.000015975,-0.000053233,0.002113970,0.000258411,-0.000005490,-0.000000074,-0.000000095,0.022999990
529,2.229167,-0.000000073,-0.000000094,0.222999990,1.000000000,0.000001321,-0.000000729,0.000000010,0.000026736,-0.000015472,-0.000053365,0.002107626,0.000270303,-0.000005485,-0.000000073,-0.000000094,0.022999990
530,2.233333,-0.000000073,-0.000000093,0.222999990,0.999999940,0.000001371,-0.000000759,-0.000000001,0.000026414,-0.000015612,-0.000053241,0.002106768,0.000263512,-0.000005584,-0.000000073,-0.000000093,0.022999990
531,2.237500,-0.000000072,-0.000000093,0.222999990,0.999999940,0.000001279,-0.000000670,0.000000014,0.000026516,-0.000015667,-0.000053296,0.002109518,0.000266111,-0.000005459,-0.000000072,-0.000000093,0.022999990
532,2.241667,-0.000000072,-0.000000094,0.222999990,1.000000000,0.000001328,-0.000000711,0.000000027,0.000026550,-0.000015631,-0.000053262,0.002107759,0.000267036,-0.000005423,-0.000000072,-0.000000094,0.022999990
533,2.245833,-0.000000074,-0.000000094,0.222999990,1.000000000,0.000001365,-0.000000756,0.000000015,0.000025991,-0.000016018,-0.000053170,0.002112847,0.000255210,-0.000005555,-0.000000074,-0.000000094,0.022999990
534,2.250000,-0.000000074,-0.000000094,0.222999990,1.000000000,0.000001271,-0.000000663,0.000000005,0.000026420,-0.000015647,-0.000053276,0.002108634,0.000263450,-0.000005572,-0.000000074,-0.000000094,0.022999990
535,2.254167,-0.000000071,-0.000000094,0.222999990,0.999999940,0.000001321,-0.000000708,0.000000020,0.000026911,-0.000015435,-0.000053338,0.002106127,0.000274767,-0.000005288,-0.000000071,-0.000000094,0.022999990
536,2.258333,-0.000000071,-0.000000094,0.222999990,0.999999940,0.000001225,-0.000000626,0.000000022,0.000026367,-0.000015710,-0.000053239,0.002108526,0.000262978,-0.000005528,-0.000000071,-0.000000094,0.022999990
537,2.262500,-0.000000071,-0.000000093,0.222999990,1.000000000,0.000001268,-0.000000670,0.000000010,0.000026449,-0.000015606,-0.000053212,0.002105852,0.000264430,-0.000005515,-0.000000071,-0.000000093,0.022999990
538,2.266667,-0.000000073,-0.000000093,0.222999990,0.999999940,0.000001315,-0.000000703,0.000000009,0.000026078,-0.000015880,-0.000053157,0.002109777,0.000256701,-0.000005597,-0.000000073,-0.000000093,0.022999990
539,2.270833,-0.000000073,-0.000000094,0.222999990,1.000000000,0.000001369,-0.000000740,0.000000011,0.000026532,-0.000015742,-0.000053279,0.002110688,0.000266904,-0.000005331,-0.000000073,-0.000000094,0.022999990
540,2.275000,-0.000000074,-0.000000095,0.222999990,1.000000000,0.000001387,-0.000000809,0.000000012,0.000026110,-0.000015965,-0.000053221,0.002113306,0.000257767,-0.000005531,-0.000000074,-0.000000095,0.022999990
541,2.279167,-0.000000072,-0.000000095,0.222999990,1.000000000,0.000001319,-0.000000693,0.000000016,0.000026743,-0.000015540,-0.000053349,0.002108667,0.000270887,-0.000005382,-0.000000072,-0.000000095,0.022999990
542,2.283333,-0.000000072,-0.000000095,0.222999990,0.999999940,0.000001369,-0.000000728,0.000000016,0.000026358,-0.000015729,-0.000053229,0.002108715,0.000262815,-0.000005505,-0.000000072,-0.000000095,0.022999990
543,2.287500,-0.000000072,-0.000000093,0.222999990,0.999999940,0.000001250,-0.000000663,0.000000018,0.000026445,-0.000015532,-0.000053268,0.002105990,0.000263607,-0.000005672,-0.000000072,-0.000000093,0.022999990
544,2.291667,-0.000000072,-0.000000093,0.222999990,1.000000000,0.000001297,-0.000000707,0.000000007,0.000026565,-0.000015628,-0.000053250,0.002107424,0.000267412,-0.000005388,-0.000000072,-0.000000093,0.022999990
545,2.295833,-0.000000074,-0.000000094,0.222999990,0.999999940,0.000001349,-0.000000738,0.000000019,0.000025998,-0.000016010,-0.000053161,0.002112414,0.000255418,-0.000005550,-0.000000074,-0.000000094,0.022999990
546,2.300000,-0.000000071,-0.000000094,0.222999990,0.999999940,0.000001231,-0.000000475,-0.000000027,0.000026881,-0.000015483,-0.000053372,0.002108203,0.000273998,-0.000005302,-0.000000071,-0.000000094,0.022999990
547,2.304167,-0.000000071,-0.000000092,0.222999990,0.999999940,0.000001352,-0.000000720,0.000000019,0.000026458,-0.000015483,-0.000053206,0.002102923,0.000264220,-0.000005656,-0.000000071,-0.000000092,0.022999990
548,2.308333,-0.000000072,-0.000000092,0.222999990,0.999999940,0.000001367,-0.000000791,0.000000009,0.000026174,-0.000015853,-0.000053210,0.002110728,0.000258867,-0.000005567,-0.000000072,-0.000000092,0.022999990
549,2.312500,-0.000000072,-0.000000093,0.222999990,0.999999940,0.000001297,-0.000000678,0.000000011,0.000026520,-0.000015747,-0.000053296,0.002111231,0.000266630,-0.000005357,-0.000000072,-0.000000093,0.022999990
550,2.316667,-0.000000073,-0.000000094,0.222999990,1.000000000,0.000001348,-0.000000714,0.000000011,0.000026144,-0.000015942,-0.000053185,0.002111791,0.000258657,-0.000005473,-0.000000073,-0.000000094,0.022999990
551,2.320833,-0.000000074,-0.000000093,0.222999990,1.000000000,0.000001361,-0.000000785,0.000000012,0.000026261,-0.000015715,-0.000053231,0.002108596,0.000260129,-0.000005644,-0.000000074,-0.000000093,0.022999990
552,2.325000,-0.000000072,-0.000000095,0.222999990,1.000000000,0.000001292,-0.000000674,0.000000027,0.000026684,-0.000015657,-0.000053329,0.002110294,0.000270245,-0.000005297,-0.000000072,-0.000000095,0.022999990
553,2.329167,-0.000000072,-0.000000094,0.222999990,0.999999940,0.000001339,-0.000000712,0.000000016,0.000026434,-0.000015596,-0.000053229,0.002106103,0.000263928,-0.000005567,-0.000000072,-0.000000094,0.022999990
554,2.333333,-0.000000071,-0.000000095,0.222999990,1.000000000,0.000001395,-0.000000747,0.000000007,0.000026662,-0.000015667,-0.000053313,0.002109998,0.000269882,-0.000005294,-0.000000071,-0.000000095,0.022999990
555,2.337500,-0.000000073,-0.000000094,0.222999990,1.000000000,0.000001410,-0.000000808,0.000000019,0.000026033,-0.000015827,-0.000053199,0.002109758,0.000255106,-0.000005762,-0.000000073,-0.000000094,0.022999990
556,2.341667,-0.000000073,-0.000000095,0.222999990,1.000000000,0.000001455,-0.000000843,0.000000010,0.000026312,-0.000015880,-0.000053286,0.002113580,0.000262048,-0.000005444,-0.000000073,-0.000000095,0.022999990
557,2.345833,-0.000000073,-0.000000094,0.222999990,1.000000000,0.000001367,-0.000000739,0.000000024,0.000026378,-0.000015660,-0.000053298,0.002109342,0.000262504,-0.000005638,-0.000000073,-0.000000094,0.022999990
558,2.350000,-0.000000072,-0.000000096,0.222999990,1.000000000,0.000001409,-0.000000789,0.000000015,0.000026454,-0.000015862,-0.000053288,0.002113232,0.000265738,-0.000005295,-0.000000072,-0.000000096,0.022999990
559,2.354167,-0.000000073,-0.000000096,0.222999990,1.000000000,0.000001451,-0.000000826,0.000000017,0.000026328,-0.000015766,-0.000053273,0.002110839,0.000261962,-0.000005548,-0.000000073,-0.000000096,0.022999990
560,2.358333,-0.000000072,-0.000000094,0.222999990,1.000000000,0.000001360,-0.000000724,0.000000008,0.000026595,-0.000015461,-0.000053333,0.002106468,0.000266758,-0.000005636,-0.000000072,-0.000000094,0.022999990
561,2.362500,-0.000000072,-0.000000092,0.222999990,1.000000000,0.000001240,-0.000000660,0.000000010,0.000026454,-0.000015513,-0.000053265,0.002105432,0.000263811,-0.000005679,-0.000000072,-0.000000092,0.022999990
562,2.366667,-0.000000071,-0.000000094,0.222999990,0.999999940,0.000001311,-0.000000680,0.000000011,0.000026536,-0.000015726,-0.000053239,0.002109102,0.000267247,-0.000005300,-0.000000071,-0.000000094,0.022999990
563,2.370833,-0.000000073,-0.000000093,0.222999990,1.000000000,0.000001338,-0.000000736,0.000000011,0.000026202,-0.000015748,-0.000053204,0.002108431,0.000258942,-0.000005650,-0.000000073,-0.000000093,0.022999990
564,2.375000,-0.000000073,-0.000000093,0.222999990,1.000000000,0.000001244,-0.000000648,0.000000013,0.000026358,-0.000015762,-0.000053253,0.002110285,0.000262716,-0.000005494,-0.000000073,-0.000000093,0.022999990
565,2.379167,-0.000000073,-0.000000093,0.222999990,0.999999940,0.000001291,-0.000000689,0.000000013,0.000026390,-0.000015725,-0.000053218,0.002108505,0.000263519,-0.000005459,-0.000000073,-0.000000093,0.022999990
566,2.383333,-0.000000072,-0.000000092,0.222999990,1.000000000,0.000001340,-0.000000725,0.000000014,0.000026609,-0.000015516,-0.000053277,0.002105989,0.000267717,-0.000005498,-0.000000072,-0.000000092,0.022999990
567,2.387500,-0.000000072,-0.000000095,0.222999990,1.000000000,0.000001382,-0.000000777,0.000000005,0.000026242,-0.000016049,-0.000053237,0.002115372,0.000261665,-0.000005283,-0.000000072,-0.000000095,0.022999990
568,2.391667,-0.000000073,-0.000000095,0.222999990,1.000000000,0.000001289,-0.000000683,0.000000018,0.000026192,-0.000015837,-0.000053235,0.002111201,0.000258977,-0.000005594,-0.000000073,-0.000000095,0.022999990
569,2.395833,-0.000000074,-0.000000094,0.222999990,0.999999940,0.000001336,-0.000000720,0.000000007,0.000026452,-0.000015611,-0.000053236,0.002106696,0.000264348,-0.000005531,-0.000000074,-0.000000094,0.022999990
570,2.400000,-0.000000071,-0.000000094,0.222999990,1.000000000,0.000001390,-0.000000757,0.000000022,0.000026875,-0.000015465,-0.000053351,0.002107067,0.000273988,-0.000005313,-0.000000071,-0.000000094,0.022999990
571,2.404167,-0.000000074,-0.000000092,0.222999990,1.000000000,0.000001403,-0.000000815,0.000000009,0.000025902,-0.000015808,-0.000053158,0.002108144,0.000251881,-0.000005899,-0.000000074,-0.000000092,0.022999990
572,2.408333,-0.000000072,-0.000000092,0.222999990,1.000000000,0.000001291,-0.000000539,-0.000000025,0.000026723,-0.000015572,-0.000053364,0.002109732,0.000270433,-0.000005383,-0.000000072,-0.000000092,0.022999990
573,2.412500,-0.000000072,-0.000000093,0.222999990,0.999999940,0.000001406,-0.000000797,0.000000011,0.000026308,-0.000015831,-0.000053222,0.002110387,0.000262309,-0.000005448,-0.000000072,-0.000000093,0.022999990
574,2.416667,-0.000000072,-0.000000094,0.222999990,0.999999940,0.000001450,-0.000000838,0.000000014,0.000026485,-0.000015765,-0.000053313,0.002111955,0.000265842,-0.000005400,-0.000000072,-0.000000094,0.022999990
575,2.420833,-0.000000073,-0.000000093,0.222999990,0.999999940,0.000001359,-0.000000731,0.000000004,0.000026231,-0.000015655,-0.000053255,0.002108087,0.000258830,-0.000005774,-0.000000073,-0.000000093,0.022999990
576,2.425000,-0.000000071,-0.000000094,0.222999990,0.999999940,0.000001267,-0.000000649,0.000000019,0.000026659,-0.000015681,-0.000053324,0.002110625,0.000269761,-0.000005296,-0.000000071,-0.000000094,0.022999990
577,2.429167,-0.000000072,-0.000000094,0.222999990,1.000000000,0.000001314,-0.000000688,0.000000007,0.000026214,-0.000015804,-0.000053181,0.002108807,0.000259760,-0.000005542,-0.000000072,-0.000000094,0.022999990
578,2.433333,-0.000000072,-0.000000095,0.222999990,0.999999940,0.000001366,-0.000000723,0.000000020,0.000026352,-0.000015834,-0.000053239,0.002111312,0.000263097,-0.000005405,-0.000000072,-0.000000095,0.022999990
579,2.437500,-0.000000073,-0.000000092,0.222999990,0.999999940,0.000001246,-0.000000658,0.000000010,0.000026469,-0.000015441,-0.000053270,0.002104139,0.000263734,-0.000005746,-0.000000073,-0.000000092,0.022999990
580,2.441667,-0.000000072,-0.000000093,0.222999990,1.000000000,0.000001295,-0.000000703,0.000000011,0.000026540,-0.000015719,-0.000053250,0.002109245,0.000267314,-0.000005320,-0.000000072,-0.000000093,0.022999990
581,2.445833,-0.000000072,-0.000000094,0.222999990,0.999999940,0.000001347,-0.000000738,0.000000024,0.000026339,-0.000015824,-0.000053236,0.002110842,0.000262814,-0.000005428,-0.000000072,-0.000000094,0.022999990
582,2.450000,-0.000000071,-0.000000094,0.222999990,0.999999940,0.000001254,-0.000000653,0.000000015,0.000026528,-0.000015659,-0.000053293,0.002109244,0.000266404,-0.000005445,-0.000000071,-0.000000094,0.022999990
583,2.454167,-0.000000073,-0.000000092,0.222999990,1.000000000,0.000001296,-0.000000690,0.000000002,0.000026308,-0.000015593,-0.000053183,0.002104691,0.000260862,-0.000005674,-0.000000073,-0.000000092,0.022999990
584,2.458333,-0.000000073,-0.000000093,0.222999990,0.999999940,0.000001349,-0.000000725,0.000000015,0.000026350,-0.000015835,-0.000053233,0.002111154,0.000263076,-0.000005401,-0.000000073,-0.000000093,0.022999990
585,2.462500,-0.000000071,-0.000000094,0.222999990,0.999999940,0.000001256,-0.000000642,0.000000018,0.000026677,-0.000015584,-0.000053326,0.002108719,0.000269712,-0.000005387,-0.000000071,-0.000000094,0.022999990
586,2.466667,-0.000000072,-0.000000094,0.222999990,1.000000000,0.000001302,-0.000000681,0.000000006,0.000026214,-0.000015805,-0.000053177,0.002108725,0.000259805,-0.000005538,-0.000000072,-0.000000094,0.022999990
587,2.470833,-0.000000071,-0.000000094,0.222999990,0.999999940,0.000001355,-0.000000718,0.000000008,0.000026543,-0.000015722,-0.000053280,0.002110203,0.000267185,-0.000005339,-0.000000071,-0.000000094,0.022999990
588,2.475000,-0.000000073,-0.000000092,0.222999990,0.999999940,0.000001234,-0.000000651,0.000000009,0.000026271,-0.000015548,-0.000053224,0.002105028,0.000259448,-0.000005822,-0.000000073,-0.000000092,0.022999990
589,2.479167,-0.000000073,-0.000000094,0.222999990,1.000000000,0.000001283,-0.000000698,0.000000009,0.000026342,-0.000015917,-0.000053206,0.002111993,0.000263486,-0.000005281,-0.000000073,-0.000000094,0.022999990
590,2.483333,-0.000000073,-0.000000094,0.222999990,0.999999940,0.000001334,-0.000000731,0.000000010,0.000026370,-0.000015738,-0.000053240,0.002109325,0.000263045,-0.000005491,-0.000000073,-0.000000094,0.022999990
591,2.487500,-0.000000072,-0.000000094,0.222999990,1.000000000,0.000001387,-0.000000764,0.000000023,0.000026535,-0.000015651,-0.000053282,0.002108781,0.000266610,-0.000005437,-0.000000072,-0.000000094,0.022999990
592,2.491667,-0.000000072,-0.000000095,0.222999990,1.000000000,0.000001428,-0.000000807,0.000000014,0.000026313,-0.000015848,-0.000053261,0.002112060,0.000262195,-0.000005455,-0.000000072,-0.000000095,0.022999990
593,2.495833,-0.000000073,-0.000000094,0.222999990,1.000000000,0.000001338,-0.000000707,0.000000004,0.000026389,-0.000015653,-0.000053288,0.002108994,0.000262807,-0.000005618,-0.000000073,-0.000000094,0.022999990
594,2.500000,-0.000000073,-0.000000095,0.222999990,1.000000000,0.000001354,-0.000000782,0.000000018,0.000026315,-0.000015853,-0.000053252,0.002111922,0.000262292,-0.000005442,-0.000000073,-0.000000095,0.022999990
595,2.504167,-0.000000072,-0.000000094,0.222999990,1.000000000,0.000001281,-0.000000667,0.000000020,0.000026619,-0.000015511,-0.000053302,0.002106567,0.000267826,-0.000005518,-0.000000072,-0.000000094,0.022999990
596,2.508333,-0.000000072,-0.000000093,0.222999990,0.999999940,0.000001328,-0.000000704,0.000000009,0.000026438,-0.000015601,-0.000053225,0.002106131,0.000264054,-0.000005550,-0.000000072,-0.000000093,0.022999990
597,2.512500,-0.000000070,-0.000000093,0.222999990,1.000000000,0.000001381,-0.000000740,0.000000012,0.000026725,-0.000015539,-0.000053318,0.002107644,0.000270707,-0.000005373,-0.000000070,-0.000000093,0.022999990
598,2.516667,-0.000000073,-0.000000093,0.222999990,1.000000000,0.000001399,-0.000000801,0.000000012,0.000025968,-0.000015954,-0.000053191,0.002112035,0.000254255,-0.000005684,-0.000000073,-0.000000093,0.022999990
599,2.520833,-0.000000073,-0.000000094,0.222999990,1.000000000,0.000001443,-0.000000840,0.000000026,0.000026322,-0.000015872,-0.000053280,0.002113260,0.000262274,-0.000005441,-0.000000073,-0.000000094,0.022999990
600,2.525000,-0.000000073,-0.000000094,0.222999990,1.000000000,0.000001354,-0.000000736,-0.000000007,0.000026381,-0.000015661,-0.000053297,0.002109463,0.000262515,-0.000005623,-0.000000073,-0.000000094,0.022999990
601,2.529167,-0.000000073,-0.000000094,0.222999990,1.000000000,0.000001393,-0.000000782,0.000000007,0.000026327,-0.000015846,-0.000053253,0.002111817,0.000262545,-0.000005437,-0.000000073,-0.000000094,0.022999990
602,2.533333,-0.000000073,-0.000000094,0.222999990,1.000000000,0.000001301,-0.000000686,0.000000020,0.000026397,-0.000015644,-0.000053279,0.002108527,0.000263009,-0.000005613,-0.000000073,-0.000000094,0.022999990
603,2.537500,-0.000000073,-0.000000094,0.222999990,0.999999940,0.000001352,-0.000000723,0.000000010,0.000026563,-0.000015630,-0.000053274,0.002108129,0.000267254,-0.000005417,-0.000000073,-0.000000094,0.022999990
604,2.541667,-0.000000072,-0.000000093,0.222999990,0.999999940,0.000001367,-0.000000794,0.000000013,0.000026524,-0.000015579,-0.000053293,0.002107595,0.000265886,-0.000005546,-0.000000072,-0.000000093,0.022999990
605,2.545833,-0.000000071,-0.000000094,0.222999990,0.999999940,0.000001298,-0.000000682,0.000000015,0.000026509,-0.000015738,-0.000053288,0.002110713,0.000266430,-0.000005373,-0.000000071,-0.000000094,0.022999990
606,2.550000,-0.000000072,-0.000000094,0.222999990,1.000000000,0.000001348,-0.000000713,0.000000004,0.000026200,-0.000015824,-0.000053199,0.002109818,0.000259371,-0.000005556,-0.000000072,-0.000000094,0.022999990
607,2.554167,-0.000000072,-0.000000095,0.222999990,1.000000000,0.000001365,-0.000000788,0.000000017,0.000026321,-0.000015857,-0.000053257,0.002112180,0.000262414,-0.000005435,-0.000000072,-0.000000095,0.022999990
608,2.558333,-0.000000073,-0.000000095,0.222999990,1.000000000,0.000001294,-0.000000672,0.000000019,0.000026364,-0.000015749,-0.000053257,0.002110019,0.000262850,-0.000005505,-0.000000073,-0.000000095,0.022999990
609,2.562500,-0.000000073,-0.000000094,0.222999990,0.999999940,0.000001341,-0.000000709,0.000000008,0.000026446,-0.000015606,-0.000053233,0.002106431,0.000264274,-0.000005542,-0.000000073,-0.000000094,0.022999990
610,2.566667,-0.000000072,-0.000000092,0.222999990,1.000000000,0.000001367,-0.000000764,0.000000009,0.000026667,-0.000015322,-0.000053296,0.002102575,0.000267995,-0.000005671,-0.000000072,-0.000000092,0.022999990
611,2.570833,-0.000000072,-0.000000094,0.222999990,1.000000000,0.000001412,-0.000000808,-0.000000000,0.000026222,-0.000016065,-0.000053249,0.002116063,0.000261214,-0.000005302,-0.000000072,-0.000000094,0.022999990
612,2.575000,-0.000000072,-0.000000093,0.222999990,1.000000000,0.000001320,-0.000000710,0.000000014,0.000026604,-0.000015452,-0.000053331,0.002106283,0.000266901,-0.000005640,-0.000000072,-0.000000093,0.022999990
613,2.579167,-0.000000074,-0.000000094,0.222999990,1.000000000,0.000001356,-0.000000755,0.000000003,0.000025990,-0.000016019,-0.000053165,0.002112730,0.000255248,-0.000005549,-0.000000074,-0.000000094,0.022999990
614,2.583333,-0.000000074,-0.000000094,0.222999990,1.000000000,0.000001396,-0.000000801,0.000000016,0.000026339,-0.000015855,-0.000053263,0.002112482,0.000262663,-0.000005420,-0.000000074,-0.000000094,0.022999990
615,2.587500,-0.000000073,-0.000000094,0.222999990,1.000000000,0.000001304,-0.000000708,0.000000019,0.000026588,-0.000015533,-0.000053319,0.002107494,0.000267064,-0.000005550,-0.000000073,-0.000000094,0.022999990
616,2.591667,-0.000000074,-0.000000094,0.222999990,0.999999940,0.000001356,-0.000000740,0.000000019,0.000026189,-0.000015900,-0.000053199,0.002111276,0.000259565,-0.000005481,-0.000000074,-0.000000094,0.022999990
617,2.595833,-0.000000071,-0.000000093,0.222999990,0.999999940,0.000001259,-0.000000658,0.000000011,0.000026963,-0.000015262,-0.000053373,0.002103674,0.000274915,-0.000005458,-0.000000071,-0.000000093,0.022999990
618,2.600000,-0.000000072,-0.000000093,0.222999990,1.000000000,0.000001305,-0.000000698,-0.000000001,0.000026206,-0.000015800,-0.000053168,0.002108351,0.000259604,-0.000005545,-0.000000072,-0.000000093,0.022999990
619,2.604167,-0.000000073,-0.000000094,0.222999990,0.999999940,0.000001358,-0.000000733,0.000000012,0.000026352,-0.000015834,-0.000053239,0.002111271,0.000263105,-0.000005404,-0.000000073,-0.000000094,0.022999990
620,2.608333,-0.000000072,-0.000000094,0.222999990,0.999999940,0.000001264,-0.000000648,0.000000003,0.000026527,-0.000015658,-0.000053294,0.002109227,0.000266425,-0.000005447,-0.000000072,-0.000000094,0.022999990
621,2.612500,-0.000000071,-0.000000095,0.222999990,1.000000000,0.000001314,-0.000000693,0.000000004,0.000026535,-0.000015713,-0.000053254,0.002109261,0.000267091,-0.000005336,-0.000000071,-0.000000095,0.022999990
622,2.616667,-0.000000073,-0.000000094,0.222999990,0.999999940,0.000001362,-0.000000721,0.000000015,0.000026087,-0.000015793,-0.000053165,0.002108247,0.000256371,-0.000005699,-0.000000073,-0.000000094,0.022999990
623,2.620833,-0.000000073,-0.000000093,0.222999990,0.999999940,0.000001377,-0.000000792,0.000000018,0.000026542,-0.000015594,-0.000053300,0.002108207,0.000266300,-0.000005513,-0.000000073,-0.000000093,0.022999990
624,2.625000,-0.000000072,-0.000000092,0.222999990,0.999999940,0.000001285,-0.000000699,0.000000020,0.000026566,-0.000015544,-0.000053309,0.002107354,0.000266705,-0.000005551,-0.000000072,-0.000000092,0.022999990
625,2.629167,-0.000000071,-0.000000092,0.222999990,1.000000000,0.000001334,-0.000000735,0.000000022,0.000026605,-0.000015513,-0.000053274,0.002105689,0.000267700,-0.000005502,-0.000000071,-0.000000092,0.022999990
626,2.633333,-0.000000073,-0.000000094,0.222999990,1.000000000,0.000001374,-0.000000782,0.000000011,0.000025901,-0.000016235,-0.000053163,0.002116975,0.000254248,-0.000005406,-0.000000073,-0.000000094,0.022999990
627,2.637500,-0.000000074,-0.000000093,0.222999990,1.000000000,0.000001280,-0.000000687,0.000000011,0.000026230,-0.000015758,-0.000053241,0.002109879,0.000259387,-0.000005644,-0.000000074,-0.000000093,0.022999990
628,2.641667,-0.000000072,-0.000000094,0.222999990,0.999999940,0.000001332,-0.000000730,0.000000002,0.000026703,-0.000015641,-0.000053304,0.002109252,0.000270800,-0.000005259,-0.000000072,-0.000000094,0.022999990
629,2.645833,-0.000000072,-0.000000093,0.222999990,1.000000000,0.000001381,-0.000000761,0.000000015,0.000026611,-0.000015425,-0.000053281,0.002104142,0.000267345,-0.000005609,-0.000000072,-0.000000093,0.022999990
630,2.650000,-0.000000072,-0.000000094,0.222999990,1.000000000,0.000001422,-0.000000804,0.000000006,0.000026313,-0.000015850,-0.000053255,0.002111930,0.000262221,-0.000005450,-0.000000072,-0.000000094,0.022999990
631,2.654167,-0.000000071,-0.000000095,0.222999990,1.000000000,0.000001468,-0.000000841,0.000000009,0.000026450,-0.000015795,-0.000053316,0.002112710,0.000265074,-0.000005412,-0.000000071,-0.000000095,0.022999990
632,2.658333,-0.000000072,-0.000000094,0.222999990,1.000000000,0.000001513,-0.000000863,0.000000010,0.000026174,-0.000015776,-0.000053263,0.002110680,0.000258111,-0.000005716,-0.000000072,-0.000000094,0.022999990
633,2.662500,-0.000000073,-0.000000093,0.222999990,1.000000000,0.000001390,-0.000000796,0.000000002,0.000026346,-0.000015698,-0.000053321,0.002110855,0.000261754,-0.000005653,-0.000000073,-0.000000093,0.022999990
634,2.666667,-0.000000073,-0.000000094,0.222999990,1.000000000,0.000001433,-0.000000835,0.000000016,0.000026309,-0.000015862,-0.000053271,0.002112705,0.000262016,-0.000005460,-0.000000073,-0.000000094,0.022999990
635,2.670833,-0.000000073,-0.000000093,0.222999990,1.000000000,0.000001342,-0.000000730,0.000000018,0.000026403,-0.000015572,-0.000053294,0.002107617,0.000262605,-0.000005704,-0.000000073,-0.000000093,0.022999990
636,2.675000,-0.000000072,-0.000000093,0.222999990,1.000000000,0.000001248,-0.000000645,0.000000009,0.000026544,-0.000015645,-0.000053290,0.002108858,0.000266798,-0.000005436,-0.000000072,-0.000000093,0.022999990
637,2.679167,-0.000000073,-0.000000094,0.222999990,0.999999940,0.000001297,-0.000000688,0.000000021,0.000026359,-0.000015809,-0.000053216,0.002110037,0.000263295,-0.000005400,-0.000000073,-0.000000094,0.022999990
638,2.683333,-0.000000072,-0.000000094,0.222999990,1.000000000,0.000001349,-0.000000724,0.000000011,0.000026546,-0.000015643,-0.000053275,0.002108440,0.000266877,-0.000005422,-0.000000072,-0.000000094,0.022999990
639,2.687500,-0.000000071,-0.000000095,0.222999990,1.000000000,0.000001257,-0.000000640,0.000000014,0.000026512,-0.000015729,-0.000053292,0.002110587,0.000266500,-0.000005387,-0.000000071,-0.000000095,0.022999990
640,2.691667,-0.000000072,-0.000000094,0.222999990,0.999999940,0.000001301,-0.000000679,0.000000014,0.000026298,-0.000015667,-0.000053190,0.002106407,0.000261025,-0.000005609,-0.000000072,-0.000000094,0.022999990
641,2.695833,-0.000000070,-0.000000094,0.222999990,1.000000000,0.000001353,-0.000000717,0.000000016,0.000026700,-0.000015573,-0.000053305,0.002107908,0.000270295,-0.000005348,-0.000000070,-0.000000094,0.022999990
642,2.700000,-0.000000073,-0.000000095,0.222999990,1.000000000,0.000001368,-0.000000785,0.000000016,0.000025812,-0.000016102,-0.000053142,0.002113638,0.000251306,-0.000005651,-0.000000073,-0.000000095,0.022999990
643,2.704167,-0.000000074,-0.000000094,0.222999990,1.000000000,0.000001274,-0.000000690,0.000000017,0.000026236,-0.000015763,-0.000053238,0.002109923,0.000259499,-0.000005624,-0.000000074,-0.000000094,0.022999990
644,2.708333,-0.000000073,-0.000000095,0.222999990,0.999999940,0.000001326,-0.000000733,0.000000007,0.000026703,-0.000015641,-0.000053303,0.002109302,0.000270721,-0.000005260,-0.000000073,-0.000000095,0.022999990
645,2.712500,-0.000000072,-0.000000093,0.222999990,1.000000000,0.000001375,-0.000000764,0.000000020,0.000026611,-0.000015424,-0.000053281,0.002104126,0.000267318,-0.000005608,-0.000000072,-0.000000093,0.022999990
646,2.716667,-0.000000072,-0.000000094,0.222999990,1.000000000,0.000001416,-0.000000807,0.000000011,0.000026312,-0.000015850,-0.000053255,0.002112011,0.000262169,-0.000005450,-0.000000072,-0.000000094,0.022999990
647,2.720833,-0.000000072,-0.000000093,0.222999990,1.000000000,0.000001325,-0.000000707,0.000000001,0.000026389,-0.000015653,-0.000053287,0.002109016,0.000262727,-0.000005615,-0.000000072,-0.000000093,0.022999990
648,2.725000,-0.000000072,-0.000000093,0.222999990,0.999999940,0.000001378,-0.000000740,0.000000015,0.000026551,-0.000015637,-0.000053282,0.002108554,0.000266903,-0.000005435,-0.000000072,-0.000000093,0.022999990
649,2.729167,-0.000000074,-0.000000093,0.222999990,0.999999940,0.000001394,-0.000000806,0.000000015,0.000026007,-0.000015928,-0.000053189,0.002111522,0.000255087,-0.000005662,-0.000000074,-0.000000093,0.022999990
650,2.733333,-0.000000071,-0.000000094,0.222999990,0.999999940,0.000001280,-0.000000536,-0.000000031,0.000026862,-0.000015499,-0.000053389,0.002108923,0.000273571,-0.000005322,-0.000000071,-0.000000094,0.022999990
651,2.737500,-0.000000072,-0.000000094,0.222999990,1.000000000,0.000001393,-0.000000790,0.000000028,0.000026159,-0.000015826,-0.000053180,0.002109028,0.000258662,-0.000005598,-0.000000072,-0.000000094,0.022999990
652,2.741667,-0.000000072,-0.000000095,0.222999990,1.000000000,0.000001436,-0.000000829,-0.000000005,0.000026319,-0.000015868,-0.000053276,0.002113076,0.000262201,-0.000005436,-0.000000072,-0.000000095,0.022999990
653,2.745833,-0.000000073,-0.000000094,0.222999990,1.000000000,0.000001347,-0.000000725,0.000000009,0.000026378,-0.000015660,-0.000053296,0.002109408,0.000262442,-0.000005636,-0.000000073,-0.000000094,0.022999990
654,2.750000,-0.000000073,-0.000000096,0.222999990,1.000000000,0.000001387,-0.000000776,0.000000011,0.000026313,-0.000015928,-0.000053245,0.002113294,0.000262648,-0.000005347,-0.000000073,-0.000000096,0.022999990
655,2.754167,-0.000000073,-0.000000096,0.222999990,1.000000000,0.000001294,-0.000000685,0.000000013,0.000026383,-0.000015725,-0.000053274,0.002110066,0.000263129,-0.000005529,-0.000000073,-0.000000096,0.022999990
656,2.758333,-0.000000072,-0.000000095,0.222999990,0.999999940,0.000001343,-0.000000720,0.000000015,0.000026626,-0.000015502,-0.000053281,0.002105791,0.000268059,-0.000005496,-0.000000072,-0.000000095,0.022999990
657,2.762500,-0.000000071,-0.000000094,0.222999990,1.000000000,0.000001394,-0.000000752,0.000000016,0.000026553,-0.000015556,-0.000053274,0.002106527,0.000266623,-0.000005515,-0.000000071,-0.000000094,0.022999990
658,2.766667,-0.000000073,-0.000000095,0.222999990,1.000000000,0.000001414,-0.000000815,0.000000029,0.000025950,-0.000016050,-0.000053193,0.002114107,0.000254281,-0.000005600,-0.000000073,-0.000000095,0.022999990
659,2.770833,-0.000000074,-0.000000094,0.222999990,1.000000000,0.000001323,-0.000000715,0.000000019,0.000026402,-0.000015664,-0.000053294,0.002109556,0.000262971,-0.000005595,-0.000000074,-0.000000094,0.022999990
660,2.775000,-0.000000074,-0.000000095,0.222999990,1.000000000,0.000001229,-0.000000632,0.000000009,0.000026337,-0.000015837,-0.000053245,0.002111409,0.000262754,-0.000005419,-0.000000074,-0.000000095,0.022999990
661,2.779167,-0.000000072,-0.000000094,0.222999990,0.999999940,0.000001273,-0.000000681,-0.000000001,0.000026807,-0.000015404,-0.000053290,0.002104142,0.000272135,-0.000005397,-0.000000072,-0.000000094,0.022999990
662,2.783333,-0.000000071,-0.000000092,0.222999990,1.000000000,0.000001319,-0.000000720,0.000000012,0.000026629,-0.000015409,-0.000053258,0.002103053,0.000267854,-0.000005579,-0.000000071,-0.000000092,0.022999990
663,2.787500,-0.000000073,-0.000000093,0.222999990,1.000000000,0.000001355,-0.000000766,0.000000000,0.000025990,-0.000016019,-0.000053164,0.002112684,0.000255249,-0.000005549,-0.000000073,-0.000000093,0.022999990
664,2.791667,-0.000000073,-0.000000093,0.222999990,1.000000000,0.000001263,-0.000000676,0.000000015,0.000026545,-0.000015662,-0.000053311,0.002109920,0.000266647,-0.000005444,-0.000000073,-0.000000093,0.022999990
665,2.795833,-0.000000073,-0.000000093,0.222999990,0.999999940,0.000001312,-0.000000715,0.000000015,0.000026414,-0.000015690,-0.000053231,0.002108054,0.000263985,-0.000005485,-0.000000073,-0.000000093,0.022999990
666,2.800000,-0.000000071,-0.000000093,0.222999990,1.000000000,0.000001364,-0.000000749,0.000000006,0.000026751,-0.000015450,-0.000053319,0.002105832,0.000270851,-0.000005442,-0.000000071,-0.000000093,0.022999990
667,2.804167,-0.000000073,-0.000000093,0.222999990,1.000000000,0.000001402,-0.000000791,0.000000018,0.000025973,-0.000016021,-0.000053172,0.002112946,0.000254780,-0.000005581,-0.000000073,-0.000000093,0.022999990
668,2.808333,-0.000000073,-0.000000094,0.222999990,1.000000000,0.000001446,-0.000000829,0.000000032,0.000026321,-0.000015871,-0.000053281,0.002113238,0.000262247,-0.000005443,-0.000000073,-0.000000094,0.022999990
669,2.812500,-0.000000073,-0.000000094,0.222999990,1.000000000,0.000001357,-0.000000727,0.000000011,0.000026531,-0.000015586,-0.000053331,0.002108891,0.000265887,-0.000005566,-0.000000073,-0.000000094,0.022999990
670,2.816667,-0.000000073,-0.000000094,0.222999990,1.000000000,0.000001374,-0.000000798,0.000000013,0.000026366,-0.000015730,-0.000053265,0.002109727,0.000262884,-0.000005534,-0.000000073,-0.000000094,0.022999990
671,2.820833,-0.000000072,-0.000000095,0.222999990,1.000000000,0.000001307,-0.000000681,0.000000016,0.000026480,-0.000015772,-0.000053297,0.002111729,0.000265765,-0.000005379,-0.000000072,-0.000000095,0.022999990
672,2.825000,-0.000000071,-0.000000094,0.222999990,0.999999940,0.000001356,-0.000000717,0.000000018,0.000026621,-0.000015498,-0.000053282,0.002105627,0.000268002,-0.000005509,-0.000000071,-0.000000094,0.022999990
673,2.829167,-0.000000071,-0.000000093,0.222999990,0.999999940,0.000001371,-0.000000786,0.000000008,0.000026373,-0.000015653,-0.000053257,0.002107992,0.000262637,-0.000005604,-0.000000071,-0.000000093,0.022999990
674,2.833333,-0.000000073,-0.000000093,0.222999990,0.999999940,0.000001409,-0.000000823,0.000000008,0.000026027,-0.000015927,-0.000053191,0.002111668,0.000255490,-0.000005641,-0.000000073,-0.000000093,0.022999990
675,2.837500,-0.000000073,-0.000000093,0.222999990,0.999999940,0.000001453,-0.000000859,0.000000022,0.000026509,-0.000015692,-0.000053323,0.002110878,0.000265904,-0.000005467,-0.000000073,-0.000000093,0.022999990
676,2.841667,-0.000000071,-0.000000093,0.222999990,0.999999940,0.000001345,-0.000000575,-0.000000024,0.000026689,-0.000015493,-0.000053372,0.002108096,0.000269328,-0.000005524,-0.000000071,-0.000000093,0.022999990
677,2.845833,-0.000000072,-0.000000093,0.222999990,1.000000000,0.000001439,-0.000000846,0.000000012,0.000026127,-0.000015863,-0.000053206,0.002110590,0.000257930,-0.000005620,-0.000000072,-0.000000093,0.022999990
678,2.850000,-0.000000072,-0.000000094,0.222999990,1.000000000,0.000001487,-0.000000877,0.000000027,0.000026297,-0.000015883,-0.000053294,0.002113853,0.000261660,-0.000005473,-0.000000072,-0.000000094,0.022999990
679,2.854167,-0.000000072,-0.000000094,0.222999990,1.000000000,0.000001365,-0.000000606,-0.000000019,0.000026487,-0.000015692,-0.000053350,0.002111546,0.000265284,-0.000005519,-0.000000072,-0.000000094,0.022999990
680,2.858333,-0.000000073,-0.000000096,0.222999990,0.999999940,0.000001485,-0.000000849,0.000000005,0.000025922,-0.000016137,-0.000053180,0.002115359,0.000254271,-0.000005521,-0.000000073,-0.000000096,0.022999990
681,2.862500,-0.000000074,-0.000000093,0.222999990,0.999999940,0.000001506,-0.000000897,0.000000019,0.000026434,-0.000015491,-0.000053321,0.002106823,0.000262709,-0.000005794,-0.000000074,-0.000000093,0.022999990
682,2.866667,-0.000000070,-0.000000093,0.222999990,0.999999940,0.000001253,-0.000000496,-0.000000026,0.000027016,-0.000015329,-0.000053458,0.002107382,0.000276340,-0.000005405,-0.000000070,-0.000000093,0.022999990
683,2.870833,-0.000000071,-0.000000092,0.222999990,1.000000000,0.000001364,-0.000000754,0.000000009,0.000026166,-0.000015816,-0.000053167,0.002108474,0.000258829,-0.000005584,-0.000000071,-0.000000092,0.022999990
684,2.875000,-0.000000073,-0.000000093,0.222999990,1.000000000,0.000001402,-0.000000795,0.000000021,0.000025993,-0.000016037,-0.000053184,0.002113770,0.000255184,-0.000005549,-0.000000073,-0.000000093,0.022999990
685,2.879167,-0.000000075,-0.000000095,0.222999990,1.000000000,0.000001447,-0.000000832,0.000000011,0.000026106,-0.000016070,-0.000053243,0.002116188,0.000258040,-0.000005430,-0.000000075,-0.000000095,0.022999990
686,2.883333,-0.000000073,-0.000000095,0.222999990,1.000000000,0.000001337,-0.000000551,-0.000000012,0.000026725,-0.000015479,-0.000053376,0.002108101,0.000270011,-0.000005506,-0.000000073,-0.000000095,0.022999990
687,2.887500,-0.000000073,-0.000000093,0.222999990,0.999999940,0.000001428,-0.000000824,0.000000013,0.000026422,-0.000015520,-0.000053253,0.002105033,0.000263283,-0.000005703,-0.000000073,-0.000000093,0.022999990
688,2.891667,-0.000000073,-0.000000093,0.222999990,0.999999940,0.000001471,-0.000000858,0.000000015,0.000026348,-0.000015758,-0.000053279,0.002110816,0.000262390,-0.000005537,-0.000000073,-0.000000093,0.022999990
689,2.895833,-0.000000072,-0.000000093,0.222999990,0.999999940,0.000001519,-0.000000886,0.000000030,0.000026479,-0.000015698,-0.000053335,0.002111268,0.000265185,-0.000005511,-0.000000072,-0.000000093,0.022999990
690,2.900000,-0.000000072,-0.000000093,0.222999990,0.999999940,0.000001379,-0.000000637,-0.000000015,0.000026436,-0.000015725,-0.000053359,0.002112405,0.000264191,-0.000005556,-0.000000072,-0.000000093,0.022999990
691,2.904167,-0.000000071,-0.000000093,0.222999990,1.000000000,0.000001499,-0.000000881,-0.000000001,0.000026480,-0.000015685,-0.000053296,0.002109763,0.000265462,-0.000005484,-0.000000071,-0.000000093,0.022999990
692,2.908333,-0.000000073,-0.000000094,0.222999990,1.000000000,0.000001400,-0.000000786,0.000000013,0.000025924,-0.000016075,-0.000053232,0.002115812,0.000253495,-0.000005644,-0.000000073,-0.000000094,0.022999990
693,2.912500,-0.000000073,-0.000000093,0.222999990,1.000000000,0.000001307,-0.000000689,0.000000027,0.000026411,-0.000015655,-0.000053286,0.002109115,0.000263254,-0.000005590,-0.000000073,-0.000000093,0.022999990
694,2.916667,-0.000000073,-0.000000095,0.222999990,0.999999940,0.000001495,-0.000000860,0.000000017,0.000026473,-0.000015845,-0.000053270,0.002112334,0.000266213,-0.000005272,-0.000000073,-0.000000095,0.022999990
695,2.920833,-0.000000072,-0.000000093,0.222999990,0.999999940,0.000001368,-0.000000793,0.000000021,0.000026556,-0.000015409,-0.000053355,0.002105920,0.000265438,-0.000005772,-0.000000072,-0.000000093,0.022999990
696,2.925000,-0.000000071,-0.000000094,0.222999990,0.999999940,0.000001299,-0.000000681,0.000000023,0.000026509,-0.000015740,-0.000053284,0.002110659,0.000266456,-0.000005365,-0.000000071,-0.000000094,0.022999990
697,2.929167,-0.000000072,-0.000000094,0.222999990,1.000000000,0.000001349,-0.000000712,0.000000012,0.000026200,-0.000015824,-0.000053199,0.002109800,0.000259335,-0.000005555,-0.000000072,-0.000000094,0.022999990
698,2.933333,-0.000000073,-0.000000095,0.222999990,1.000000000,0.000001366,-0.000000785,0.000000013,0.000026172,-0.000015932,-0.000053224,0.002112769,0.000259111,-0.000005496,-0.000000073,-0.000000095,0.022999990
699,2.937500,-0.000000074,-0.000000095,0.222999990,1.000000000,0.000001294,-0.000000668,0.000000015,0.000026370,-0.000015753,-0.000053260,0.002110275,0.000262913,-0.000005495,-0.000000074,-0.000000095,0.022999990
700,2.941667,-0.000000072,-0.000000094,0.222999990,0.999999940,0.000001342,-0.000000710,0.000000005,0.000026787,-0.000015420,-0.000053306,0.002104925,0.000271606,-0.000005419,-0.000000072,-0.000000094,0.022999990
701,2.945833,-0.000000072,-0.000000091,0.222999990,1.000000000,0.000001368,-0.000000763,0.000000017,0.000026463,-0.000015424,-0.000053248,0.002103138,0.000263651,-0.000005756,-0.000000072,-0.000000091,0.022999990
702,2.950000,-0.000000072,-0.000000094,0.222999990,1.000000000,0.000001413,-0.000000807,0.000000008,0.000026229,-0.000016071,-0.000053253,0.002116396,0.000261311,-0.000005290,-0.000000072,-0.000000094,0.022999990
703,2.954167,-0.000000072,-0.000000093,0.222999990,1.000000000,0.000001322,-0.000000707,-0.000000002,0.000026391,-0.000015652,-0.000053293,0.002109176,0.000262749,-0.000005623,-0.000000072,-0.000000093,0.022999990
704,2.958333,-0.000000072,-0.000000094,0.222999990,0.999999940,0.000001375,-0.000000740,0.000000012,0.000026551,-0.000015637,-0.000053282,0.002108522,0.000266920,-0.000005435,-0.000000072,-0.000000094,0.022999990
705,2.962500,-0.000000072,-0.000000094,0.222999990,0.999999940,0.000001392,-0.000000810,0.000000014,0.000026349,-0.000015743,-0.000053262,0.002109979,0.000262459,-0.000005539,-0.000000072,-0.000000094,0.022999990
706,2.966667,-0.000000071,-0.000000095,0.222999990,0.999999940,0.000001325,-0.000000693,0.000000017,0.000026465,-0.000015788,-0.000053294,0.002111967,0.000265470,-0.000005377,-0.000000071,-0.000000095,0.022999990
707,2.970833,-0.000000073,-0.000000093,0.222999990,1.000000000,0.000001350,-0.000000746,0.000000016,0.000026118,-0.000015697,-0.000053178,0.002106679,0.000256569,-0.000005785,-0.000000073,-0.000000093,0.022999990
708,2.975000,-0.000000073,-0.000000094,0.222999990,1.000000000,0.000001390,-0.000000792,0.000000029,0.000026337,-0.000015856,-0.000053255,0.002112219,0.000262706,-0.000005414,-0.000000073,-0.000000094,0.022999990
709,2.979167,-0.000000074,-0.000000094,0.222999990,1.000000000,0.000001299,-0.000000697,0.000000008,0.000026374,-0.000015734,-0.000053281,0.002110454,0.000262893,-0.000005532,-0.000000074,-0.000000094,0.022999990
710,2.983333,-0.000000074,-0.000000095,0.222999990,0.999999940,0.000001351,-0.000000732,0.000000021,0.000026346,-0.000015829,-0.000053236,0.002111095,0.000262926,-0.000005415,-0.000000074,-0.000000095,0.022999990
711,2.987500,-0.000000071,-0.000000093,0.222999990,0.999999940,0.000001255,-0.000000650,0.000000013,0.000026957,-0.000015257,-0.000053370,0.002103453,0.000274767,-0.000005468,-0.000000071,-0.000000093,0.022999990
712,2.991667,-0.000000072,-0.000000093,0.222999990,1.000000000,0.000001301,-0.000000689,0.000000001,0.000026206,-0.000015800,-0.000053168,0.002108365,0.000259627,-0.000005544,-0.000000072,-0.000000093,0.022999990
713,2.995833,-0.000000072,-0.000000094,0.222999990,0.999999940,0.000001354,-0.000000724,0.000000014,0.000026352,-0.000015835,-0.000053239,0.002111315,0.000263072,-0.000005403,-0.000000072,-0.000000094,0.022999990
714,3.000000,-0.000000072,-0.000000092,0.222999990,0.999999940,0.000001233,-0.000000661,0.000000016,0.000026619,-0.000015367,-0.000053302,0.002103655,0.000267045,-0.000005687,-0.000000072,-0.000000092,0.022999990
715,3.004167,-0.000000070,-0.000000094,0.222999990,1.000000000,0.000001306,-0.000000684,0.000000018,0.000026681,-0.000015715,-0.000053274,0.002109837,0.000270865,-0.000005174,-0.000000070,-0.000000094,0.022999990
716,3.008333,-0.000000071,-0.000000094,0.222999990,0.999999940,0.000001358,-0.000000717,0.000000018,0.000026183,-0.000015892,-0.000053202,0.002111256,0.000259326,-0.000005501,-0.000000071,-0.000000094,0.022999990
717,3.012500,-0.000000071,-0.000000092,0.222999990,0.999999940,0.000001237,-0.000000652,0.000000008,0.000026475,-0.000015447,-0.000053272,0.002104446,0.000263820,-0.000005735,-0.000000071,-0.000000092,0.022999990
718,3.016667,-0.000000072,-0.000000093,0.222999990,1.000000000,0.000001285,-0.000000692,0.000000008,0.000026198,-0.000015904,-0.000053176,0.002110827,0.000259847,-0.000005442,-0.000000072,-0.000000093,0.022999990
719,3.020833,-0.000000074,-0.000000093,0.222999990,0.999999940,0.000001335,-0.000000728,0.000000008,0.000026171,-0.000015937,-0.000053193,0.002111975,0.000259238,-0.000005454,-0.000000074,-0.000000093,0.022999990
720,3.025000,-0.000000073,-0.000000094,0.222999990,1.000000000,0.000001389,-0.000000760,0.000000021,0.000026541,-0.000015655,-0.000053286,0.002109085,0.000266688,-0.000005431,-0.000000073,-0.000000094,0.022999990
721,3.029167,-0.000000074,-0.000000094,0.222999990,1.000000000,0.000001407,-0.000000824,0.000000011,0.000026165,-0.000015848,-0.000053234,0.002111225,0.000258518,-0.000005610,-0.000000074,-0.000000094,0.022999990
722,3.033333,-0.000000072,-0.000000094,0.222999990,1.000000000,0.000001295,-0.000000549,-0.000000023,0.000026711,-0.000015562,-0.000053363,0.002109438,0.000270200,-0.000005411,-0.000000072,-0.000000094,0.022999990
723,3.037500,-0.000000071,-0.000000094,0.222999990,0.999999940,0.000001410,-0.000000804,0.000000014,0.000026513,-0.000015639,-0.000053266,0.002107924,0.000266225,-0.000005470,-0.000000071,-0.000000094,0.022999990
724,3.041667,-0.000000072,-0.000000094,0.222999990,0.999999940,0.000001453,-0.000000838,0.000000016,0.000026342,-0.000015753,-0.000053281,0.002110706,0.000262270,-0.000005554,-0.000000072,-0.000000094,0.022999990
725,3.045833,-0.000000073,-0.000000094,0.222999990,0.999999940,0.000001498,-0.000000866,0.000000006,0.000026149,-0.000015877,-0.000053254,0.002112447,0.000258071,-0.000005615,-0.000000073,-0.000000094,0.022999990
726,3.050000,-0.000000072,-0.000000094,0.222999990,0.999999940,0.000001356,-0.000000619,-0.000000017,0.000026455,-0.000015726,-0.000053355,0.002112435,0.000264604,-0.000005529,-0.000000072,-0.000000094,0.022999990
727,3.054167,-0.000000072,-0.000000092,0.222999990,1.000000000,0.000001470,-0.000000863,0.000000008,0.000026426,-0.000015534,-0.000053258,0.002105638,0.000263299,-0.000005685,-0.000000072,-0.000000092,0.022999990
728,3.058333,-0.000000072,-0.000000093,0.222999990,1.000000000,0.000001370,-0.000000777,-0.000000000,0.000026280,-0.000015886,-0.000053293,0.002113828,0.000261303,-0.000005486,-0.000000072,-0.000000093,0.022999990
729,3.062500,-0.000000074,-0.000000093,0.222999990,1.000000000,0.000001277,-0.000000683,0.000000013,0.000026193,-0.000015839,-0.000053233,0.002111129,0.000259081,-0.000005589,-0.000000074,-0.000000093,0.022999990
730,3.066667,-0.000000074,-0.000000094,0.222999990,0.999999940,0.000001328,-0.000000721,0.000000002,0.000026364,-0.000015827,-0.000053232,0.002110949,0.000263402,-0.000005386,-0.000000074,-0.000000094,0.022999990
731,3.070833,-0.000000071,-0.000000093,0.222999990,1.000000000,0.000001378,-0.000000757,0.000000016,0.000026964,-0.000015248,-0.000053360,0.002102991,0.000274990,-0.000005464,-0.000000071,-0.000000093,0.022999990
732,3.075000,-0.000000073,-0.000000094,0.222999990,1.000000000,0.000001418,-0.000000795,0.000000005,0.000025959,-0.000016025,-0.000053177,0.002113065,0.000254512,-0.000005595,-0.000000073,-0.000000094,0.022999990
733,3.079167,-0.000000072,-0.000000095,0.222999990,1.000000000,0.000001464,-0.000000832,0.000000008,0.000026463,-0.000015805,-0.000053323,0.002113187,0.000265262,-0.000005388,-0.000000072,-0.000000095,0.022999990
734,3.083333,-0.000000074,-0.000000094,0.222999990,1.000000000,0.000001486,-0.000000883,0.000000010,0.000026162,-0.000015782,-0.000053262,0.002110728,0.000257916,-0.000005723,-0.000000074,-0.000000094,0.022999990
735,3.087500,-0.000000072,-0.000000095,0.222999990,1.000000000,0.000001366,-0.000000616,-0.000000012,0.000026618,-0.000015713,-0.000053382,0.002113006,0.000268603,-0.000005371,-0.000000072,-0.000000095,0.022999990
736,3.091667,-0.000000071,-0.000000094,0.222999990,0.999999940,0.000001484,-0.000000860,0.000000014,0.000026552,-0.000015537,-0.000053303,0.002106932,0.000266412,-0.000005578,-0.000000071,-0.000000094,0.022999990
737,3.095833,-0.000000072,-0.000000094,0.222999990,0.999999940,0.000001528,-0.000000882,0.000000015,0.000026157,-0.000015791,-0.000053254,0.002110688,0.000257823,-0.000005707,-0.000000072,-0.000000094,0.022999990
738,3.100000,-0.000000072,-0.000000094,0.222999990,0.999999940,0.000001388,-0.000000632,-0.000000030,0.000026448,-0.000015735,-0.000053364,0.002112833,0.000264414,-0.000005530,-0.000000072,-0.000000094,0.022999990
739,3.104167,-0.000000071,-0.000000095,0.222999990,1.000000000,0.000001511,-0.000000877,0.000000019,0.000026412,-0.000015810,-0.000053290,0.002112078,0.000264495,-0.000005424,-0.000000071,-0.000000095,0.022999990
740,3.108333,-0.000000073,-0.000000094,0.222999990,1.000000000,0.000001387,-0.000000805,0.000000010,0.000025995,-0.000015874,-0.000053248,0.002112173,0.000254109,-0.000005802,-0.000000073,-0.000000094,0.022999990
741,3.112500,-0.000000073,-0.000000093,0.222999990,1.000000000,0.000001294,-0.000000709,0.000000023,0.000026410,-0.000015657,-0.000053280,0.002109011,0.000263221,-0.000005583,-0.000000073,-0.000000093,0.022999990
742,3.116667,-0.000000074,-0.000000093,0.222999990,0.999999940,0.000001344,-0.000000740,0.000000012,0.000026220,-0.000015815,-0.000053201,0.002109707,0.000259789,-0.000005543,-0.000000074,-0.000000093,0.022999990
743,3.120833,-0.000000072,-0.000000094,0.222999990,0.999999940,0.000001226,-0.000000478,-0.000000034,0.000026874,-0.000015478,-0.000053367,0.002107848,0.000273956,-0.000005310,-0.000000072,-0.000000094,0.022999990
744,3.125000,-0.000000070,-0.000000094,0.222999990,0.999999940,0.000001485,-0.000000862,0.000000014,0.000026710,-0.000015514,-0.000053276,0.002105588,0.000270602,-0.000005384,-0.000000070,-0.000000094,0.022999990
745,3.129167,-0.000000071,-0.000000095,0.222999990,0.999999940,0.000001384,-0.000000773,0.000000017,0.000026062,-0.000016001,-0.000053249,0.002114689,0.000256692,-0.000005575,-0.000000071,-0.000000095,0.022999990
746,3.133333,-0.000000073,-0.000000094,0.222999990,0.999999940,0.000001289,-0.000000676,0.000000005,0.000026061,-0.000015845,-0.000053198,0.002110353,0.000255755,-0.000005702,-0.000000073,-0.000000094,0.022999990
747,3.137500,-0.000000073,-0.000000094,0.222999990,1.000000000,0.000001339,-0.000000716,0.000000018,0.000026566,-0.000015645,-0.000053268,0.002108332,0.000267381,-0.000005390,-0.000000073,-0.000000094,0.022999990
748,3.141667,-0.000000073,-0.000000095,0.222999990,1.000000000,0.000001244,-0.000000633,0.000000008,0.000026331,-0.000015832,-0.000053243,0.002111271,0.000262620,-0.000005434,-0.000000073,-0.000000095,0.022999990
749,3.145833,-0.000000073,-0.000000095,0.222999990,0.999999940,0.000001289,-0.000000678,0.000000009,0.000026440,-0.000015679,-0.000053219,0.002107587,0.000264576,-0.000005451,-0.000000073,-0.000000095,0.022999990
750,3.150000,-0.000000072,-0.000000093,0.222999990,1.000000000,0.000001335,-0.000000717,0.000000021,0.000026641,-0.000015418,-0.000053265,0.002103667,0.000268056,-0.000005563,-0.000000072,-0.000000093,0.022999990
751,3.154167,-0.000000072,-0.000000094,0.222999990,1.000000000,0.000001240,-0.000000635,0.000000011,0.000026330,-0.000015833,-0.000053237,0.002111109,0.000262662,-0.000005427,-0.000000072,-0.000000094,0.022999990
752,3.158333,-0.000000073,-0.000000095,0.222999990,0.999999940,0.000001287,-0.000000681,0.000000000,0.000026378,-0.000015806,-0.000053213,0.002109933,0.000263757,-0.000005373,-0.000000073,-0.000000095,0.022999990
753,3.162500,-0.000000072,-0.000000093,0.222999990,1.000000000,0.000001333,-0.000000719,0.000000013,0.000026642,-0.000015418,-0.000053268,0.002103748,0.000268050,-0.000005564,-0.000000072,-0.000000093,0.022999990
754,3.166667,-0.000000072,-0.000000094,0.222999990,1.000000000,0.000001239,-0.000000637,0.000000003,0.000026330,-0.000015833,-0.000053238,0.002111093,0.000262626,-0.000005425,-0.000000072,-0.000000094,0.022999990
755,3.170833,-0.000000073,-0.000000094,0.222999990,0.999999940,0.000001283,-0.000000679,0.000000014,0.000026249,-0.000015790,-0.000053178,0.002108649,0.000260481,-0.000005517,-0.000000073,-0.000000094,0.022999990
756,3.175000,-0.000000072,-0.000000092,0.222999990,1.000000000,0.000001329,-0.000000717,0.000000026,0.000026648,-0.000015423,-0.000053269,0.002103932,0.000268150,-0.000005551,-0.000000072,-0.000000092,0.022999990
757,3.179167,-0.000000073,-0.000000093,0.222999990,1.000000000,0.000001234,-0.000000635,0.000000017,0.000026330,-0.000015833,-0.000053238,0.002111090,0.000262654,-0.000005427,-0.000000073,-0.000000093,0.022999990
758,3.183333,-0.000000073,-0.000000094,0.222999990,0.999999940,0.000001281,-0.000000681,0.000000005,0.000026377,-0.000015806,-0.000053214,0.002109931,0.000263738,-0.000005374,-0.000000073,-0.000000094,0.022999990
759,3.187500,-0.000000072,-0.000000093,0.222999990,1.000000000,0.000001327,-0.000000719,0.000000018,0.000026643,-0.000015418,-0.000053269,0.002103773,0.000268066,-0.000005564,-0.000000072,-0.000000093,0.022999990
760,3.191667,-0.000000072,-0.000000093,0.222999990,1.000000000,0.000001232,-0.000000637,0.000000008,0.000026330,-0.000015833,-0.000053237,0.002111059,0.000262710,-0.000005427,-0.000000072,-0.000000093,0.022999990
761,3.195833,-0.000000073,-0.000000094,0.222999990,0.999999940,0.000001279,-0.000000681,0.000000008,0.000026186,-0.000015917,-0.000053174,0.002110980,0.000259634,-0.000005439,-0.000000073,-0.000000094,0.022999990
762,3.200000,-0.000000073,-0.000000093,0.222999990,1.000000000,0.000001325,-0.000000719,0.000000020,0.000026649,-0.000015423,-0.000053272,0.002104013,0.000268146,-0.000005552,-0.000000073,-0.000000093,0.022999990
763,3.204167,-0.000000073,-0.000000094,0.222999990,1.000000000,0.000001230,-0.000000636,0.000000011,0.000026330,-0.000015832,-0.000053237,0.002111068,0.000262683,-0.000005428,-0.000000073,-0.000000094,0.022999990
764,3.208333,-0.000000073,-0.000000095,0.222999990,0.999999940,0.000001277,-0.000000682,-0.000000001,0.000026377,-0.000015806,-0.000053213,0.002109930,0.000263757,-0.000005373,-0.000000073,-0.000000095,0.022999990
765,3.212500,-0.000000072,-0.000000093,0.222999990,1.000000000,0.000001323,-0.000000721,0.000000012,0.000026642,-0.000015418,-0.000053269,0.002103775,0.000268031,-0.000005563,-0.000000072,-0.000000093,0.022999990
766,3.216667,-0.000000072,-0.000000094,0.222999990,1.000000000,0.000001228,-0.000000638,0.000000002,0.000026330,-0.000015833,-0.000053238,0.002111094,0.000262643,-0.000005426,-0.000000072,-0.000000094,0.022999990
767,3.220833,-0.000000073,-0.000000094,0.222999990,0.999999940,0.000001273,-0.000000681,0.000000013,0.000026249,-0.000015791,-0.000053178,0.002108663,0.000260459,-0.000005517,-0.000000073,-0.000000094,0.022999990
768,3.225000,-0.000000073,-0.000000094,0.222999990,1.000000000,0.000001322,-0.000000721,0.000000026,0.000026559,-0.000015639,-0.000053266,0.002108136,0.000267185,-0.000005406,-0.000000073,-0.000000094,0.022999990
769,3.229167,-0.000000073,-0.000000095,0.222999990,1.000000000,0.000001228,-0.000000639,0.000000016,0.000026331,-0.000015833,-0.000053243,0.002111288,0.000262625,-0.000005433,-0.000000073,-0.000000095,0.022999990
770,3.233333,-0.000000073,-0.000000094,0.222999990,0.999999940,0.000001271,-0.000000683,0.000000005,0.000026466,-0.000015590,-0.000053217,0.002105708,0.000264714,-0.000005519,-0.000000073,-0.000000094,0.022999990
771,3.237500,-0.000000072,-0.000000094,0.222999990,1.000000000,0.000001321,-0.000000723,0.000000018,0.000026552,-0.000015634,-0.000053259,0.002107818,0.000267034,-0.000005412,-0.000000072,-0.000000094,0.022999990
772,3.241667,-0.000000073,-0.000000095,0.222999990,1.000000000,0.000001226,-0.000000641,0.000000008,0.000026331,-0.000015832,-0.000053243,0.002111268,0.000262612,-0.000005431,-0.000000073,-0.000000095,0.022999990
773,3.245833,-0.000000074,-0.000000094,0.222999990,0.999999940,0.000001269,-0.000000682,0.000000007,0.000026275,-0.000015701,-0.000053176,0.002106792,0.000260583,-0.000005585,-0.000000074,-0.000000094,0.022999990
774,3.250000,-0.000000071,-0.000000094,0.222999990,1.000000000,0.000001320,-0.000000727,0.000000022,0.000026900,-0.000015454,-0.000053337,0.002106423,0.000274690,-0.000005279,-0.000000071,-0.000000094,0.022999990
775,3.254167,-0.000000073,-0.000000093,0.222999990,1.000000000,0.000001220,-0.000000639,0.000000010,0.000026067,-0.000015792,-0.000053167,0.002108169,0.000255936,-0.000005722,-0.000000073,-0.000000093,0.022999990
776,3.258333,-0.000000073,-0.000000094,0.222999990,0.999999940,0.000001288,-0.000000659,0.000000022,0.000026408,-0.000015801,-0.000053205,0.002109776,0.000264354,-0.000005335,-0.000000073,-0.000000094,0.022999990
777,3.262500,-0.000000072,-0.000000093,0.222999990,1.000000000,0.000001336,-0.000000701,0.000000012,0.000026769,-0.000015433,-0.000053304,0.002105077,0.000271250,-0.000005424,-0.000000072,-0.000000093,0.022999990
778,3.266667,-0.000000074,-0.000000093,0.222999990,1.000000000,0.000001350,-0.000000771,0.000000012,0.000025986,-0.000015938,-0.000053170,0.002111146,0.000254762,-0.000005658,-0.000000074,-0.000000093,0.022999990
779,3.270833,-0.000000071,-0.000000094,0.222999990,1.000000000,0.000001255,-0.000000481,-0.000000022,0.000026884,-0.000015553,-0.000053375,0.002109750,0.000274444,-0.000005222,-0.000000071,-0.000000094,0.022999990
780,3.275000,-0.000000074,-0.000000092,0.222999990,1.000000000,0.000001487,-0.000000875,0.000000010,0.000025921,-0.000015779,-0.000053105,0.002105895,0.000252584,-0.000005863,-0.000000074,-0.000000092,0.022999990
781,3.279167,-0.000000072,-0.000000094,0.222999990,1.000000000,0.000001366,-0.000000608,-0.000000012,0.000026628,-0.000015722,-0.000053384,0.002113288,0.000268814,-0.000005349,-0.000000072,-0.000000094,0.022999990
782,3.283333,-0.000000072,-0.000000095,0.222999990,0.999999940,0.000001488,-0.000000855,0.000000014,0.000026257,-0.000015946,-0.000053252,0.002113647,0.000261491,-0.000005410,-0.000000072,-0.000000095,0.022999990
783,3.287500,-0.000000073,-0.000000094,0.222999990,0.999999940,0.000001510,-0.000000904,0.000000016,0.000026359,-0.000015609,-0.000053311,0.002108748,0.000261639,-0.000005734,-0.000000073,-0.000000094,0.022999990
784,3.291667,-0.000000072,-0.000000094,0.222999990,0.999999940,0.000001390,-0.000000630,-0.000000006,0.000026460,-0.000015717,-0.000053348,0.002111995,0.000264732,-0.000005525,-0.000000072,-0.000000094,0.022999990
785,3.295833,-0.000000071,-0.000000095,0.222999990,1.000000000,0.000001513,-0.000000875,0.000000020,0.000026453,-0.000015773,-0.000053298,0.002111505,0.000265328,-0.000005418,-0.000000071,-0.000000095,0.022999990
786,3.300000,-0.000000073,-0.000000094,0.222999990,1.000000000,0.000001389,-0.000000803,0.000000010,0.000025994,-0.000015873,-0.000053246,0.002112162,0.000254052,-0.000005806,-0.000000073,-0.000000094,0.022999990
787,3.304167,-0.000000074,-0.000000093,0.222999990,1.000000000,0.000001296,-0.000000706,0.000000024,0.000026410,-0.000015657,-0.000053280,0.002109009,0.000263267,-0.000005584,-0.000000074,-0.000000093,0.022999990
788,3.308333,-0.000000075,-0.000000093,0.222999990,0.999999940,0.000001346,-0.000000738,0.000000012,0.000026221,-0.000015814,-0.000053201,0.002109729,0.000259803,-0.000005543,-0.000000075,-0.000000093,0.022999990
789,3.312500,-0.000000072,-0.000000094,0.222999990,0.999999940,0.000001228,-0.000000476,-0.000000034,0.000026874,-0.000015478,-0.000053367,0.002107811,0.000273931,-0.000005310,-0.000000072,-0.000000094,0.022999990
790,3.316667,-0.000000070,-0.000000094,0.222999990,0.999999940,0.000001486,-0.000000860,0.000000015,0.000026710,-0.000015514,-0.000053275,0.002105596,0.000270635,-0.000005385,-0.000000070,-0.000000094,0.022999990
791,3.320833,-0.000000071,-0.000000095,0.222999990,0.999999940,0.000001386,-0.000000771,0.000000017,0.000026062,-0.000016001,-0.000053248,0.002114746,0.000256668,-0.000005577,-0.000000071,-0.000000095,0.022999990
792,3.325000,-0.000000073,-0.000000094,0.222999990,0.999999940,0.000001291,-0.000000676,0.000000018,0.000026210,-0.000015770,-0.000053231,0.002109846,0.000259008,-0.000005644,-0.000000073,-0.000000094,0.022999990
793,3.329167,-0.000000072,-0.000000095,0.222999990,1.000000000,0.000001343,-0.000000717,0.000000020,0.000026498,-0.000015767,-0.000053261,0.002110608,0.000266340,-0.000005322,-0.000000072,-0.000000095,0.022999990
794,3.333333,-0.000000072,-0.000000094,0.222999990,0.999999940,0.000001394,-0.000000746,0.000000009,0.000026420,-0.000015616,-0.000053249,0.002107169,0.000263568,-0.000005581,-0.000000072,-0.000000094,0.022999990
795,3.337500,-0.000000072,-0.000000093,0.222999990,0.999999940,0.000001277,-0.000000680,-0.000000000,0.000026585,-0.000015466,-0.000053308,0.002105784,0.000266730,-0.000005618,-0.000000072,-0.000000093,0.022999990
796,3.341667,-0.000000073,-0.000000093,0.222999990,1.000000000,0.000001325,-0.000000716,0.000000011,0.000026208,-0.000015818,-0.000053183,0.002109183,0.000259663,-0.000005542,-0.000000073,-0.000000093,0.022999990
797,3.345833,-0.000000073,-0.000000094,0.222999990,1.000000000,0.000001230,-0.000000633,0.000000001,0.000026343,-0.000015842,-0.000053249,0.002111720,0.000262865,-0.000005411,-0.000000073,-0.000000094,0.022999990
798,3.350000,-0.000000074,-0.000000093,0.222999990,0.999999940,0.000001275,-0.000000676,0.000000012,0.000026248,-0.000015790,-0.000053178,0.002108561,0.000260467,-0.000005517,-0.000000074,-0.000000093,0.022999990
799,3.354167,-0.000000071,-0.000000094,0.222999990,1.000000000,0.000001326,-0.000000720,0.000000027,0.000026900,-0.000015453,-0.000053339,0.002106499,0.000274581,-0.000005279,-0.000000071,-0.000000094,0.022999990
800,3.358333,-0.000000073,-0.000000095,0.222999990,1.000000000,0.000001362,-0.000000766,0.000000016,0.000025978,-0.000016008,-0.000053164,0.002112322,0.000255025,-0.000005577,-0.000000073,-0.000000095,0.022999990
801,3.362500,-0.000000074,-0.000000094,0.222999990,1.000000000,0.000001268,-0.000000674,0.000000006,0.000026421,-0.000015647,-0.000053275,0.002108663,0.000263512,-0.000005572,-0.000000074,-0.000000094,0.022999990
802,3.366667,-0.000000072,-0.000000094,0.222999990,0.999999940,0.000001318,-0.000000717,0.000000008,0.000026761,-0.000015510,-0.000053304,0.002106604,0.000271540,-0.000005346,-0.000000072,-0.000000094,0.022999990
803,3.370833,-0.000000071,-0.000000094,0.222999990,1.000000000,0.000001371,-0.000000750,0.000000021,0.000026522,-0.000015640,-0.000053274,0.002108223,0.000266344,-0.000005458,-0.000000071,-0.000000094,0.022999990
804,3.375000,-0.000000073,-0.000000095,0.222999990,1.000000000,0.000001411,-0.000000787,0.000000010,0.000025972,-0.000016035,-0.000053187,0.002113721,0.000254759,-0.000005578,-0.000000073,-0.000000095,0.022999990
805,3.379167,-0.000000073,-0.000000095,0.222999990,1.000000000,0.000001453,-0.000000824,0.000000012,0.000026345,-0.000015781,-0.000053279,0.002111457,0.000262335,-0.000005514,-0.000000073,-0.000000095,0.022999990
806,3.383333,-0.000000074,-0.000000093,0.222999990,1.000000000,0.000001473,-0.000000878,0.000000014,0.000026422,-0.000015549,-0.000053308,0.002107423,0.000262966,-0.000005723,-0.000000074,-0.000000093,0.022999990
807,3.387500,-0.000000073,-0.000000094,0.222999990,1.000000000,0.000001498,-0.000000725,-0.000000021,0.000026430,-0.000015812,-0.000053327,0.002113290,0.000264603,-0.000005426,-0.000000073,-0.000000094,0.022999990
808,3.391667,-0.000000073,-0.000000093,0.222999990,1.000000000,0.000001436,-0.000000676,-0.000000020,0.000026298,-0.000015707,-0.000053318,0.002110717,0.000260808,-0.000005710,-0.000000073,-0.000000093,0.022999990
809,3.395833,-0.000000073,-0.000000094,0.222999990,1.000000000,0.000001413,-0.000000797,0.000000018,0.000026266,-0.000015892,-0.000053278,0.002113397,0.000261184,-0.000005490,-0.000000073,-0.000000094,0.022999990
810,3.400000,-0.000000073,-0.000000095,0.222999990,1.000000000,0.000001455,-0.000000834,0.000000020,0.000026336,-0.000015773,-0.000053274,0.002111045,0.000262146,-0.000005533,-0.000000073,-0.000000095,0.022999990
811,3.404167,-0.000000073,-0.000000095,0.222999990,1.000000000,0.000001501,-0.000000867,0.000000011,0.000026506,-0.000015676,-0.000053331,0.002110688,0.000265776,-0.000005492,-0.000000073,-0.000000095,0.022999990
812,3.408333,-0.000000073,-0.000000093,0.222999990,1.000000000,0.000001376,-0.000000799,0.000000015,0.000026397,-0.000015560,-0.000053322,0.002108020,0.000262377,-0.000005757,-0.000000073,-0.000000093,0.022999990
813,3.412500,-0.000000072,-0.000000094,0.222999990,1.000000000,0.000001308,-0.000000682,0.000000017,0.000026481,-0.000015774,-0.000053292,0.002111624,0.000265812,-0.000005370,-0.000000072,-0.000000094,0.022999990
814,3.416667,-0.000000071,-0.000000093,0.222999990,0.999999940,0.000001357,-0.000000718,0.000000019,0.000026621,-0.000015497,-0.000053282,0.002105667,0.000267929,-0.000005509,-0.000000071,-0.000000093,0.022999990
815,3.420833,-0.000000072,-0.000000092,0.222999990,0.999999940,0.000001372,-0.000000787,0.000000009,0.000026373,-0.000015653,-0.000053257,0.002108003,0.000262631,-0.000005606,-0.000000072,-0.000000092,0.022999990
816,3.425000,-0.000000074,-0.000000092,0.222999990,0.999999940,0.000001410,-0.000000824,0.000000009,0.000026026,-0.000015928,-0.000053190,0.002111721,0.000255430,-0.000005640,-0.000000074,-0.000000092,0.022999990
817,3.429167,-0.000000071,-0.000000093,0.222999990,0.999999940,0.000001299,-0.000000550,-0.000000013,0.000026850,-0.000015506,-0.000053396,0.002109321,0.000273235,-0.000005341,-0.000000071,-0.000000093,0.022999990
818,3.433333,-0.000000072,-0.000000093,0.222999990,1.000000000,0.000001413,-0.000000801,0.000000022,0.000026151,-0.000015835,-0.000053190,0.002109524,0.000258440,-0.000005603,-0.000000072,-0.000000093,0.022999990
819,3.437500,-0.000000072,-0.000000094,0.222999990,1.000000000,0.000001459,-0.000000836,0.000000013,0.000026307,-0.000015875,-0.000053285,0.002113464,0.000261901,-0.000005457,-0.000000072,-0.000000094,0.022999990
820,3.441667,-0.000000073,-0.000000096,0.222999990,1.000000000,0.000001508,-0.000000867,0.000000016,0.000026226,-0.000016003,-0.000053288,0.002116045,0.000260640,-0.000005415,-0.000000073,-0.000000096,0.022999990
821,3.445833,-0.000000073,-0.000000095,0.222999990,1.000000000,0.000001385,-0.000000800,0.000000008,0.000026342,-0.000015692,-0.000053327,0.002110873,0.000261629,-0.000005674,-0.000000073,-0.000000095,0.022999990
822,3.450000,-0.000000073,-0.000000094,0.222999990,1.000000000,0.000001292,-0.000000704,0.000000021,0.000026398,-0.000015647,-0.000053275,0.002108505,0.000263031,-0.000005604,-0.000000073,-0.000000094,0.022999990
823,3.454167,-0.000000074,-0.000000094,0.222999990,0.999999940,0.000001342,-0.000000736,0.000000010,0.000026221,-0.000015815,-0.000053199,0.002109753,0.000259772,-0.000005541,-0.000000074,-0.000000094,0.022999990
824,3.458333,-0.000000071,-0.000000093,0.222999990,0.999999940,0.000001248,-0.000000654,0.000000014,0.000026938,-0.000015350,-0.000053372,0.002105389,0.000274819,-0.000005387,-0.000000071,-0.000000093,0.022999990
825,3.462500,-0.000000073,-0.000000093,0.222999990,1.000000000,0.000001294,-0.000000694,0.000000002,0.000026206,-0.000015798,-0.000053170,0.002108400,0.000259595,-0.000005549,-0.000000073,-0.000000093,0.022999990
826,3.466667,-0.000000073,-0.000000094,0.222999990,0.999999940,0.000001347,-0.000000729,0.000000014,0.000026352,-0.000015835,-0.000053239,0.002111305,0.000263088,-0.000005403,-0.000000073,-0.000000094,0.022999990
827,3.470833,-0.000000072,-0.000000093,0.222999990,0.999999940,0.000001249,-0.000000642,0.000000005,0.000026616,-0.000015442,-0.000053297,0.002105037,0.000267373,-0.000005593,-0.000000072,-0.000000093,0.022999990
828,3.475000,-0.000000070,-0.000000092,0.222999990,1.000000000,0.000001295,-0.000000688,0.000000018,0.000026772,-0.000015422,-0.000053287,0.002104260,0.000271456,-0.000005417,-0.000000070,-0.000000092,0.022999990
829,3.479167,-0.000000071,-0.000000094,0.222999990,0.999999940,0.000001481,-0.000000854,0.000000007,0.000026120,-0.000016021,-0.000053189,0.002113431,0.000258554,-0.000005415,-0.000000071,-0.000000094,0.022999990
830,3.483333,-0.000000073,-0.000000094,0.222999990,0.999999940,0.000001528,-0.000000877,0.000000020,0.000026144,-0.000015888,-0.000053269,0.002113178,0.000257875,-0.000005630,-0.000000073,-0.000000094,0.022999990
831,3.487500,-0.000000072,-0.000000094,0.222999990,0.999999940,0.000001388,-0.000000627,-0.000000025,0.000026447,-0.000015735,-0.000053365,0.002112887,0.000264354,-0.000005535,-0.000000072,-0.000000094,0.022999990
832,3.491667,-0.000000070,-0.000000095,0.222999990,1.000000000,0.000001486,-0.000000693,-0.000000025,0.000026604,-0.000015699,-0.000053331,0.002111039,0.000268633,-0.000005357,-0.000000070,-0.000000095,0.022999990
833,3.495833,-0.000000071,-0.000000093,0.222999990,1.000000000,0.000001439,-0.000000826,0.000000012,0.000026175,-0.000015680,-0.000053271,0.002108785,0.000257715,-0.000005843,-0.000000071,-0.000000093,0.022999990
834,3.500000,-0.000000072,-0.000000094,0.222999990,1.000000000,0.000001486,-0.000000855,0.000000014,0.000026147,-0.000015960,-0.000053257,0.002114285,0.000258445,-0.000005528,-0.000000072,-0.000000094,0.022999990
835,3.504167,-0.000000074,-0.000000093,0.222999990,1.000000000,0.000001509,-0.000000903,0.000000016,0.000026204,-0.000015762,-0.000053284,0.002111007,0.000258643,-0.000005717,-0.000000074,-0.000000093,0.022999990
836,3.508333,-0.000000074,-0.000000094,0.222999990,1.000000000,0.000001413,-0.000000808,0.000000008,0.000026268,-0.000015906,-0.000053318,0.002114992,0.000260901,-0.000005503,-0.000000074,-0.000000094,0.022999990
837,3.512500,-0.000000072,-0.000000094,0.222999990,1.000000000,0.000001323,-0.000000713,0.000000000,0.000026732,-0.000015468,-0.000053363,0.002107476,0.000270222,-0.000005490,-0.000000072,-0.000000094,0.022999990
838,3.516667,-0.000000071,-0.000000094,0.222999990,0.999999940,0.000001376,-0.000000746,0.000000014,0.000026539,-0.000015627,-0.000053276,0.002108021,0.000266741,-0.000005455,-0.000000071,-0.000000094,0.022999990
839,3.520833,-0.000000072,-0.000000093,0.222999990,0.999999940,0.000001392,-0.000000810,0.000000015,0.000026214,-0.000015736,-0.000053236,0.002109115,0.000259026,-0.000005685,-0.000000072,-0.000000093,0.022999990
840,3.525000,-0.000000073,-0.000000093,0.222999990,0.999999940,0.000001434,-0.000000847,0.000000017,0.000026323,-0.000015792,-0.000053269,0.002111234,0.000261971,-0.000005518,-0.000000073,-0.000000093,0.022999990
841,3.529167,-0.000000072,-0.000000093,0.222999990,0.999999940,0.000001480,-0.000000879,0.000000008,0.000026491,-0.000015691,-0.000053328,0.002110891,0.000265460,-0.000005490,-0.000000072,-0.000000093,0.022999990
842,3.533333,-0.000000071,-0.000000092,0.222999990,0.999999940,0.000001378,-0.000000790,0.000000012,0.000026529,-0.000015575,-0.000053347,0.002109050,0.000265753,-0.000005602,-0.000000071,-0.000000092,0.022999990
843,3.537500,-0.000000072,-0.000000092,0.222999990,0.999999940,0.000001284,-0.000000692,0.000000013,0.000026226,-0.000015730,-0.000053235,0.002108990,0.000259262,-0.000005674,-0.000000072,-0.000000092,0.022999990
844,3.541667,-0.000000073,-0.000000093,0.222999990,1.000000000,0.000001337,-0.000000731,0.000000015,0.000026322,-0.000015932,-0.000053228,0.002112960,0.000262922,-0.000005314,-0.000000073,-0.000000093,0.022999990
845,3.545833,-0.000000073,-0.000000094,0.222999990,1.000000000,0.000001243,-0.000000648,0.000000005,0.000026338,-0.000015836,-0.000053251,0.002111631,0.000262729,-0.000005428,-0.000000073,-0.000000094,0.022999990
846,3.550000,-0.000000073,-0.000000093,0.222999990,0.999999940,0.000001288,-0.000000689,0.000000017,0.000026454,-0.000015597,-0.000053225,0.002106153,0.000264370,-0.000005540,-0.000000073,-0.000000093,0.022999990
847,3.554167,-0.000000073,-0.000000093,0.222999990,1.000000000,0.000001337,-0.000000727,0.000000017,0.000026403,-0.000015709,-0.000053227,0.002108356,0.000263810,-0.000005472,-0.000000073,-0.000000093,0.022999990
848,3.558333,-0.000000073,-0.000000094,0.222999990,1.000000000,0.000001242,-0.000000644,0.000000007,0.000026337,-0.000015837,-0.000053245,0.002111471,0.000262713,-0.000005421,-0.000000073,-0.000000094,0.022999990
849,3.562500,-0.000000073,-0.000000093,0.222999990,0.999999940,0.000001287,-0.000000685,0.000000019,0.000026455,-0.000015598,-0.000053226,0.002106116,0.000264450,-0.000005540,-0.000000073,-0.000000093,0.022999990
850,3.566667,-0.000000073,-0.000000094,0.222999990,1.000000000,0.000001338,-0.000000723,0.000000008,0.000026339,-0.000015836,-0.000053222,0.002110810,0.000262898,-0.000005395,-0.000000073,-0.000000094,0.022999990
851,3.570833,-0.000000074,-0.000000094,0.222999990,0.999999940,0.000001391,-0.000000753,0.000000009,0.000026402,-0.000015710,-0.000053253,0.002109184,0.000263544,-0.000005499,-0.000000074,-0.000000094,0.022999990
852,3.575000,-0.000000073,-0.000000093,0.222999990,0.999999940,0.000001274,-0.000000688,0.000000000,0.000026585,-0.000015464,-0.000053310,0.002105841,0.000266677,-0.000005621,-0.000000073,-0.000000093,0.022999990
853,3.579167,-0.000000072,-0.000000093,0.222999990,1.000000000,0.000001323,-0.000000728,0.000000013,0.000026549,-0.000015632,-0.000053257,0.002107627,0.000267032,-0.000005417,-0.000000072,-0.000000093,0.022999990
854,3.583333,-0.000000072,-0.000000094,0.222999990,1.000000000,0.000001229,-0.000000646,0.000000004,0.000026332,-0.000015833,-0.000053244,0.002111265,0.000262692,-0.000005433,-0.000000072,-0.000000094,0.022999990
855,3.587500,-0.000000073,-0.000000094,0.222999990,0.999999940,0.000001273,-0.000000688,0.000000015,0.000026249,-0.000015791,-0.000053179,0.002108613,0.000260502,-0.000005515,-0.000000073,-0.000000094,0.022999990
856,3.591667,-0.000000074,-0.000000094,0.222999990,1.000000000,0.000001322,-0.000000726,0.000000015,0.000026409,-0.000015714,-0.000053231,0.002108700,0.000263886,-0.000005465,-0.000000074,-0.000000094,0.022999990
857,3.595833,-0.000000074,-0.000000095,0.222999990,1.000000000,0.000001228,-0.000000643,0.000000006,0.000026337,-0.000015837,-0.000053246,0.002111462,0.000262759,-0.000005422,-0.000000074,-0.000000095,0.022999990
858,3.600000,-0.000000073,-0.000000093,0.222999990,0.999999940,0.000001270,-0.000000689,0.000000018,0.000026678,-0.000015389,-0.000053255,0.002102764,0.000268859,-0.000005537,-0.000000073,-0.000000093,0.022999990
859,3.604167,-0.000000072,-0.000000093,0.222999990,1.000000000,0.000001340,-0.000000705,0.000000007,0.000026568,-0.000015615,-0.000053247,0.002107033,0.000267437,-0.000005396,-0.000000072,-0.000000093,0.022999990
860,3.608333,-0.000000072,-0.000000094,0.222999990,1.000000000,0.000001357,-0.000000780,0.000000021,0.000026309,-0.000015846,-0.000053250,0.002111697,0.000262136,-0.000005457,-0.000000072,-0.000000094,0.022999990
861,3.612500,-0.000000072,-0.000000096,0.222999990,1.000000000,0.000001290,-0.000000668,0.000000012,0.000026467,-0.000015854,-0.000053294,0.002113278,0.000265920,-0.000005292,-0.000000072,-0.000000096,0.022999990
862,3.616667,-0.000000074,-0.000000095,0.222999990,0.999999940,0.000001336,-0.000000700,-0.000000001,0.000026099,-0.000015786,-0.000053161,0.002107996,0.000256683,-0.000005682,-0.000000074,-0.000000095,0.022999990
863,3.620833,-0.000000071,-0.000000092,0.222999990,1.000000000,0.000001363,-0.000000759,0.000000002,0.000027021,-0.000015147,-0.000053375,0.002101447,0.000275698,-0.000005527,-0.000000071,-0.000000092,0.022999990
864,3.625000,-0.000000072,-0.000000092,0.222999990,1.000000000,0.000001269,-0.000000667,0.000000015,0.000026171,-0.000015824,-0.000053212,0.002109999,0.000258711,-0.000005612,-0.000000072,-0.000000092,0.022999990
865,3.629167,-0.000000072,-0.000000093,0.222999990,0.999999940,0.000001320,-0.000000705,0.000000004,0.000026364,-0.000015828,-0.000053231,0.002110993,0.000263332,-0.000005383,-0.000000072,-0.000000093,0.022999990
866,3.633333,-0.000000071,-0.000000094,0.222999990,1.000000000,0.000001373,-0.000000742,0.000000006,0.000026521,-0.000015731,-0.000053277,0.002110297,0.000266716,-0.000005354,-0.000000071,-0.000000094,0.022999990
867,3.637500,-0.000000074,-0.000000093,0.222999990,1.000000000,0.000001387,-0.000000804,0.000000005,0.000025858,-0.000015935,-0.000053152,0.002110618,0.000251397,-0.000005800,-0.000000074,-0.000000093,0.022999990
868,3.641667,-0.000000073,-0.000000094,0.222999990,1.000000000,0.000001406,-0.000000666,-0.000000018,0.000026667,-0.000015691,-0.000053352,0.002111785,0.000269775,-0.000005304,-0.000000073,-0.000000094,0.022999990
869,3.645833,-0.000000074,-0.000000094,0.222999990,1.000000000,0.000001379,-0.000000787,0.000000019,0.000026134,-0.000015855,-0.000053233,0.002111206,0.000257877,-0.000005647,-0.000000074,-0.000000094,0.022999990
870,3.650000,-0.000000071,-0.000000093,0.222999990,1.000000000,0.000001263,-0.000000516,-0.000000027,0.000026963,-0.000015265,-0.000053392,0.002104326,0.000274777,-0.000005475,-0.000000071,-0.000000093,0.022999990
871,3.654167,-0.000000073,-0.000000095,0.222999990,0.999999940,0.000001376,-0.000000773,0.000000019,0.000025904,-0.000016132,-0.000053124,0.002113555,0.000254106,-0.000005494,-0.000000073,-0.000000095,0.022999990
872,3.658333,-0.000000074,-0.000000093,0.222999990,0.999999940,0.000001280,-0.000000680,0.000000021,0.000026471,-0.000015536,-0.000053281,0.002106582,0.000264084,-0.000005649,-0.000000074,-0.000000093,0.022999990
873,3.662500,-0.000000074,-0.000000093,0.222999990,1.000000000,0.000001329,-0.000000718,0.000000021,0.000026403,-0.000015710,-0.000053226,0.002108364,0.000263792,-0.000005470,-0.000000074,-0.000000093,0.022999990
874,3.666667,-0.000000072,-0.000000094,0.222999990,0.999999940,0.000001384,-0.000000754,0.000000013,0.000026678,-0.000015651,-0.000053319,0.002109867,0.000270164,-0.000005299,-0.000000072,-0.000000094,0.022999990
875,3.670833,-0.000000071,-0.000000093,0.222999990,0.999999940,0.000001402,-0.000000822,0.000000015,0.000026549,-0.000015545,-0.000053310,0.002107310,0.000266338,-0.000005575,-0.000000071,-0.000000093,0.022999990
876,3.675000,-0.000000072,-0.000000093,0.222999990,0.999999940,0.000001333,-0.000000696,0.000000005,0.000026173,-0.000015850,-0.000053229,0.002111303,0.000258592,-0.000005590,-0.000000072,-0.000000093,0.022999990
877,3.679167,-0.000000072,-0.000000092,0.222999990,1.000000000,0.000001363,-0.000000753,0.000000007,0.000026587,-0.000015545,-0.000053298,0.002107172,0.000267169,-0.000005514,-0.000000072,-0.000000092,0.022999990
878,3.683333,-0.000000074,-0.000000093,0.222999990,1.000000000,0.000001401,-0.000000794,0.000000019,0.000025979,-0.000016026,-0.000053175,0.002113138,0.000254927,-0.000005572,-0.000000074,-0.000000093,0.022999990
879,3.687500,-0.000000072,-0.000000094,0.222999990,1.000000000,0.000001421,-0.000000656,-0.000000005,0.000026662,-0.000015685,-0.000053353,0.002111676,0.000269622,-0.000005320,-0.000000072,-0.000000094,0.022999990
880,3.691667,-0.000000071,-0.000000093,0.222999990,1.000000000,0.000001394,-0.000000778,0.000000022,0.000026531,-0.000015552,-0.000053321,0.002107632,0.000265987,-0.000005605,-0.000000071,-0.000000093,0.022999990
881,3.695833,-0.000000072,-0.000000093,0.222999990,1.000000000,0.000001435,-0.000000813,0.000000012,0.000026178,-0.000015843,-0.000053232,0.002111171,0.000258768,-0.000005596,-0.000000072,-0.000000093,0.022999990
882,3.700000,-0.000000072,-0.000000095,0.222999990,1.000000000,0.000001482,-0.000000849,0.000000015,0.000026281,-0.000015964,-0.000053287,0.002115234,0.000261784,-0.000005390,-0.000000072,-0.000000095,0.022999990
883,3.704167,-0.000000073,-0.000000094,0.222999990,1.000000000,0.000001506,-0.000000896,0.000000017,0.000026198,-0.000015757,-0.000053282,0.002110914,0.000258434,-0.000005730,-0.000000073,-0.000000094,0.022999990
884,3.708333,-0.000000073,-0.000000093,0.222999990,1.000000000,0.000001406,-0.000000800,0.000000008,0.000026357,-0.000015690,-0.000053321,0.002110759,0.000261984,-0.000005652,-0.000000073,-0.000000093,0.022999990
885,3.712500,-0.000000074,-0.000000094,0.222999990,1.000000000,0.000001449,-0.000000839,0.000000022,0.000026308,-0.000015863,-0.000053271,0.002112709,0.000262032,-0.000005460,-0.000000074,-0.000000094,0.022999990
886,3.716667,-0.000000072,-0.000000095,0.222999990,1.000000000,0.000001472,-0.000000692,-0.000000012,0.000026656,-0.000015602,-0.000053364,0.002110202,0.000269044,-0.000005434,-0.000000072,-0.000000095,0.022999990
887,3.720833,-0.000000073,-0.000000094,0.222999990,1.000000000,0.000001425,-0.000000830,0.000000013,0.000026161,-0.000015761,-0.000053261,0.002110151,0.000257899,-0.000005756,-0.000000073,-0.000000094,0.022999990
888,3.725000,-0.000000074,-0.000000095,0.222999990,1.000000000,0.000001470,-0.000000862,0.000000015,0.000026117,-0.000015988,-0.000053243,0.002114470,0.000257827,-0.000005516,-0.000000074,-0.000000095,0.022999990
889,3.729167,-0.000000073,-0.000000094,0.222999990,1.000000000,0.000001361,-0.000000577,-0.000000031,0.000026718,-0.000015488,-0.000053383,0.002108537,0.000269783,-0.000005507,-0.000000073,-0.000000094,0.022999990
890,3.733333,-0.000000073,-0.000000093,0.222999990,0.999999940,0.000001456,-0.000000847,0.000000006,0.000026348,-0.000015655,-0.000053257,0.002107800,0.000262211,-0.000005645,-0.000000073,-0.000000093,0.022999990
891,3.737500,-0.000000073,-0.000000094,0.222999990,0.999999940,0.000001503,-0.000000878,0.000000020,0.000026274,-0.000015893,-0.000053285,0.002113740,0.000261277,-0.000005482,-0.000000073,-0.000000094,0.022999990
892,3.741667,-0.000000072,-0.000000093,0.222999990,0.999999940,0.000001268,-0.000000655,0.000000012,0.000026561,-0.000015491,-0.000053351,0.002107627,0.000265898,-0.000005663,-0.000000072,-0.000000093,0.022999990
893,3.745833,-0.000000072,-0.000000094,0.222999990,1.000000000,0.000001317,-0.000000700,0.000000014,0.000026536,-0.000015714,-0.000053250,0.002109144,0.000267128,-0.000005328,-0.000000072,-0.000000094,0.022999990
894,3.750000,-0.000000074,-0.000000096,0.222999990,0.999999940,0.000001503,-0.000000863,0.000000013,0.000025935,-0.000016136,-0.000053158,0.002114862,0.000254511,-0.000005476,-0.000000074,-0.000000096,0.022999990
895,3.754167,-0.000000073,-0.000000094,0.222999990,0.999999940,0.000001358,-0.000000615,-0.000000010,0.000026550,-0.000015514,-0.000053365,0.002108524,0.000265682,-0.000005670,-0.000000073,-0.000000094,0.022999990
896,3.758333,-0.000000073,-0.000000094,0.222999990,1.000000000,0.000001476,-0.000000860,0.000000016,0.000026336,-0.000015750,-0.000053248,0.002109655,0.000262330,-0.000005536,-0.000000073,-0.000000094,0.022999990
897,3.762500,-0.000000073,-0.000000095,0.222999990,1.000000000,0.000001376,-0.000000774,0.000000008,0.000026282,-0.000015885,-0.000053299,0.002113977,0.000261327,-0.000005491,-0.000000073,-0.000000095,0.022999990
898,3.766667,-0.000000073,-0.000000094,0.222999990,1.000000000,0.000001282,-0.000000681,-0.000000002,0.000026410,-0.000015638,-0.000053271,0.002108229,0.000263282,-0.000005592,-0.000000073,-0.000000094,0.022999990
899,3.770833,-0.000000074,-0.000000093,0.222999990,0.999999940,0.000001328,-0.000000716,0.000000020,0.000026292,-0.000015680,-0.000053196,0.002106923,0.000260807,-0.000005612,-0.000000074,-0.000000093,0.022999990
900,3.775000,-0.000000071,-0.000000093,0.222999990,1.000000000,0.000001357,-0.000000575,-0.000000014,0.000027072,-0.000015358,-0.000053394,0.002106202,0.000278248,-0.000005238,-0.000000071,-0.000000093,0.022999990
