step,sim_time_s,px_m,py_m,pz_m,qw,qx,qy,qz,vx_mps,vy_mps,vz_mps,wx_radps,wy_radps,wz_radps
1,0.029167,0.000000000,0.000000000,0.495231271,1.000000000,0.000000000,0.000000000,0.000000000,0.000000000,0.000000000,-0.286125004,0.000000000,0.000000000,0.000000000
2,0.033333,0.000000000,0.000000000,0.493868768,1.000000000,0.000000000,0.000000000,0.000000000,0.000000000,0.000000000,-0.327000022,0.000000000,0.000000000,0.000000000
3,0.037500,0.000000000,0.000000000,0.492335945,1.000000000,0.000000000,0.000000000,0.000000000,0.000000000,0.000000000,-0.367875040,0.000000000,0.000000000,0.000000000
4,0.041667,0.000000000,0.000000000,0.490632832,1.000000000,0.000000000,0.000000000,0.000000000,0.000000000,0.000000000,-0.408750057,0.000000000,0.000000000,0.000000000
5,0.045833,0.000000000,0.000000000,0.488759398,1.000000000,0.000000000,0.000000000,0.000000000,0.000000000,0.000000000,-0.449625075,0.000000000,0.000000000,0.000000000
6,0.050000,0.000000000,0.000000000,0.486715645,1.000000000,0.000000000,0.000000000,0.000000000,0.000000000,0.000000000,-0.490500093,0.000000000,0.000000000,0.000000000
7,0.054167,0.000000000,0.000000000,0.484501570,1.000000000,0.000000000,0.000000000,0.000000000,0.000000000,0.000000000,-0.531375110,0.000000000,0.000000000,0.000000000
8,0.058333,0.000000000,0.000000000,0.482117206,1.000000000,0.000000000,0.000000000,0.000000000,0.000000000,0.000000000,-0.572250128,0.000000000,0.000000000,0.000000000
9,0.062500,0.000000000,0.000000000,0.479562521,1.000000000,0.000000000,0.000000000,0.000000000,0.000000000,0.000000000,-0.613125145,0.000000000,0.000000000,0.000000000
10,0.066667,0.000000000,0.000000000,0.476837516,1.000000000,0.000000000,0.000000000,0.000000000,0.000000000,0.000000000,-0.654000163,0.000000000,0.000000000,0.000000000
11,0.070833,0.000000000,0.000000000,0.473942190,1.000000000,0.000000000,0.000000000,0.000000000,0.000000000,0.000000000,-0.694875181,0.000000000,0.000000000,0.000000000
12,0.075000,0.000000000,0.000000000,0.470876575,1.000000000,0.000000000,0.000000000,0.000000000,0.000000000,0.000000000,-0.735750198,0.000000000,0.000000000,0.000000000
13,0.079167,0.000000000,0.000000000,0.467640638,1.000000000,0.000000000,0.000000000,0.000000000,0.000000000,0.000000000,-0.776625216,0.000000000,0.000000000,0.000000000
14,0.083333,0.000000000,0.000000000,0.464234382,1.000000000,0.000000000,0.000000000,0.000000000,0.000000000,0.000000000,-0.817500234,0.000000000,0.000000000,0.000000000
15,0.087500,0.000000000,0.000000000,0.460657805,1.000000000,0.000000000,0.000000000,0.000000000,0.000000000,0.000000000,-0.858375251,0.000000000,0.000000000,0.000000000
16,0.091667,0.000000000,0.000000000,0.456910938,1.000000000,0.000000000,0.000000000,0.000000000,0.000000000,0.000000000,-0.899250269,0.000000000,0.000000000,0.000000000
17,0.095833,0.000000000,0.000000000,0.452993751,1.000000000,0.000000000,0.000000000,0.000000000,0.000000000,0.000000000,-0.940125287,0.000000000,0.000000000,0.000000000
18,0.100000,0.000000000,0.000000000,0.448906243,1.000000000,0.000000000,0.000000000,0.000000000,0.000000000,0.000000000,-0.981000304,0.000000000,0.000000000,0.000000000
19,0.104167,0.000000000,0.000000000,0.444648415,1.000000000,0.000000000,0.000000000,0.000000000,0.000000000,0.000000000,-1.021875262,0.000000000,0.000000000,0.000000000
20,0.108333,0.000000000,0.000000000,0.440220296,1.000000000,0.000000000,0.000000000,0.000000000,0.000000000,0.000000000,-1.062750220,0.000000000,0.000000000,0.000000000
21,0.112500,0.000000000,0.000000000,0.435621858,1.000000000,0.000000000,0.000000000,0.000000000,0.000000000,0.000000000,-1.103625178,0.000000000,0.000000000,0.000000000
22,0.116667,0.000000000,0.000000000,0.430853099,1.000000000,0.000000000,0.000000000,0.000000000,0.000000000,0.000000000,-1.144500136,0.000000000,0.000000000,0.000000000
23,0.120833,0.000000000,0.000000000,0.425914049,1.000000000,0.000000000,0.000000000,0.000000000,0.000000000,0.000000000,-1.185375094,0.000000000,0.000000000,0.000000000
24,0.125000,0.000000000,0.000000000,0.420804679,1.000000000,0.000000000,0.000000000,0.000000000,0.000000000,0.000000000,-1.226250052,0.000000000,0.000000000,0.000000000
25,0.129167,0.000000000,0.000000000,0.415524989,1.000000000,0.000000000,0.000000000,0.000000000,0.000000000,0.000000000,-1.267125010,0.000000000,0.000000000,0.000000000
26,0.133333,0.000000000,0.000000000,0.410074979,1.000000000,0.000000000,0.000000000,0.000000000,0.000000000,0.000000000,-1.307999969,0.000000000,0.000000000,0.000000000
27,0.137500,0.000000000,0.000000000,0.404454678,1.000000000,0.000000000,0.000000000,0.000000000,0.000000000,0.000000000,-1.348874927,0.000000000,0.000000000,0.000000000
28,0.141667,0.000000000,0.000000000,0.398664057,1.000000000,0.000000000,0.000000000,0.000000000,0.000000000,0.000000000,-1.389749885,0.000000000,0.000000000,0.000000000
29,0.145833,0.000000000,0.000000000,0.392703116,1.000000000,0.000000000,0.000000000,0.000000000,0.000000000,0.000000000,-1.430624843,0.000000000,0.000000000,0.000000000
30,0.150000,0.000000000,0.000000000,0.386571854,1.000000000,0.000000000,0.000000000,0.000000000,0.000000000,0.000000000,-1.471499801,0.000000000,0.000000000,0.000000000
31,0.154167,0.000000000,0.000000000,0.380270302,1.000000000,0.000000000,0.000000000,0.000000000,0.000000000,0.000000000,-1.512374759,0.000000000,0.000000000,0.000000000
32,0.158333,0.000000000,0.000000000,0.373798430,1.000000000,0.000000000,0.000000000,0.000000000,0.000000000,0.000000000,-1.553249717,0.000000000,0.000000000,0.000000000
33,0.162500,0.000000000,0.000000000,0.367156237,1.000000000,0.000000000,0.000000000,0.000000000,0.000000000,0.000000000,-1.594124675,0.000000000,0.000000000,0.000000000
34,0.166667,0.000000000,0.000000000,0.360343724,1.000000000,0.000000000,0.000000000,0.000000000,0.000000000,0.000000000,-1.634999633,0.000000000,0.000000000,0.000000000
35,0.170833,0.000000000,0.000000000,0.353360921,1.000000000,0.000000000,0.000000000,0.000000000,0.000000000,0.000000000,-1.675874591,0.000000000,0.000000000,0.000000000
36,0.175000,0.000000000,0.000000000,0.346207798,1.000000000,0.000000000,0.000000000,0.000000000,0.000000000,0.000000000,-1.716749549,0.000000000,0.000000000,0.000000000
37,0.179167,0.000000000,0.000000000,0.338884354,1.000000000,0.000000000,0.000000000,0.000000000,0.000000000,0.000000000,-1.757624507,0.000000000,0.000000000,0.000000000
38,0.183333,0.000000000,0.000000000,0.331390619,1.000000000,0.000000000,0.000000000,0.000000000,0.000000000,0.000000000,-1.798499465,0.000000000,0.000000000,0.000000000
39,0.187500,0.000000000,0.000000000,0.323726565,1.000000000,0.000000000,0.000000000,0.000000000,0.000000000,0.000000000,-1.839374423,0.000000000,0.000000000,0.000000000
40,0.191667,0.000000000,0.000000000,0.315892190,1.000000000,0.000000000,0.000000000,0.000000000,0.000000000,0.000000000,-1.880249381,0.000000000,0.000000000,0.000000000
41,0.195833,0.000000000,0.000000000,0.307887495,1.000000000,0.000000000,0.000000000,0.000000000,0.000000000,0.000000000,-1.921124339,0.000000000,0.000000000,0.000000000
42,0.200000,0.000000000,0.000000000,0.299712509,1.000000000,0.000000000,0.000000000,0.000000000,0.000000000,0.000000000,-1.961999297,0.000000000,0.000000000,0.000000000
43,0.204167,0.000000000,0.000000000,0.291367203,1.000000000,0.000000000,0.000000000,0.000000000,0.000000000,0.000000000,-2.002874374,0.000000000,0.000000000,0.000000000
44,0.208333,0.000000000,0.000000000,0.282851577,1.000000000,0.000000000,0.000000000,0.000000000,0.000000000,0.000000000,-2.043749332,0.000000000,0.000000000,0.000000000
45,0.212500,0.000000000,0.000000000,0.274165630,1.000000000,0.000000000,0.000000000,0.000000000,0.000000000,0.000000000,-2.084624290,0.000000000,0.000000000,0.000000000
46,0.216667,0.000000000,0.000000000,0.265309393,1.000000000,0.000000000,0.000000000,0.000000000,0.000000000,0.000000000,-2.125499249,0.000000000,0.000000000,0.000000000
47,0.220833,0.000000000,0.000000000,0.256282836,1.000000000,0.000000000,0.000000000,0.000000000,0.000000000,0.000000000,-2.166374207,0.000000000,0.000000000,0.000000000
48,0.225000,0.000000000,0.000000000,0.247085959,1.000000000,0.000000000,0.000000000,0.000000000,0.000000000,0.000000000,-2.207249165,0.000000000,0.000000000,0.000000000
49,0.229167,0.000000000,0.000000000,0.237718776,1.000000000,0.000000000,0.000000000,0.000000000,0.000000000,0.000000000,-2.248124123,0.000000000,0.000000000,0.000000000
50,0.233333,0.000000000,0.000000000,0.228181273,1.000000000,0.000000000,0.000000000,0.000000000,0.000000000,0.000000000,-2.288999081,0.000000000,0.000000000,0.000000000
51,0.237500,0.000000000,0.000000000,0.218473464,1.000000000,0.000000000,0.000000000,0.000000000,0.000000000,0.000000000,-2.329874039,0.000000000,0.000000000,0.000000000
52,0.241667,0.000000000,0.000000000,0.208595335,1.000000000,0.000000000,0.000000000,0.000000000,0.000000000,0.000000000,-2.370748997,0.000000000,0.000000000,0.000000000
53,0.245833,0.000000000,0.000000000,0.198546901,1.000000000,0.000000000,0.000000000,0.000000000,0.000000000,0.000000000,-2.411623955,0.000000000,0.000000000,0.000000000
54,0.250000,0.000000000,0.000000000,0.188328162,1.000000000,0.000000000,0.000000000,0.000000000,0.000000000,0.000000000,-2.452498913,0.000000000,0.000000000,0.000000000
55,0.254167,0.000000000,0.000000000,0.177939102,1.000000000,0.000000000,0.000000000,0.000000000,0.000000000,0.000000000,-2.493373871,0.000000000,0.000000000,0.000000000
56,0.258333,0.000000000,0.000000000,0.167379737,1.000000000,0.000000000,0.000000000,0.000000000,0.000000000,0.000000000,-2.534248829,0.000000000,0.000000000,0.000000000
57,0.262500,0.000000000,0.000000000,0.156650051,1.000000000,0.000000000,0.000000000,0.000000000,0.000000000,0.000000000,-2.575123787,0.000000000,0.000000000,0.000000000
58,0.266667,0.000000000,0.000000000,0.145750061,1.000000000,0.000000000,0.000000000,0.000000000,0.000000000,0.000000000,-2.615998745,0.000000000,0.000000000,0.000000000
59,0.270833,0.000000000,0.000000000,0.134679750,1.000000000,0.000000000,0.000000000,0.000000000,0.000000000,0.000000000,-2.656873703,0.000000000,0.000000000,0.000000000
60,0.275000,0.000000000,0.000000000,0.123439133,1.000000000,0.000000000,0.000000000,0.000000000,0.000000000,0.000000000,-2.697748661,0.000000000,0.000000000,0.000000000
61,0.279167,0.000000000,0.000000000,0.112028196,1.000000000,0.000000000,0.000000000,0.000000000,0.000000000,0.000000000,-2.738623619,0.000000000,0.000000000,0.000000000
62,0.283333,0.000000000,0.000000000,0.100446954,1.000000000,0.000000000,0.000000000,0.000000000,0.000000000,0.000000000,-2.779498577,0.000000000,0.000000000,0.000000000
63,0.287500,0.000000000,0.000000000,0.088695399,1.000000000,0.000000000,0.000000000,0.000000000,0.000000000,0.000000000,-2.820373535,0.000000000,0.000000000,0.000000000
64,0.291667,0.000000000,0.000000000,0.076773532,1.000000000,0.000000000,0.000000000,0.000000000,0.000000000,0.000000000,-2.861248493,0.000000000,0.000000000,0.000000000
65,0.295833,0.000000000,0.000000000,0.064681351,1.000000000,0.000000000,0.000000000,0.000000000,0.000000000,0.000000000,-2.902123451,0.000000000,0.000000000,0.000000000
66,0.300000,0.000000000,0.000000000,0.052418858,1.000000000,0.000000000,0.000000000,0.000000000,0.000000000,0.000000000,-2.942998409,0.000000000,0.000000000,0.000000000
67,0.304167,0.000000000,0.000000000,0.039986052,1.000000000,0.000000000,0.000000000,0.000000000,0.000000000,0.000000000,-2.983873367,0.000000000,0.000000000,0.000000000
68,0.308333,0.000000000,0.000000000,0.027382933,1.000000000,0.000000000,0.000000000,0.000000000,0.000000000,0.000000000,-3.024748325,0.000000000,0.000000000,0.000000000
69,0.312500,0.000001374,-0.000004163,0.019999817,0.999999940,0.000040171,0.000006103,0.000002031,0.026079351,-0.031161554,-0.003521032,0.716142654,0.524915457,0.004570100
70,0.316667,0.000051982,-0.000062706,0.019999998,1.000000000,0.000000318,0.000000531,0.000004247,0.011868340,-0.014111433,-0.000004122,0.000230984,0.000173703,0.001399589
71,0.320833,0.000051735,-0.000062689,0.020000065,0.999999940,-0.000000758,-0.000003411,0.000004279,0.000497882,-0.000285038,-0.000218096,0.010977628,0.014307418,-0.000960158
72,0.325000,0.000051882,-0.000062596,0.019999990,1.000000000,-0.000000998,-0.000000747,0.000004255,0.000072624,-0.000011529,-0.000043479,-0.001734654,0.001638332,0.000001049
73,0.329167,0.000051889,-0.000062601,0.019999994,1.000000000,-0.000001113,-0.000000764,0.000004246,0.000025803,0.000013537,-0.000052324,-0.002031158,0.000247023,0.000007872
74,0.333333,0.000051884,-0.000062597,0.019999992,0.999999940,-0.000001378,-0.000000833,0.000004239,0.000025529,0.000016716,-0.000052849,-0.002118427,0.000248127,0.000004964
75,0.337500,0.000051891,-0.000062598,0.019999996,0.999999940,-0.000001312,-0.000000516,0.000004271,0.000027886,0.000014802,-0.000053690,-0.002097055,0.000301232,0.000005187
76,0.341667,0.000051890,-0.000062600,0.019999996,1.000000000,-0.000001408,-0.000000781,0.000004248,0.000026232,0.000015603,-0.000053136,-0.002103152,0.000259596,0.000005717
77,0.345833,0.000051886,-0.000062600,0.019999994,1.000000000,-0.000001393,-0.000000872,0.000004248,0.000025533,0.000016300,-0.000053113,-0.002110254,0.000251860,0.000005717
78,0.350000,0.000051884,-0.000062599,0.019999994,1.000000000,-0.000001422,-0.000000921,0.000004234,0.000026171,0.000016006,-0.000053212,-0.002114292,0.000259226,0.000005399
79,0.354167,0.000051886,-0.000062598,0.019999996,1.000000000,-0.000001465,-0.000000751,0.000004280,0.000026665,0.000015699,-0.000053335,-0.002111511,0.000269869,0.000005276
80,0.358333,0.000051887,-0.000062600,0.019999994,1.000000000,-0.000001397,-0.000000708,0.000004279,0.000026536,0.000015540,-0.000053269,-0.002106135,0.000266092,0.000005559
81,0.362500,0.000051884,-0.000062600,0.019999994,1.000000000,-0.000001338,-0.000000861,0.000004231,0.000025830,0.000016103,-0.000053206,-0.002108717,0.000258225,0.000005693
82,0.366667,0.000051885,-0.000062599,0.019999992,1.000000000,-0.000001390,-0.000000891,0.000004239,0.000026606,0.000015796,-0.000053325,-0.002106505,0.000275532,0.000005206
83,0.370833,0.000051889,-0.000062598,0.019999996,1.000000000,-0.000001335,-0.000000556,0.000004273,0.000027277,0.000015262,-0.000053541,-0.002101702,0.000289093,0.000005243
84,0.375000,0.000051887,-0.000062600,0.019999994,0.999999940,-0.000001411,-0.000000839,0.000004238,0.000026053,0.000015752,-0.000053105,-0.002105456,0.000255753,0.000005732
85,0.379167,0.000051889,-0.000062600,0.019999998,0.999999940,-0.000001310,-0.000000549,0.000004284,0.000026726,0.000015558,-0.000053371,-0.002109649,0.000270493,0.000005406
86,0.383333,0.000051893,-0.000062599,0.019999996,1.000000000,-0.000001431,-0.000000592,0.000004271,0.000027094,0.000015447,-0.000053492,-0.002097152,0.000292528,0.000005193
87,0.387500,0.000051885,-0.000062599,0.019999992,1.000000000,-0.000001320,-0.000000796,0.000004249,0.000024878,0.000016671,-0.000052890,-0.002117642,0.000231689,0.000005873
88,0.391667,0.000051884,-0.000062599,0.019999994,0.999999940,-0.000001501,-0.000000958,0.000004237,0.000026320,0.000015837,-0.000053211,-0.002111017,0.000261887,0.000005407
89,0.395833,0.000051889,-0.000062601,0.019999998,0.999999940,-0.000001256,-0.000000548,0.000004270,0.000027230,0.000015074,-0.000053440,-0.002108553,0.000273733,0.000005439
90,0.400000,0.000051890,-0.000062601,0.019999998,1.000000000,-0.000001403,-0.000000764,0.000004244,0.000026780,0.000015460,-0.000053324,-0.002099185,0.000278654,0.000005397
91,0.404167,0.000051886,-0.000062600,0.019999992,1.000000000,-0.000001368,-0.000000879,0.000004231,0.000025363,0.000016500,-0.000052884,-0.002121196,0.000236237,0.000005477
92,0.408333,0.000051884,-0.000062599,0.019999992,1.000000000,-0.000001415,-0.000000910,0.000004242,0.000025968,0.000016159,-0.000053086,-0.002120520,0.000248665,0.000005342
93,0.412500,0.000051887,-0.000062600,0.019999994,1.000000000,-0.000001332,-0.000000596,0.000004265,0.000027224,0.000015136,-0.000053606,-0.002094513,0.000293206,0.000005515
94,0.416667,0.000051885,-0.000062601,0.019999994,0.999999940,-0.000001400,-0.000000896,0.000004240,0.000025979,0.000015950,-0.000053115,-0.002109641,0.000255067,0.000005600
95,0.420833,0.000051890,-0.000062600,0.019999996,0.999999940,-0.000001353,-0.000000545,0.000004262,0.000027285,0.000015276,-0.000053443,-0.002106235,0.000282797,0.000005125
96,0.425000,0.000051888,-0.000062601,0.019999996,1.000000000,-0.000001411,-0.000000854,0.000004237,0.000025985,0.000015856,-0.000053138,-0.002108239,0.000254663,0.000005728
97,0.429167,0.000051885,-0.000062599,0.019999994,1.000000000,-0.000001425,-0.000000921,0.000004236,0.000025728,0.000016376,-0.000053014,-0.002122669,0.000244146,0.000005309
98,0.433333,0.000051886,-0.000062598,0.019999992,1.000000000,-0.000001324,-0.000000626,0.000004270,0.000026550,0.000015834,-0.000053374,-0.002108758,0.000273993,0.000005288
99,0.437500,0.000051885,-0.000062598,0.019999994,0.999999940,-0.000001430,-0.000000888,0.000004245,0.000026222,0.000015851,-0.000053268,-0.002105440,0.000266667,0.000005567
100,0.441667,0.000051890,-0.000062600,0.019999996,0.999999940,-0.000001369,-0.000000552,0.000004267,0.000027452,0.000014973,-0.000053416,-0.002106065,0.000278806,0.000005260
101,0.445833,0.000051892,-0.000062600,0.019999998,1.000000000,-0.000001454,-0.000000633,0.000004267,0.000026654,0.000015545,-0.000053304,-0.002106800,0.000269408,0.000005448
102,0.450000,0.000051888,-0.000062599,0.019999992,1.000000000,-0.000001364,-0.000000816,0.000004242,0.000025345,0.000016502,-0.000052910,-0.002121816,0.000235816,0.000005528
103,0.454167,0.000051886,-0.000062600,0.019999996,1.000000000,-0.000001268,-0.000000719,0.000004229,0.000026315,0.000015652,-0.000053251,-0.002108245,0.000260679,0.000005674
104,0.458333,0.000051887,-0.000062600,0.019999994,0.999999940,-0.000001457,-0.000000883,0.000004239,0.000026604,0.000015725,-0.000053199,-0.002108130,0.000269045,0.000005171
105,0.462500,0.000051889,-0.000062599,0.019999998,0.999999940,-0.000001360,-0.000000591,0.000004274,0.000026629,0.000015673,-0.000053372,-0.002111706,0.000268841,0.000005394
106,0.466667,0.000051889,-0.000062601,0.019999996,1.000000000,-0.000001440,-0.000000867,0.000004224,0.000026368,0.000015535,-0.000053034,-0.002112818,0.000249245,0.000005549
107,0.470833,0.000051884,-0.000062598,0.019999996,1.000000000,-0.000001462,-0.000000923,0.000004236,0.000025360,0.000016665,-0.000053042,-0.002122333,0.000243126,0.000005444
108,0.475000,0.000051886,-0.000062600,0.019999994,1.000000000,-0.000001333,-0.000000656,0.000004269,0.000026827,0.000015427,-0.000053332,-0.002106231,0.000272145,0.000005390
109,0.479167,0.000051887,-0.000062599,0.019999994,0.999999940,-0.000001457,-0.000000899,0.000004231,0.000026448,0.000015748,-0.000053155,-0.002113675,0.000258941,0.000005316
110,0.483333,0.000051891,-0.000062598,0.019999998,0.999999940,-0.000001256,-0.000000440,0.000004264,0.000026999,0.000015479,-0.000053447,-0.002110202,0.000276745,0.000005246
111,0.487500,0.000051890,-0.000062600,0.019999996,1.000000000,-0.000001325,-0.000000740,0.000004240,0.000026276,0.000015630,-0.000053115,-0.002103293,0.000260758,0.000005605
112,0.491667,0.000051887,-0.000062600,0.019999994,1.000000000,-0.000001334,-0.000000808,0.000004228,0.000025915,0.000016039,-0.000053076,-0.002110792,0.000253598,0.000005527
113,0.495833,0.000051886,-0.000062600,0.019999996,1.000000000,-0.000001388,-0.000000830,0.000004251,0.000026197,0.000015909,-0.000053119,-0.002116327,0.000253077,0.000005384
114,0.500000,0.000051886,-0.000062598,0.019999994,1.000000000,-0.000001428,-0.000000875,0.000004247,0.000026320,0.000015995,-0.000053195,-0.002113409,0.000263279,0.000005207
115,0.504167,0.000051884,-0.000062600,0.019999994,1.000000000,-0.000001432,-0.000000942,0.000004234,0.000026115,0.000015735,-0.000053194,-0.002108016,0.000256507,0.000005764
116,0.508333,0.000051887,-0.000062599,0.019999992,1.000000000,-0.000001331,-0.000000653,0.000004267,0.000026883,0.000015645,-0.000053431,-0.002106483,0.000281378,0.000005162
117,0.512500,0.000051887,-0.000062598,0.019999994,0.999999940,-0.000001464,-0.000000888,0.000004230,0.000026487,0.000015784,-0.000053338,-0.002106100,0.000272865,0.000005396
118,0.516667,0.000051892,-0.000062599,0.019999998,0.999999940,-0.000001405,-0.000000549,0.000004275,0.000027329,0.000015074,-0.000053592,-0.002099410,0.000289076,0.000005453
119,0.520833,0.000051892,-0.000062599,0.019999996,0.999999940,-0.000001361,-0.000000693,0.000004237,0.000026331,0.000015762,-0.000053184,-0.002107905,0.000262726,0.000005464
120,0.525000,0.000051891,-0.000062600,0.020000000,0.999999940,-0.000001374,-0.000000764,0.000004236,0.000026242,0.000015730,-0.000053219,-0.002108549,0.000259747,0.000005640
121,0.529167,0.000051889,-0.000062599,0.019999998,0.999999940,-0.000001416,-0.000000795,0.000004235,0.000025995,0.000016041,-0.000053042,-0.002116720,0.000249014,0.000005401
122,0.533333,0.000051888,-0.000062601,0.019999998,0.999999940,-0.000001418,-0.000000868,0.000004244,0.000026214,0.000015748,-0.000053153,-0.002113860,0.000252577,0.000005590
123,0.537500,0.000051889,-0.000062600,0.019999996,0.999999940,-0.000001301,-0.000000595,0.000004278,0.000026665,0.000015730,-0.000053302,-0.002111189,0.000270130,0.000005205
124,0.541667,0.000051889,-0.000062600,0.019999998,1.000000000,-0.000001422,-0.000000838,0.000004241,0.000026313,0.000015725,-0.000053140,-0.002112832,0.000255318,0.000005495
125,0.545833,0.000051887,-0.000062601,0.019999994,1.000000000,-0.000001288,-0.000000777,0.000004228,0.000025881,0.000016081,-0.000053089,-0.002112019,0.000252871,0.000005530
126,0.550000,0.000051886,-0.000062601,0.019999992,0.999999940,-0.000001458,-0.000000954,0.000004250,0.000026195,0.000015901,-0.000052977,-0.002118886,0.000246832,0.000005256
127,0.554167,0.000051889,-0.000062599,0.019999996,0.999999940,-0.000001253,-0.000000502,0.000004272,0.000027033,0.000015499,-0.000053553,-0.002106818,0.000284051,0.000005281
128,0.558333,0.000051890,-0.000062599,0.019999998,1.000000000,-0.000001379,-0.000000747,0.000004246,0.000026561,0.000015645,-0.000053311,-0.002102460,0.000274132,0.000005436
129,0.562500,0.000051887,-0.000062600,0.019999994,1.000000000,-0.000001376,-0.000000825,0.000004234,0.000025935,0.000015939,-0.000053072,-0.002108650,0.000253571,0.000005616
130,0.566667,0.000051885,-0.000062599,0.019999994,1.000000000,-0.000001422,-0.000000856,0.000004245,0.000025951,0.000016147,-0.000053071,-0.002119640,0.000248365,0.000005359
131,0.570833,0.000051884,-0.000062600,0.019999994,1.000000000,-0.000001437,-0.000000916,0.000004220,0.000026252,0.000015776,-0.000053210,-0.002109437,0.000260117,0.000005566
132,0.575000,0.000051887,-0.000062599,0.019999996,1.000000000,-0.000001480,-0.000000748,0.000004277,0.000026856,0.000015589,-0.000053369,-0.002110281,0.000274001,0.000005204
133,0.579167,0.000051886,-0.000062600,0.019999994,1.000000000,-0.000001412,-0.000000701,0.000004265,0.000026163,0.000015810,-0.000053194,-0.002109292,0.000258432,0.000005625
134,0.583333,0.000051885,-0.000062599,0.019999994,1.000000000,-0.000001352,-0.000000863,0.000004227,0.000026094,0.000016025,-0.000053205,-0.002114014,0.000257805,0.000005472
135,0.587500,0.000051884,-0.000062598,0.019999992,1.000000000,-0.000001403,-0.000000889,0.000004237,0.000026255,0.000015973,-0.000053248,-0.002107780,0.000267907,0.000005352
136,0.591667,0.000051888,-0.000062598,0.019999994,1.000000000,-0.000001326,-0.000000575,0.000004271,0.000027149,0.000015286,-0.000053495,-0.002101039,0.000285968,0.000005322
137,0.595833,0.000051886,-0.000062599,0.019999994,0.999999940,-0.000001409,-0.000000857,0.000004247,0.000025986,0.000015900,-0.000053024,-0.002112864,0.000248537,0.000005565
138,0.600000,0.000051889,-0.000062599,0.019999998,0.999999940,-0.000001332,-0.000000542,0.000004281,0.000027139,0.000015297,-0.000053517,-0.002101819,0.000285682,0.000005344
139,0.604167,0.000051889,-0.000062598,0.019999996,1.000000000,-0.000001433,-0.000000812,0.000004231,0.000026300,0.000015869,-0.000053158,-0.002109401,0.000262570,0.000005350
140,0.608333,0.000051886,-0.000062598,0.019999996,1.000000000,-0.000001449,-0.000000868,0.000004242,0.000025877,0.000016044,-0.000053131,-0.002112444,0.000252416,0.000005625
141,0.612500,0.000051884,-0.000062600,0.019999994,1.000000000,-0.000001450,-0.000000939,0.000004241,0.000026050,0.000015864,-0.000053091,-0.002114590,0.000249128,0.000005594
142,0.616667,0.000051886,-0.000062599,0.019999994,1.000000000,-0.000001483,-0.000000780,0.000004275,0.000026679,0.000015705,-0.000053331,-0.002111593,0.000270181,0.000005248
143,0.620833,0.000051886,-0.000062597,0.019999992,1.000000000,-0.000001443,-0.000000710,0.000004263,0.000026245,0.000016045,-0.000053321,-0.002110963,0.000268109,0.000005374
144,0.625000,0.000051884,-0.000062601,0.019999994,1.000000000,-0.000001355,-0.000000885,0.000004226,0.000026143,0.000015542,-0.000053231,-0.002104928,0.000256164,0.000006002
145,0.629167,0.000051884,-0.000062600,0.019999994,1.000000000,-0.000001404,-0.000000917,0.000004224,0.000026377,0.000015862,-0.000053216,-0.002111297,0.000263877,0.000005313
146,0.633333,0.000051887,-0.000062600,0.019999996,1.000000000,-0.000001446,-0.000000749,0.000004270,0.000026914,0.000015456,-0.000053375,-0.002107772,0.000274674,0.000005298
147,0.637500,0.000051885,-0.000062600,0.019999992,1.000000000,-0.000001402,-0.000000881,0.000004220,0.000025906,0.000016079,-0.000053043,-0.002117106,0.000247300,0.000005481
148,0.641667,0.000051882,-0.000062600,0.019999994,1.000000000,-0.000001409,-0.000000950,0.000004220,0.000025855,0.000016054,-0.000053170,-0.002113712,0.000251788,0.000005683
149,0.645833,0.000051885,-0.000062599,0.019999994,1.000000000,-0.000001451,-0.000000782,0.000004277,0.000026877,0.000015614,-0.000053354,-0.002110514,0.000274573,0.000005133
150,0.650000,0.000051884,-0.000062601,0.019999992,1.000000000,-0.000001410,-0.000000906,0.000004227,0.000026218,0.000015683,-0.000053200,-0.002106882,0.000259122,0.000005713
151,0.654167,0.000051887,-0.000062599,0.019999994,1.000000000,-0.000001326,-0.000000602,0.000004284,0.000026877,0.000015606,-0.000053470,-0.002106601,0.000281029,0.000005252
152,0.658333,0.000051886,-0.000062599,0.019999992,0.999999940,-0.000001404,-0.000000893,0.000004236,0.000026176,0.000015858,-0.000053143,-0.002108692,0.000259392,0.000005499
153,0.662500,0.000051891,-0.000062599,0.019999996,0.999999940,-0.000001361,-0.000000541,0.000004269,0.000027413,0.000015190,-0.000053506,-0.002106221,0.000285444,0.000005136
154,0.666667,0.000051887,-0.000062600,0.019999996,1.000000000,-0.000001417,-0.000000845,0.000004246,0.000025639,0.000016038,-0.000053061,-0.002109704,0.000247102,0.000005857
155,0.670833,0.000051885,-0.000062600,0.019999992,1.000000000,-0.000001422,-0.000000914,0.000004232,0.000026066,0.000016006,-0.000053147,-0.002112413,0.000256764,0.000005456
156,0.675000,0.000051885,-0.000062600,0.019999994,1.000000000,-0.000001478,-0.000000929,0.000004241,0.000026355,0.000015785,-0.000053284,-0.002111668,0.000262566,0.000005503
157,0.679167,0.000051886,-0.000062598,0.019999994,1.000000000,-0.000001369,-0.000000647,0.000004275,0.000026468,0.000015933,-0.000053377,-0.002110487,0.000272794,0.000005279
158,0.683333,0.000051888,-0.000062599,0.019999996,0.999999940,-0.000001464,-0.000000711,0.000004275,0.000026713,0.000015484,-0.000053316,-0.002106339,0.000270172,0.000005456
159,0.687500,0.000051888,-0.000062601,0.020000000,0.999999940,-0.000001397,-0.000000667,0.000004263,0.000026565,0.000015386,-0.000053339,-0.002104796,0.000265795,0.000005783
160,0.691667,0.000051892,-0.000062599,0.020000000,0.999999940,-0.000001371,-0.000000593,0.000004273,0.000026937,0.000015639,-0.000053358,-0.002110681,0.000276685,0.000005041
161,0.695833,0.000051890,-0.000062600,0.019999998,0.999999940,-0.000001327,-0.000000731,0.000004236,0.000026000,0.000015953,-0.000053126,-0.002110117,0.000255452,0.000005585
162,0.700000,0.000051893,-0.000062600,0.019999998,0.999999940,-0.000001371,-0.000000563,0.000004271,0.000026939,0.000015474,-0.000053328,-0.002106859,0.000275549,0.000005194
163,0.704167,0.000051891,-0.000062600,0.019999998,0.999999940,-0.000001327,-0.000000701,0.000004234,0.000025994,0.000015942,-0.000053146,-0.002110439,0.000255179,0.000005627
164,0.708333,0.000051889,-0.000062600,0.019999998,0.999999940,-0.000001342,-0.000000766,0.000004245,0.000026136,0.000015857,-0.000053246,-0.002105269,0.000264207,0.000005631
165,0.712500,0.000051890,-0.000062600,0.019999998,0.999999940,-0.000001406,-0.000000781,0.000004231,0.000026619,0.000015669,-0.000053352,-0.002104642,0.000275094,0.000005376
166,0.716667,0.000051890,-0.000062600,0.019999998,0.999999940,-0.000001423,-0.000000845,0.000004228,0.000026342,0.000015789,-0.000053230,-0.002110064,0.000262620,0.000005457
167,0.720833,0.000051890,-0.000062600,0.019999998,0.999999940,-0.000001476,-0.000000865,0.000004237,0.000026386,0.000015761,-0.000053250,-0.002110188,0.000263383,0.000005454
168,0.725000,0.000051889,-0.000062600,0.019999996,0.999999940,-0.000001375,-0.000000775,0.000004233,0.000026368,0.000015834,-0.000053326,-0.002107139,0.000269724,0.000005464
169,0.729167,0.000051889,-0.000062599,0.019999998,0.999999940,-0.000001421,-0.000000810,0.000004231,0.000026316,0.000015820,-0.000053166,-0.002115662,0.000255662,0.000005398
170,0.733333,0.000051891,-0.000062600,0.019999996,0.999999940,-0.000001451,-0.000000649,0.000004266,0.000026748,0.000015510,-0.000053307,-0.002106895,0.000270965,0.000005365
171,0.737500,0.000051891,-0.000062601,0.019999996,0.999999940,-0.000001394,-0.000000594,0.000004277,0.000026330,0.000015704,-0.000053255,-0.002108893,0.000261881,0.000005605
172,0.741667,0.000051890,-0.000062599,0.019999998,0.999999940,-0.000001354,-0.000000739,0.000004239,0.000025983,0.000016186,-0.000053125,-0.002121666,0.000249520,0.000005347
173,0.745833,0.000051892,-0.000062600,0.019999998,0.999999940,-0.000001283,-0.000000625,0.000004224,0.000027051,0.000015268,-0.000053437,-0.002099073,0.000283491,0.000005402
174,0.750000,0.000051888,-0.000062600,0.019999998,1.000000000,-0.000001426,-0.000000830,0.000004214,0.000025674,0.000016119,-0.000053027,-0.002110669,0.000248372,0.000005681
175,0.754167,0.000051887,-0.000062599,0.019999996,1.000000000,-0.000001444,-0.000000891,0.000004234,0.000026185,0.000016019,-0.000053184,-0.002113803,0.000259740,0.000005329
176,0.758333,0.000051887,-0.000062599,0.019999996,1.000000000,-0.000001339,-0.000000804,0.000004230,0.000026364,0.000015794,-0.000053259,-0.002111232,0.000262882,0.000005457
177,0.762500,0.000051886,-0.000062598,0.019999992,1.000000000,-0.000001380,-0.000000843,0.000004228,0.000026147,0.000016043,-0.000053048,-0.002116951,0.000252937,0.000005216
178,0.766667,0.000051886,-0.000062600,0.019999994,1.000000000,-0.000001406,-0.000000893,0.000004238,0.000026448,0.000015556,-0.000053270,-0.002106635,0.000263730,0.000005641
179,0.770833,0.000051887,-0.000062599,0.019999992,1.000000000,-0.000001444,-0.000000725,0.000004273,0.000026531,0.000015792,-0.000053233,-0.002110468,0.000267360,0.000005225
180,0.775000,0.000051887,-0.000062598,0.019999994,1.000000000,-0.000001398,-0.000000661,0.000004273,0.000026294,0.000015872,-0.000053268,-0.002112676,0.000261851,0.000005470
181,0.779167,0.000051886,-0.000062599,0.019999994,1.000000000,-0.000001349,-0.000000807,0.000004224,0.000026233,0.000015794,-0.000053293,-0.002105140,0.000266367,0.000005651
182,0.783333,0.000051887,-0.000062598,0.019999994,1.000000000,-0.000001398,-0.000000842,0.000004232,0.000026562,0.000015743,-0.000053262,-0.002110246,0.000267782,0.000005273
183,0.787500,0.000051885,-0.000062599,0.019999994,1.000000000,-0.000001423,-0.000000889,0.000004232,0.000026074,0.000015835,-0.000053165,-0.002109175,0.000256194,0.000005665
184,0.791667,0.000051887,-0.000062598,0.019999994,1.000000000,-0.000001465,-0.000000719,0.000004278,0.000026678,0.000015720,-0.000053307,-0.002111201,0.000270334,0.000005202
185,0.795833,0.000051887,-0.000062600,0.019999994,1.000000000,-0.000001402,-0.000000669,0.000004289,0.000026398,0.000015613,-0.000053362,-0.002103323,0.000269420,0.000005731
186,0.800000,0.000051888,-0.000062599,0.019999994,1.000000000,-0.000001329,-0.000000644,0.000004277,0.000026465,0.000015811,-0.000053255,-0.002111200,0.000265953,0.000005319
187,0.804167,0.000051887,-0.000062599,0.019999992,0.999999940,-0.000001472,-0.000000856,0.000004240,0.000026461,0.000015720,-0.000053352,-0.002098702,0.000278245,0.000005502
188,0.808333,0.000051888,-0.000062601,0.019999998,0.999999940,-0.000001369,-0.000000768,0.000004237,0.000026545,0.000015419,-0.000053296,-0.002111154,0.000258739,0.000005726
189,0.812500,0.000051890,-0.000062599,0.019999996,0.999999940,-0.000001391,-0.000000630,0.000004271,0.000026579,0.000015880,-0.000053177,-0.002117253,0.000262744,0.000005016
190,0.816667,0.000051889,-0.000062601,0.019999996,0.999999940,-0.000001330,-0.000000782,0.000004234,0.000026188,0.000015666,-0.000053109,-0.002110776,0.000251785,0.000005684
191,0.820833,0.000051890,-0.000062600,0.020000000,0.999999940,-0.000001260,-0.000000670,0.000004232,0.000026524,0.000015754,-0.000053288,-0.002111204,0.000266747,0.000005337
192,0.825000,0.000051889,-0.000062600,0.019999998,1.000000000,-0.000001447,-0.000000830,0.000004242,0.000026413,0.000015752,-0.000053156,-0.002107332,0.000264482,0.000005331
193,0.829167,0.000051887,-0.000062599,0.019999994,1.000000000,-0.000001316,-0.000000770,0.000004240,0.000025813,0.000016205,-0.000053084,-0.002114328,0.000251930,0.000005466
194,0.833333,0.000051886,-0.000062599,0.019999994,1.000000000,-0.000001328,-0.000000843,0.000004227,0.000026155,0.000015923,-0.000052995,-0.002119846,0.000245903,0.000005308
195,0.837500,0.000051885,-0.000062598,0.019999994,1.000000000,-0.000001377,-0.000000874,0.000004237,0.000026115,0.000016006,-0.000052999,-0.002121541,0.000245367,0.000005259
196,0.841667,0.000051885,-0.000062597,0.019999994,1.000000000,-0.000001426,-0.000000906,0.000004235,0.000026372,0.000015855,-0.000053226,-0.002111502,0.000263647,0.000005339
197,0.845833,0.000051887,-0.000062597,0.019999996,1.000000000,-0.000001468,-0.000000738,0.000004281,0.000026914,0.000015456,-0.000053377,-0.002107717,0.000274708,0.000005297
198,0.850000,0.000051886,-0.000062599,0.019999994,1.000000000,-0.000001417,-0.000000873,0.000004242,0.000026187,0.000015721,-0.000053189,-0.002107326,0.000258552,0.000005691
199,0.854167,0.000051884,-0.000062600,0.019999994,1.000000000,-0.000001414,-0.000000951,0.000004229,0.000025786,0.000016111,-0.000052959,-0.002122438,0.000237712,0.000005506
200,0.858333,0.000051884,-0.000062599,0.019999994,1.000000000,-0.000001455,-0.000000778,0.000004287,0.000026537,0.000015801,-0.000053283,-0.002112204,0.000267191,0.000005255
201,0.862500,0.000051885,-0.000062600,0.019999994,1.000000000,-0.000001397,-0.000000724,0.000004275,0.000026564,0.000015492,-0.000053302,-0.002106127,0.000266391,0.000005621
202,0.866667,0.000051887,-0.000062599,0.019999992,1.000000000,-0.000001373,-0.000000641,0.000004274,0.000026699,0.000015710,-0.000053370,-0.002105742,0.000277608,0.000005256
203,0.870833,0.000051886,-0.000062598,0.019999992,1.000000000,-0.000001332,-0.000000782,0.000004237,0.000026104,0.000015984,-0.000053182,-0.002112476,0.000258011,0.000005481
204,0.875000,0.000051884,-0.000062599,0.019999994,0.999999940,-0.000001487,-0.000000972,0.000004237,0.000026040,0.000015900,-0.000053080,-0.002114862,0.000249269,0.000005552
205,0.879167,0.000051892,-0.000062599,0.019999998,0.999999940,-0.000001302,-0.000000502,0.000004267,0.000027945,0.000014831,-0.000053646,-0.002103099,0.000296403,0.000005046
206,0.883333,0.000051891,-0.000062599,0.019999998,1.000000000,-0.000001406,-0.000000765,0.000004243,0.000026166,0.000015845,-0.000053211,-0.002103309,0.000265803,0.000005583
207,0.887500,0.000051886,-0.000062598,0.019999994,1.000000000,-0.000001396,-0.000000848,0.000004232,0.000025297,0.000016501,-0.000052954,-0.002116640,0.000240784,0.000005619
208,0.891667,0.000051885,-0.000062599,0.019999994,1.000000000,-0.000001422,-0.000000898,0.000004230,0.000026459,0.000015684,-0.000053263,-0.002109365,0.000264461,0.000005470
209,0.895833,0.000051887,-0.000062598,0.019999996,1.000000000,-0.000001465,-0.000000728,0.000004276,0.000026657,0.000015694,-0.000053327,-0.002111005,0.000269773,0.000005282
210,0.900000,0.000051887,-0.000062600,0.019999994,1.000000000,-0.000001396,-0.000000683,0.000004287,0.000026386,0.000015616,-0.000053236,-0.002106689,0.000262793,0.000005617
211,0.904167,0.000051884,-0.000062600,0.019999994,1.000000000,-0.000001337,-0.000000835,0.000004239,0.000025835,0.000016107,-0.000053208,-0.002108922,0.000258305,0.000005685
212,0.908333,0.000051886,-0.000062599,0.019999994,1.000000000,-0.000001361,-0.000000690,0.000004274,0.000026724,0.000015678,-0.000053304,-0.002110307,0.000271281,0.000005195
213,0.912500,0.000051886,-0.000062599,0.019999996,1.000000000,-0.000001331,-0.000000819,0.000004224,0.000026340,0.000015753,-0.000053236,-0.002109349,0.000262479,0.000005520
214,0.916667,0.000051886,-0.000062599,0.019999992,1.000000000,-0.000001371,-0.000000859,0.000004245,0.000026365,0.000015844,-0.000053086,-0.002114082,0.000257237,0.000005218
215,0.920833,0.000051885,-0.000062598,0.019999992,1.000000000,-0.000001417,-0.000000894,0.000004220,0.000026122,0.000016021,-0.000053106,-0.002117981,0.000252025,0.000005341
216,0.925000,0.000051887,-0.000062598,0.019999996,1.000000000,-0.000001366,-0.000000752,0.000004240,0.000026798,0.000015469,-0.000053457,-0.002103562,0.000278138,0.000005495
217,0.929167,0.000051888,-0.000062599,0.019999996,1.000000000,-0.000001377,-0.000000828,0.000004237,0.000026596,0.000015548,-0.000053240,-0.002105422,0.000267860,0.000005438
218,0.933333,0.000051885,-0.000062597,0.019999994,1.000000000,-0.000001410,-0.000000874,0.000004236,0.000025736,0.000016337,-0.000052986,-0.002120941,0.000244425,0.000005316
219,0.937500,0.000051885,-0.000062602,0.019999994,1.000000000,-0.000001409,-0.000000942,0.000004234,0.000026590,0.000015260,-0.000053281,-0.002101103,0.000265459,0.000005821
220,0.941667,0.000051886,-0.000062600,0.019999996,1.000000000,-0.000001453,-0.000000774,0.000004268,0.000026631,0.000015785,-0.000053317,-0.002112611,0.000269629,0.000005200
221,0.945833,0.000051887,-0.000062598,0.019999994,1.000000000,-0.000001412,-0.000000705,0.000004279,0.000026463,0.000015845,-0.000053363,-0.002108161,0.000272319,0.000005379
222,0.950000,0.000051884,-0.000062600,0.019999994,1.000000000,-0.000001350,-0.000000856,0.000004231,0.000025918,0.000015884,-0.000053217,-0.002104651,0.000259185,0.000005851
223,0.954167,0.000051885,-0.000062599,0.019999994,1.000000000,-0.000001399,-0.000000890,0.000004240,0.000026573,0.000015753,-0.000053265,-0.002110711,0.000267978,0.000005250
224,0.958333,0.000051887,-0.000062598,0.019999992,1.000000000,-0.000001449,-0.000000710,0.000004274,0.000026696,0.000015681,-0.000053286,-0.002109701,0.000270735,0.000005207
225,0.962500,0.000051884,-0.000062601,0.019999992,1.000000000,-0.000001359,-0.000000889,0.000004226,0.000025830,0.000015844,-0.000053074,-0.002113124,0.000243887,0.000005882
226,0.966667,0.000051888,-0.000062600,0.019999994,1.000000000,-0.000001287,-0.000000569,0.000004260,0.000027117,0.000015380,-0.000053395,-0.002106974,0.000279217,0.000005157
227,0.970833,0.000051886,-0.000062600,0.019999992,0.999999940,-0.000001381,-0.000000841,0.000004236,0.000025960,0.000016003,-0.000053004,-0.002114402,0.000248482,0.000005455
228,0.975000,0.000051891,-0.000062599,0.019999998,0.999999940,-0.000001322,-0.000000513,0.000004282,0.000027240,0.000015335,-0.000053484,-0.002108546,0.000281879,0.000005154
229,0.979167,0.000051890,-0.000062598,0.019999996,1.000000000,-0.000001427,-0.000000777,0.000004245,0.000026170,0.000015967,-0.000053203,-0.002105818,0.000266412,0.000005428
230,0.983333,0.000051885,-0.000062600,0.019999994,1.000000000,-0.000001394,-0.000000880,0.000004234,0.000025602,0.000016053,-0.000053047,-0.002110245,0.000245660,0.000005867
231,0.987500,0.000051883,-0.000062599,0.019999992,1.000000000,-0.000001428,-0.000000923,0.000004232,0.000025977,0.000016172,-0.000053050,-0.002119790,0.000249060,0.000005278
232,0.991667,0.000051884,-0.000062598,0.019999992,1.000000000,-0.000001456,-0.000000768,0.000004267,0.000026448,0.000015868,-0.000053215,-0.002118264,0.000258903,0.000005232
233,0.995833,0.000051886,-0.000062598,0.019999996,1.000000000,-0.000001406,-0.000000714,0.000004277,0.000026707,0.000015508,-0.000053465,-0.002104230,0.000276280,0.000005581
234,1.000000,0.000051884,-0.000062600,0.019999992,1.000000000,-0.000001332,-0.000000880,0.000004228,0.000026010,0.000015861,-0.000053031,-0.002112448,0.000248713,0.000005592
235,1.004167,0.000051885,-0.000062599,0.019999996,1.000000000,-0.000001261,-0.000000766,0.000004238,0.000026570,0.000015654,-0.000053295,-0.002109455,0.000267254,0.000005402
236,1.008333,0.000051886,-0.000062599,0.019999992,0.999999940,-0.000001449,-0.000000933,0.000004235,0.000026750,0.000015656,-0.000053208,-0.002106939,0.000272429,0.000005083
237,1.012500,0.000051891,-0.000062600,0.019999998,0.999999940,-0.000001394,-0.000000592,0.000004280,0.000027236,0.000015100,-0.000053434,-0.002108835,0.000274112,0.000005395
238,1.016667,0.000051890,-0.000062602,0.019999998,0.999999940,-0.000001327,-0.000000752,0.000004231,0.000026195,0.000015668,-0.000053189,-0.002106072,0.000258661,0.000005749
239,1.020833,0.000051892,-0.000062600,0.019999998,0.999999940,-0.000001400,-0.000000765,0.000004239,0.000026695,0.000015761,-0.000053283,-0.002111337,0.000271158,0.000005108
240,1.025000,0.000051890,-0.000062599,0.019999996,0.999999940,-0.000001432,-0.000000807,0.000004226,0.000025983,0.000016024,-0.000053040,-0.002116201,0.000248709,0.000005438
241,1.029167,0.000051892,-0.000062599,0.019999996,0.999999940,-0.000001477,-0.000000632,0.000004261,0.000026746,0.000015622,-0.000053416,-0.002105526,0.000277827,0.000005342
242,1.033333,0.000051889,-0.000062598,0.019999998,0.999999940,-0.000001415,-0.000000792,0.000004236,0.000025727,0.000016214,-0.000053257,-0.002112163,0.000256211,0.000005743
243,1.037500,0.000051888,-0.000062601,0.019999998,0.999999940,-0.000001413,-0.000000863,0.000004246,0.000026312,0.000015539,-0.000053162,-0.002110102,0.000253628,0.000005721
244,1.041667,0.000051889,-0.000062598,0.019999998,0.999999940,-0.000001466,-0.000000685,0.000004280,0.000026598,0.000015909,-0.000053301,-0.002114704,0.000269516,0.000005077
245,1.045833,0.000051889,-0.000062600,0.019999996,0.999999940,-0.000001392,-0.000000646,0.000004268,0.000026354,0.000015592,-0.000053152,-0.002110560,0.000255451,0.000005614
246,1.050000,0.000051891,-0.000062599,0.019999998,0.999999940,-0.000001374,-0.000000555,0.000004279,0.000026652,0.000015688,-0.000053317,-0.002110609,0.000269670,0.000005295
247,1.054167,0.000051892,-0.000062599,0.020000000,1.000000000,-0.000001493,-0.000000800,0.000004241,0.000026518,0.000015660,-0.000053275,-0.002108599,0.000266396,0.000005450
248,1.058333,0.000051885,-0.000062599,0.019999992,1.000000000,-0.000001298,-0.000000806,0.000004240,0.000025106,0.000016652,-0.000053003,-0.002114168,0.000243360,0.000005714
249,1.062500,0.000051887,-0.000062599,0.019999992,0.999999940,-0.000001524,-0.000000923,0.000004238,0.000026842,0.000015562,-0.000053285,-0.002107791,0.000273386,0.000005162
250,1.066667,0.000051891,-0.000062600,0.019999998,0.999999940,-0.000001290,-0.000000496,0.000004272,0.000027044,0.000015141,-0.000053406,-0.002108814,0.000269540,0.000005555
251,1.070833,0.000051890,-0.000062601,0.019999996,1.000000000,-0.000001386,-0.000000766,0.000004224,0.000026188,0.000015852,-0.000053111,-0.002107696,0.000259806,0.000005457
252,1.075000,0.000051886,-0.000062601,0.019999992,1.000000000,-0.000001375,-0.000000853,0.000004246,0.000025704,0.000016187,-0.000053035,-0.002112616,0.000249146,0.000005561
253,1.079167,0.000051885,-0.000062598,0.019999992,1.000000000,-0.000001425,-0.000000888,0.000004221,0.000026056,0.000016256,-0.000053112,-0.002123182,0.000251445,0.000005156
254,1.083333,0.000051887,-0.000062598,0.019999996,1.000000000,-0.000001350,-0.000000567,0.000004267,0.000026948,0.000015394,-0.000053495,-0.002103167,0.000281370,0.000005443
255,1.087500,0.000051887,-0.000062600,0.019999992,0.999999940,-0.000001420,-0.000000860,0.000004230,0.000026288,0.000015679,-0.000053227,-0.002100790,0.000267597,0.000005644
256,1.091667,0.000051891,-0.000062599,0.019999998,0.999999940,-0.000001342,-0.000000550,0.000004264,0.000027289,0.000015222,-0.000053677,-0.002098001,0.000295316,0.000005406
257,1.095833,0.000051891,-0.000062600,0.019999996,0.999999940,-0.000001296,-0.000000693,0.000004237,0.000026356,0.000015672,-0.000053185,-0.002106223,0.000262746,0.000005537
258,1.100000,0.000051889,-0.000062601,0.019999998,1.000000000,-0.000001466,-0.000000866,0.000004238,0.000026024,0.000015859,-0.000052974,-0.002117741,0.000242403,0.000005520
259,1.104167,0.000051884,-0.000062599,0.019999996,1.000000000,-0.000001338,-0.000000803,0.000004237,0.000025391,0.000016605,-0.000053034,-0.002120986,0.000243480,0.000005465
260,1.108333,0.000051888,-0.000062598,0.019999994,1.000000000,-0.000001363,-0.000000663,0.000004270,0.000027084,0.000015515,-0.000053368,-0.002108998,0.000279229,0.000005008
261,1.112500,0.000051887,-0.000062599,0.019999994,1.000000000,-0.000001329,-0.000000788,0.000004245,0.000026209,0.000015742,-0.000053171,-0.002107180,0.000259434,0.000005621
262,1.116667,0.000051884,-0.000062599,0.019999996,1.000000000,-0.000001341,-0.000000855,0.000004233,0.000025903,0.000016010,-0.000053126,-0.002111643,0.000252925,0.000005631
263,1.120833,0.000051886,-0.000062599,0.019999994,1.000000000,-0.000001364,-0.000000711,0.000004268,0.000026729,0.000015692,-0.000053277,-0.002109839,0.000271545,0.000005143
264,1.125000,0.000051885,-0.000062600,0.019999996,0.999999940,-0.000001480,-0.000000950,0.000004243,0.000026215,0.000015738,-0.000053202,-0.002108121,0.000259300,0.000005651
265,1.129167,0.000051890,-0.000062599,0.019999998,0.999999940,-0.000001274,-0.000000502,0.000004275,0.000027408,0.000015241,-0.000053597,-0.002103040,0.000291999,0.000005166
266,1.133333,0.000051891,-0.000062602,0.019999998,1.000000000,-0.000001369,-0.000000771,0.000004238,0.000026652,0.000015301,-0.000053228,-0.002099863,0.000268183,0.000005653
267,1.137500,0.000051885,-0.000062600,0.019999994,1.000000000,-0.000001369,-0.000000842,0.000004240,0.000025101,0.000016656,-0.000052909,-0.002118258,0.000236998,0.000005629
268,1.141667,0.000051886,-0.000062599,0.019999994,1.000000000,-0.000001394,-0.000000696,0.000004275,0.000026748,0.000015696,-0.000053320,-0.002111361,0.000271677,0.000005161
269,1.145833,0.000051885,-0.000062598,0.019999992,1.000000000,-0.000001354,-0.000000838,0.000004225,0.000026083,0.000016087,-0.000053160,-0.002113864,0.000258119,0.000005365
270,1.150000,0.000051885,-0.000062599,0.019999992,1.000000000,-0.000001394,-0.000000872,0.000004223,0.000026437,0.000015611,-0.000053155,-0.002111329,0.000257371,0.000005480
271,1.154167,0.000051883,-0.000062599,0.019999994,1.000000000,-0.000001401,-0.000000945,0.000004233,0.000026030,0.000015932,-0.000053198,-0.002111910,0.000255583,0.000005639
272,1.158333,0.000051884,-0.000062599,0.019999994,1.000000000,-0.000001454,-0.000000967,0.000004230,0.000026563,0.000015682,-0.000053291,-0.002109910,0.000267283,0.000005374
273,1.162500,0.000051884,-0.000062597,0.019999996,1.000000000,-0.000001523,-0.000000975,0.000004227,0.000026287,0.000015965,-0.000053253,-0.002114356,0.000262072,0.000005347
274,1.166667,0.000051887,-0.000062598,0.019999994,1.000000000,-0.000001411,-0.000000690,0.000004271,0.000026887,0.000015443,-0.000053373,-0.002107465,0.000273854,0.000005340
275,1.170833,0.000051884,-0.000062599,0.019999994,1.000000000,-0.000001350,-0.000000843,0.000004235,0.000025841,0.000016002,-0.000053200,-0.002106427,0.000258093,0.000005789
276,1.175000,0.000051886,-0.000062598,0.019999992,1.000000000,-0.000001370,-0.000000702,0.000004270,0.000026706,0.000015666,-0.000053201,-0.002113905,0.000264413,0.000005133
277,1.179167,0.000051885,-0.000062599,0.019999992,0.999999940,-0.000001474,-0.000000955,0.000004233,0.000026193,0.000015768,-0.000053184,-0.002108201,0.000259007,0.000005627
278,1.183333,0.000051889,-0.000062598,0.019999998,0.999999940,-0.000001408,-0.000000630,0.000004267,0.000027146,0.000015364,-0.000053421,-0.002113869,0.000273273,0.000005183
279,1.187500,0.000051887,-0.000062600,0.019999996,0.999999940,-0.000001341,-0.000000789,0.000004230,0.000025946,0.000015833,-0.000052945,-0.002116063,0.000240672,0.000005625
280,1.191667,0.000051888,-0.000062600,0.019999996,0.999999940,-0.000001397,-0.000000812,0.000004239,0.000026620,0.000015655,-0.000053243,-0.002108077,0.000268700,0.000005280
281,1.195833,0.000051892,-0.000062601,0.019999998,0.999999940,-0.000001306,-0.000000513,0.000004261,0.000027104,0.000015263,-0.000053406,-0.002104636,0.000278457,0.000005326
282,1.200000,0.000051891,-0.000062599,0.019999998,1.000000000,-0.000001421,-0.000000771,0.000004236,0.000026055,0.000016161,-0.000053121,-0.002114169,0.000258197,0.000005267
283,1.204167,0.000051883,-0.000062601,0.019999992,1.000000000,-0.000001369,-0.000000885,0.000004250,0.000025035,0.000016366,-0.000052823,-0.002116880,0.000227061,0.000005969
284,1.208333,0.000051884,-0.000062597,0.019999992,1.000000000,-0.000001441,-0.000000902,0.000004234,0.000026497,0.000016119,-0.000053364,-0.002114339,0.000274231,0.000005012
285,1.212500,0.000051888,-0.000062597,0.019999994,1.000000000,-0.000001484,-0.000000736,0.000004268,0.000027055,0.000015373,-0.000053416,-0.002107113,0.000277801,0.000005265
286,1.216667,0.000051888,-0.000062597,0.019999992,1.000000000,-0.000001426,-0.000000683,0.000004267,0.000026316,0.000015785,-0.000053230,-0.002109779,0.000262133,0.000005505
287,1.220833,0.000051885,-0.000062599,0.019999994,1.000000000,-0.000001347,-0.000000856,0.000004243,0.000025823,0.000015939,-0.000053072,-0.002115120,0.000244182,0.000005773
288,1.225000,0.000051885,-0.000062600,0.019999992,1.000000000,-0.000001386,-0.000000890,0.000004241,0.000026456,0.000015637,-0.000053130,-0.002111259,0.000258074,0.000005397
289,1.229167,0.000051889,-0.000062598,0.019999996,1.000000000,-0.000001333,-0.000000556,0.000004275,0.000027196,0.000015486,-0.000053533,-0.002106058,0.000288284,0.000005073
290,1.233333,0.000051887,-0.000062600,0.019999994,0.999999940,-0.000001409,-0.000000839,0.000004239,0.000026053,0.000015752,-0.000053111,-0.002105603,0.000255766,0.000005739
291,1.237500,0.000051889,-0.000062600,0.019999998,0.999999940,-0.000001332,-0.000000731,0.000004247,0.000026726,0.000015558,-0.000053372,-0.002109635,0.000270523,0.000005404
292,1.241667,0.000051891,-0.000062600,0.019999996,0.999999940,-0.000001377,-0.000000767,0.000004243,0.000026773,0.000015467,-0.000053264,-0.002104672,0.000271712,0.000005339
293,1.245833,0.000051889,-0.000062601,0.019999996,0.999999940,-0.000001412,-0.000000805,0.000004242,0.000026027,0.000015950,-0.000053133,-0.002110458,0.000255896,0.000005553
294,1.250000,0.000051891,-0.000062601,0.019999998,0.999999940,-0.000001328,-0.000000494,0.000004277,0.000026944,0.000015414,-0.000053486,-0.002103352,0.000281404,0.000005415
295,1.254167,0.000051891,-0.000062599,0.020000000,1.000000000,-0.000001428,-0.000000771,0.000004227,0.000026262,0.000015999,-0.000053283,-0.002108702,0.000268679,0.000005366
296,1.258333,0.000051886,-0.000062601,0.019999992,1.000000000,-0.000001396,-0.000000868,0.000004251,0.000025449,0.000016217,-0.000053039,-0.002106551,0.000249416,0.000005831
297,1.262500,0.000051885,-0.000062599,0.019999992,1.000000000,-0.000001443,-0.000000903,0.000004237,0.000026374,0.000015935,-0.000053338,-0.002109697,0.000270231,0.000005352
298,1.266667,0.000051887,-0.000062597,0.019999994,1.000000000,-0.000001487,-0.000000733,0.000004271,0.000026633,0.000015782,-0.000053335,-0.002113048,0.000269575,0.000005220
299,1.270833,0.000051887,-0.000062598,0.019999994,1.000000000,-0.000001425,-0.000000685,0.000004271,0.000026374,0.000015703,-0.000053365,-0.002105239,0.000269290,0.000005661
300,1.275000,0.000051885,-0.000062599,0.019999992,1.000000000,-0.000001352,-0.000000849,0.000004246,0.000026084,0.000015816,-0.000053247,-0.002104264,0.000262813,0.000005754
301,1.279167,0.000051886,-0.000062599,0.019999996,1.000000000,-0.000001281,-0.000000738,0.000004243,0.000026619,0.000015694,-0.000053473,-0.002101734,0.000281553,0.000005462
302,1.283333,0.000051887,-0.000062599,0.019999994,0.999999940,-0.000001479,-0.000000887,0.000004230,0.000026643,0.000015609,-0.000053188,-0.002105421,0.000269433,0.000005252
303,1.287500,0.000051891,-0.000062601,0.019999998,0.999999940,-0.000001260,-0.000000445,0.000004274,0.000027356,0.000014982,-0.000053585,-0.002097333,0.000289257,0.000005517
304,1.291667,0.000051888,-0.000062601,0.019999998,1.000000000,-0.000001309,-0.000000772,0.000004239,0.000025719,0.000016126,-0.000052974,-0.002115743,0.000243347,0.000005580
305,1.295833,0.000051885,-0.000062601,0.019999994,1.000000000,-0.000001315,-0.000000840,0.000004239,0.000025758,0.000016170,-0.000053016,-0.002112021,0.000250319,0.000005500
306,1.300000,0.000051886,-0.000062599,0.019999994,1.000000000,-0.000001367,-0.000000877,0.000004236,0.000026445,0.000015920,-0.000053082,-0.002122312,0.000252915,0.000005043
307,1.304167,0.000051884,-0.000062598,0.019999994,1.000000000,-0.000001415,-0.000000904,0.000004235,0.000026019,0.000016029,-0.000053149,-0.002112650,0.000255977,0.000005489
308,1.308333,0.000051887,-0.000062600,0.019999994,1.000000000,-0.000001454,-0.000000736,0.000004269,0.000027172,0.000015191,-0.000053394,-0.002103086,0.000279579,0.000005308
309,1.312500,0.000051887,-0.000062599,0.019999994,1.000000000,-0.000001398,-0.000000683,0.000004280,0.000026243,0.000015896,-0.000053244,-0.002112286,0.000260977,0.000005479
310,1.316667,0.000051884,-0.000062599,0.019999994,1.000000000,-0.000001340,-0.000000836,0.000004232,0.000025838,0.000016107,-0.000053216,-0.002109157,0.000258344,0.000005688
311,1.320833,0.000051886,-0.000062598,0.019999994,1.000000000,-0.000001364,-0.000000691,0.000004267,0.000026724,0.000015678,-0.000053304,-0.002110290,0.000271276,0.000005195
312,1.325000,0.000051886,-0.000062599,0.019999992,0.999999940,-0.000001467,-0.000000947,0.000004241,0.000026390,0.000015671,-0.000053202,-0.002106810,0.000263426,0.000005513
313,1.329167,0.000051890,-0.000062598,0.019999998,0.999999940,-0.000001264,-0.000000492,0.000004274,0.000026970,0.000015440,-0.000053393,-0.002114509,0.000269400,0.000005284
314,1.333333,0.000051890,-0.000062601,0.019999998,1.000000000,-0.000001353,-0.000000767,0.000004238,0.000026612,0.000015315,-0.000053140,-0.002104548,0.000260731,0.000005605
315,1.337500,0.000051888,-0.000062599,0.019999992,1.000000000,-0.000001371,-0.000000835,0.000004236,0.000025784,0.000016418,-0.000053112,-0.002112611,0.000259130,0.000005270
316,1.341667,0.000051886,-0.000062600,0.019999996,1.000000000,-0.000001274,-0.000000736,0.000004236,0.000026149,0.000015711,-0.000053214,-0.002108258,0.000257012,0.000005769
317,1.345833,0.000051887,-0.000062600,0.019999994,0.999999940,-0.000001474,-0.000000886,0.000004234,0.000026599,0.000015753,-0.000053186,-0.002108423,0.000269045,0.000005133
318,1.350000,0.000051892,-0.000062599,0.019999996,0.999999940,-0.000001258,-0.000000451,0.000004278,0.000027333,0.000015266,-0.000053410,-0.002111655,0.000277631,0.000005053
319,1.354167,0.000051891,-0.000062600,0.019999996,1.000000000,-0.000001345,-0.000000733,0.000004243,0.000026265,0.000015643,-0.000053218,-0.002099599,0.000266944,0.000005706
320,1.358333,0.000051886,-0.000062600,0.019999994,1.000000000,-0.000001355,-0.000000796,0.000004243,0.000025510,0.000016352,-0.000052996,-0.002114882,0.000245249,0.000005572
321,1.362500,0.000051885,-0.000062599,0.019999994,1.000000000,-0.000001369,-0.000000869,0.000004241,0.000026210,0.000015982,-0.000053188,-0.002113079,0.000260252,0.000005349
322,1.366667,0.000051883,-0.000062599,0.019999992,1.000000000,-0.000001411,-0.000000900,0.000004241,0.000026009,0.000016024,-0.000053051,-0.002116635,0.000249240,0.000005414
323,1.370833,0.000051888,-0.000062600,0.019999994,1.000000000,-0.000001329,-0.000000589,0.000004274,0.000027415,0.000015026,-0.000053644,-0.002093393,0.000297340,0.000005446
324,1.375000,0.000051887,-0.000062600,0.019999994,0.999999940,-0.000001420,-0.000000867,0.000004249,0.000026120,0.000015946,-0.000053138,-0.002110161,0.000258674,0.000005459
325,1.379167,0.000051888,-0.000062600,0.019999998,0.999999940,-0.000001349,-0.000000750,0.000004245,0.000026761,0.000015500,-0.000053460,-0.002104233,0.000277396,0.000005514
326,1.383333,0.000051891,-0.000062600,0.019999998,0.999999940,-0.000001387,-0.000000590,0.000004268,0.000026938,0.000015467,-0.000053415,-0.002102161,0.000282127,0.000005287
327,1.387500,0.000051890,-0.000062599,0.020000000,0.999999940,-0.000001359,-0.000000717,0.000004242,0.000026104,0.000015965,-0.000053189,-0.002112214,0.000257925,0.000005510
328,1.391667,0.000051892,-0.000062600,0.019999996,0.999999940,-0.000001375,-0.000000574,0.000004277,0.000026776,0.000015470,-0.000053175,-0.002109159,0.000265181,0.000005247
329,1.395833,0.000051891,-0.000062600,0.019999998,1.000000000,-0.000001477,-0.000000832,0.000004229,0.000026119,0.000015830,-0.000053126,-0.002114457,0.000251060,0.000005600
330,1.400000,0.000051885,-0.000062600,0.019999992,1.000000000,-0.000001313,-0.000000800,0.000004228,0.000025279,0.000016526,-0.000052981,-0.002117885,0.000240363,0.000005637
331,1.404167,0.000051883,-0.000062600,0.019999994,0.999999940,-0.000001481,-0.000000980,0.000004228,0.000026036,0.000016012,-0.000053098,-0.002117905,0.000249520,0.000005446
332,1.408333,0.000051891,-0.000062600,0.019999998,0.999999940,-0.000001291,-0.000000510,0.000004271,0.000027769,0.000014875,-0.000053537,-0.002107652,0.000285816,0.000005108
333,1.412500,0.000051889,-0.000062601,0.019999996,1.000000000,-0.000001387,-0.000000779,0.000004235,0.000026012,0.000015903,-0.000053068,-0.002107258,0.000255933,0.000005567
334,1.416667,0.000051884,-0.000062597,0.019999994,1.000000000,-0.000001399,-0.000000852,0.000004235,0.000025391,0.000016713,-0.000053098,-0.002118180,0.000250663,0.000005392
335,1.420833,0.000051886,-0.000062598,0.019999994,1.000000000,-0.000001403,-0.000000726,0.000004270,0.000026794,0.000015491,-0.000053340,-0.002107662,0.000271717,0.000005366
336,1.425000,0.000051887,-0.000062599,0.019999994,1.000000000,-0.000001362,-0.000000656,0.000004270,0.000026574,0.000015546,-0.000053270,-0.002106176,0.000267233,0.000005507
337,1.429167,0.000051886,-0.000062598,0.019999994,1.000000000,-0.000001321,-0.000000797,0.000004232,0.000026111,0.000015992,-0.000053179,-0.002112552,0.000258230,0.000005461
338,1.433333,0.000051884,-0.000062601,0.019999994,1.000000000,-0.000001316,-0.000000877,0.000004232,0.000026187,0.000015623,-0.000053160,-0.002104806,0.000257796,0.000005766
339,1.437500,0.000051884,-0.000062600,0.019999992,1.000000000,-0.000001368,-0.000000906,0.000004229,0.000026406,0.000015902,-0.000053271,-0.002106973,0.000271360,0.000005277
340,1.441667,0.000051886,-0.000062598,0.019999994,1.000000000,-0.000001307,-0.000000575,0.000004287,0.000026846,0.000015648,-0.000053358,-0.002111040,0.000274222,0.000005134
341,1.445833,0.000051887,-0.000062598,0.019999992,0.999999940,-0.000001401,-0.000000854,0.000004237,0.000026523,0.000015622,-0.000053123,-0.002110211,0.000260287,0.000005340
342,1.450000,0.000051890,-0.000062599,0.019999996,0.999999940,-0.000001361,-0.000000704,0.000004234,0.000026951,0.000015363,-0.000053481,-0.002102033,0.000281505,0.000005463
343,1.454167,0.000051890,-0.000062599,0.019999996,0.999999940,-0.000001376,-0.000000774,0.000004244,0.000026444,0.000015646,-0.000053302,-0.002102329,0.000271035,0.000005560
344,1.458333,0.000051890,-0.000062599,0.019999996,0.999999940,-0.000001413,-0.000000817,0.000004241,0.000026380,0.000015774,-0.000053212,-0.002109373,0.000263481,0.000005410
345,1.462500,0.000051891,-0.000062599,0.019999996,0.999999940,-0.000001458,-0.000000642,0.000004276,0.000026733,0.000015611,-0.000053409,-0.002105014,0.000277551,0.000005362
346,1.466667,0.000051891,-0.000062601,0.019999996,0.999999940,-0.000001419,-0.000000768,0.000004237,0.000026393,0.000015577,-0.000053263,-0.002106526,0.000262753,0.000005686
347,1.470833,0.000051889,-0.000062600,0.019999996,0.999999940,-0.000001428,-0.000000838,0.000004235,0.000025948,0.000016097,-0.000053174,-0.002114646,0.000254453,0.000005523
348,1.475000,0.000051891,-0.000062600,0.019999998,0.999999940,-0.000001344,-0.000000524,0.000004282,0.000026796,0.000015489,-0.000053456,-0.002104034,0.000278129,0.000005476
349,1.479167,0.000051888,-0.000062601,0.019999998,1.000000000,-0.000001410,-0.000000820,0.000004235,0.000025849,0.000015959,-0.000053087,-0.002109119,0.000251770,0.000005723
350,1.483333,0.000051887,-0.000062601,0.019999994,1.000000000,-0.000001428,-0.000000878,0.000004232,0.000026174,0.000016037,-0.000053164,-0.002113538,0.000259666,0.000005301
351,1.487500,0.000051884,-0.000062600,0.019999994,1.000000000,-0.000001454,-0.000000927,0.000004231,0.000025825,0.000016194,-0.000053242,-0.002111769,0.000258284,0.000005622
352,1.491667,0.000051886,-0.000062598,0.019999996,1.000000000,-0.000001498,-0.000000757,0.000004265,0.000026653,0.000015798,-0.000053344,-0.002113786,0.000269986,0.000005185
353,1.495833,0.000051886,-0.000062598,0.019999994,1.000000000,-0.000001431,-0.000000714,0.000004276,0.000026297,0.000015830,-0.000053235,-0.002110888,0.000261847,0.000005478
354,1.500000,0.000051884,-0.000062599,0.019999994,1.000000000,-0.000001356,-0.000000882,0.000004238,0.000026035,0.000015878,-0.000053174,-0.002110164,0.000255507,0.000005682
355,1.504167,0.000051884,-0.000062598,0.019999992,1.000000000,-0.000001399,-0.000000918,0.000004236,0.000026359,0.000015846,-0.000053123,-0.002115195,0.000256867,0.000005267
356,1.508333,0.000051886,-0.000062599,0.019999994,1.000000000,-0.000001345,-0.000000781,0.000004232,0.000026804,0.000015470,-0.000053418,-0.002102479,0.000278506,0.000005451
357,1.512500,0.000051884,-0.000062598,0.019999994,1.000000000,-0.000001348,-0.000000866,0.000004231,0.000025987,0.000016037,-0.000053137,-0.002112225,0.000255435,0.000005505
358,1.516667,0.000051885,-0.000062599,0.019999992,1.000000000,-0.000001396,-0.000000896,0.000004240,0.000026689,0.000015575,-0.000053325,-0.002102075,0.000276384,0.000005365
359,1.520833,0.000051889,-0.000062599,0.019999994,1.000000000,-0.000001330,-0.000000570,0.000004274,0.000027308,0.000015173,-0.000053532,-0.002099660,0.000289458,0.000005300
360,1.525000,0.000051887,-0.000062598,0.019999994,0.999999940,-0.000001421,-0.000000846,0.000004237,0.000025931,0.000016058,-0.000053101,-0.002111446,0.000254528,0.000005522
361,1.529167,0.000051889,-0.000062600,0.019999998,0.999999940,-0.000001346,-0.000000726,0.000004234,0.000026856,0.000015289,-0.000053467,-0.002100242,0.000278480,0.000005650
362,1.533333,0.000051891,-0.000062601,0.019999998,0.999999940,-0.000001251,-0.000000433,0.000004269,0.000026962,0.000015377,-0.000053407,-0.002100157,0.000282259,0.000005353
363,1.537500,0.000051890,-0.000062600,0.019999998,1.000000000,-0.000001312,-0.000000752,0.000004244,0.000025896,0.000016127,-0.000053003,-0.002116841,0.000247634,0.000005390
364,1.541667,0.000051886,-0.000062600,0.019999994,1.000000000,-0.000001318,-0.000000821,0.000004245,0.000025752,0.000016163,-0.000053015,-0.002111749,0.000250220,0.000005515
365,1.545833,0.000051886,-0.000062600,0.019999994,1.000000000,-0.000001370,-0.000000849,0.000004231,0.000026368,0.000015845,-0.000053122,-0.002115219,0.000257002,0.000005259
366,1.550000,0.000051886,-0.000062598,0.019999994,1.000000000,-0.000001421,-0.000000882,0.000004240,0.000026300,0.000015975,-0.000053217,-0.002113534,0.000262655,0.000005276
367,1.554167,0.000051884,-0.000062600,0.019999994,1.000000000,-0.000001425,-0.000000949,0.000004228,0.000026115,0.000015736,-0.000053194,-0.002108025,0.000256545,0.000005763
368,1.558333,0.000051884,-0.000062599,0.019999994,1.000000000,-0.000001466,-0.000000776,0.000004286,0.000026527,0.000015794,-0.000053272,-0.002111637,0.000267035,0.000005261
369,1.562500,0.000051885,-0.000062599,0.019999996,1.000000000,-0.000001401,-0.000000735,0.000004261,0.000026477,0.000015693,-0.000053323,-0.002110697,0.000265270,0.000005517
370,1.566667,0.000051887,-0.000062597,0.019999994,1.000000000,-0.000001378,-0.000000653,0.000004272,0.000026637,0.000015837,-0.000053371,-0.002108346,0.000276712,0.000005181
371,1.570833,0.000051886,-0.000062599,0.019999994,0.999999940,-0.000001479,-0.000000904,0.000004236,0.000026283,0.000015552,-0.000053193,-0.002104145,0.000259943,0.000005776
372,1.575000,0.000051891,-0.000062599,0.019999998,0.999999940,-0.000001253,-0.000000475,0.000004269,0.000027177,0.000015274,-0.000053413,-0.002111826,0.000273604,0.000005242
373,1.579167,0.000051891,-0.000062601,0.019999996,1.000000000,-0.000001349,-0.000000747,0.000004243,0.000026399,0.000015644,-0.000053153,-0.002104697,0.000263892,0.000005482
374,1.583333,0.000051885,-0.000062601,0.019999994,1.000000000,-0.000001344,-0.000000826,0.000004245,0.000025300,0.000016408,-0.000052894,-0.002119655,0.000233994,0.000005672
375,1.587500,0.000051885,-0.000062600,0.019999992,1.000000000,-0.000001387,-0.000000861,0.000004243,0.000026383,0.000015865,-0.000053138,-0.002116311,0.000257253,0.000005229
376,1.591667,0.000051883,-0.000062598,0.019999994,1.000000000,-0.000001418,-0.000000914,0.000004230,0.000025929,0.000016160,-0.000053175,-0.002115933,0.000254324,0.000005478
377,1.595833,0.000051887,-0.000062599,0.019999994,1.000000000,-0.000001444,-0.000000764,0.000004287,0.000027097,0.000015268,-0.000053330,-0.002109589,0.000271612,0.000005252
378,1.600000,0.000051888,-0.000062598,0.019999992,1.000000000,-0.000001412,-0.000000689,0.000004274,0.000026637,0.000015739,-0.000053364,-0.002105980,0.000276294,0.000005294
379,1.604167,0.000051886,-0.000062599,0.019999992,1.000000000,-0.000001364,-0.000000828,0.000004237,0.000026022,0.000015903,-0.000053258,-0.002106142,0.000261881,0.000005745
380,1.608333,0.000051886,-0.000062601,0.019999996,1.000000000,-0.000001267,-0.000000735,0.000004236,0.000026486,0.000015526,-0.000053274,-0.002106200,0.000264499,0.000005636
381,1.612500,0.000051886,-0.000062601,0.019999996,0.999999940,-0.000001447,-0.000000904,0.000004234,0.000026358,0.000015776,-0.000053000,-0.002116934,0.000250368,0.000005234
382,1.616667,0.000051891,-0.000062600,0.019999998,0.999999940,-0.000001231,-0.000000466,0.000004267,0.000027152,0.000015386,-0.000053371,-0.002112957,0.000273767,0.000005097
383,1.620833,0.000051892,-0.000062600,0.019999996,1.000000000,-0.000001352,-0.000000712,0.000004230,0.000026634,0.000015545,-0.000053264,-0.002099193,0.000275620,0.000005415
384,1.625000,0.000051885,-0.000062601,0.019999994,1.000000000,-0.000001305,-0.000000838,0.000004231,0.000025159,0.000016435,-0.000052941,-0.002114581,0.000237219,0.000005852
385,1.629167,0.000051885,-0.000062598,0.019999992,1.000000000,-0.000001381,-0.000000846,0.000004229,0.000026381,0.000016120,-0.000053274,-0.002111842,0.000271609,0.000005054
386,1.633333,0.000051884,-0.000062600,0.019999994,1.000000000,-0.000001394,-0.000000909,0.000004240,0.000026264,0.000015649,-0.000053223,-0.002107039,0.000259833,0.000005707
387,1.637500,0.000051886,-0.000062599,0.019999992,1.000000000,-0.000001444,-0.000000731,0.000004262,0.000026860,0.000015619,-0.000053318,-0.002109518,0.000274404,0.000005114
388,1.641667,0.000051887,-0.000062600,0.019999994,1.000000000,-0.000001386,-0.000000682,0.000004262,0.000026533,0.000015550,-0.000053314,-0.002107365,0.000266102,0.000005603
389,1.645833,0.000051886,-0.000062599,0.019999994,1.000000000,-0.000001345,-0.000000820,0.000004236,0.000025963,0.000016068,-0.000053147,-0.002113141,0.000254927,0.000005516
390,1.650000,0.000051885,-0.000062598,0.019999994,1.000000000,-0.000001394,-0.000000852,0.000004234,0.000026378,0.000015860,-0.000053229,-0.002111704,0.000263756,0.000005328
391,1.654167,0.000051885,-0.000062599,0.019999994,1.000000000,-0.000001420,-0.000000904,0.000004232,0.000026422,0.000015654,-0.000053243,-0.002107780,0.000263830,0.000005531
392,1.658333,0.000051886,-0.000062598,0.019999994,1.000000000,-0.000001461,-0.000000732,0.000004290,0.000026516,0.000015785,-0.000053269,-0.002111234,0.000266835,0.000005285
393,1.662500,0.000051888,-0.000062600,0.019999992,1.000000000,-0.000001418,-0.000000662,0.000004277,0.000026770,0.000015432,-0.000053404,-0.002101148,0.000277607,0.000005530
394,1.666667,0.000051886,-0.000062598,0.019999994,1.000000000,-0.000001354,-0.000000830,0.000004240,0.000025837,0.000016159,-0.000053092,-0.002119976,0.000245898,0.000005525
395,1.670833,0.000051886,-0.000062599,0.019999994,1.000000000,-0.000001399,-0.000000860,0.000004238,0.000026471,0.000015647,-0.000053235,-0.002107725,0.000264802,0.000005469
396,1.675000,0.000051886,-0.000062599,0.019999994,1.000000000,-0.000001417,-0.000000924,0.000004235,0.000026364,0.000015781,-0.000053232,-0.002110032,0.000263073,0.000005442
397,1.679167,0.000051886,-0.000062599,0.019999996,1.000000000,-0.000001481,-0.000000929,0.000004233,0.000026383,0.000015755,-0.000053261,-0.002110367,0.000263217,0.000005480
398,1.683333,0.000051886,-0.000062598,0.019999992,1.000000000,-0.000001348,-0.000000669,0.000004266,0.000026334,0.000015961,-0.000053301,-0.002109000,0.000269683,0.000005328
399,1.687500,0.000051886,-0.000062600,0.019999992,0.999999940,-0.000001451,-0.000000924,0.000004229,0.000026460,0.000015539,-0.000053240,-0.002105257,0.000264221,0.000005622
400,1.691667,0.000051890,-0.000062599,0.019999996,0.999999940,-0.000001251,-0.000000468,0.000004274,0.000027192,0.000015371,-0.000053483,-0.002109095,0.000280955,0.000005169
401,1.695833,0.000051892,-0.000062599,0.019999998,1.000000000,-0.000001361,-0.000000734,0.000004247,0.000026699,0.000015531,-0.000053254,-0.002105291,0.000270585,0.000005353
402,1.700000,0.000051886,-0.000062600,0.019999992,1.000000000,-0.000001353,-0.000000809,0.000004249,0.000025417,0.000016239,-0.000052923,-0.002110378,0.000242613,0.000005741
403,1.704167,0.000051887,-0.000062600,0.019999996,1.000000000,-0.000001394,-0.000000851,0.000004235,0.000026568,0.000015684,-0.000053315,-0.002110706,0.000267169,0.000005394
404,1.708333,0.000051885,-0.000062600,0.019999992,1.000000000,-0.000001420,-0.000000901,0.000004233,0.000025999,0.000016081,-0.000053113,-0.002112638,0.000255916,0.000005413
405,1.712500,0.000051887,-0.000062599,0.019999994,1.000000000,-0.000001453,-0.000000739,0.000004279,0.000026697,0.000015601,-0.000053361,-0.002110163,0.000269989,0.000005377
406,1.716667,0.000051886,-0.000062599,0.019999994,1.000000000,-0.000001417,-0.000000865,0.000004229,0.000026130,0.000015891,-0.000053220,-0.002111651,0.000257949,0.000005601
407,1.720833,0.000051885,-0.000062600,0.019999994,1.000000000,-0.000001425,-0.000000936,0.000004250,0.000026187,0.000015887,-0.000053223,-0.002111947,0.000259130,0.000005522
408,1.725000,0.000051888,-0.000062600,0.019999994,1.000000000,-0.000001314,-0.000000656,0.000004272,0.000026967,0.000015409,-0.000053462,-0.002102558,0.000282068,0.000005368
409,1.729167,0.000051887,-0.000062599,0.019999992,0.999999940,-0.000001458,-0.000000870,0.000004223,0.000026420,0.000015798,-0.000053342,-0.002099825,0.000277845,0.000005454
410,1.733333,0.000051889,-0.000062597,0.019999998,0.999999940,-0.000001408,-0.000000737,0.000004231,0.000026703,0.000015691,-0.000053570,-0.002104269,0.000283456,0.000005465
411,1.737500,0.000051890,-0.000062599,0.019999996,0.999999940,-0.000001429,-0.000000796,0.000004239,0.000026568,0.000015535,-0.000053175,-0.002110175,0.000260470,0.000005428
412,1.741667,0.000051888,-0.000062602,0.019999996,0.999999940,-0.000001430,-0.000000862,0.000004238,0.000026119,0.000015659,-0.000053178,-0.002105965,0.000256283,0.000005829
413,1.745833,0.000051890,-0.000062600,0.019999998,0.999999940,-0.000001464,-0.000000702,0.000004273,0.000026656,0.000015707,-0.000053349,-0.002111992,0.000269627,0.000005295
414,1.750000,0.000051889,-0.000062601,0.019999998,0.999999940,-0.000001412,-0.000000845,0.000004234,0.000026109,0.000015869,-0.000053134,-0.002115519,0.000250900,0.000005573
415,1.754167,0.000051888,-0.000062599,0.019999998,0.999999940,-0.000001468,-0.000000864,0.000004232,0.000026115,0.000016097,-0.000053208,-0.002115833,0.000258468,0.000005357
416,1.758333,0.000051889,-0.000062599,0.019999996,0.999999940,-0.000001346,-0.000000597,0.000004265,0.000026716,0.000015653,-0.000053410,-0.002105964,0.000277283,0.000005337
417,1.762500,0.000051888,-0.000062601,0.019999998,1.000000000,-0.000001443,-0.000000856,0.000004241,0.000026220,0.000015606,-0.000053125,-0.002109919,0.000252318,0.000005731
418,1.766667,0.000051887,-0.000062598,0.019999996,1.000000000,-0.000001466,-0.000000916,0.000004238,0.000026068,0.000016230,-0.000053175,-0.002117533,0.000258208,0.000005221
419,1.770833,0.000051885,-0.000062600,0.019999992,1.000000000,-0.000001360,-0.000000819,0.000004236,0.000026146,0.000015807,-0.000053250,-0.002104434,0.000264060,0.000005683
420,1.775000,0.000051886,-0.000062599,0.019999994,1.000000000,-0.000001295,-0.000000702,0.000004233,0.000026565,0.000015768,-0.000053373,-0.002107126,0.000274278,0.000005348
421,1.779167,0.000051885,-0.000062599,0.019999994,0.999999940,-0.000001439,-0.000000914,0.000004232,0.000026237,0.000015817,-0.000053157,-0.002108509,0.000260423,0.000005475
422,1.783333,0.000051890,-0.000062601,0.019999996,0.999999940,-0.000001377,-0.000000576,0.000004266,0.000027302,0.000015047,-0.000053382,-0.002106535,0.000275541,0.000005319
423,1.787500,0.000051892,-0.000062601,0.019999998,1.000000000,-0.000001473,-0.000000645,0.000004266,0.000026840,0.000015460,-0.000053331,-0.002106008,0.000273498,0.000005347
424,1.791667,0.000051888,-0.000062600,0.019999994,1.000000000,-0.000001406,-0.000000802,0.000004241,0.000025419,0.000016428,-0.000053109,-0.002112390,0.000249981,0.000005712
425,1.795833,0.000051888,-0.000062598,0.019999992,1.000000000,-0.000001441,-0.000000849,0.000004238,0.000026321,0.000015987,-0.000053133,-0.002118516,0.000256513,0.000005159
426,1.800000,0.000051886,-0.000062599,0.019999994,1.000000000,-0.000001449,-0.000000916,0.000004237,0.000026044,0.000015848,-0.000053212,-0.002110757,0.000255300,0.000005739
427,1.804167,0.000051886,-0.000062599,0.019999994,1.000000000,-0.000001356,-0.000000819,0.000004233,0.000026339,0.000015892,-0.000053258,-0.002113210,0.000262782,0.000005373
428,1.808333,0.000051887,-0.000062600,0.019999994,1.000000000,-0.000001401,-0.000000852,0.000004242,0.000026645,0.000015522,-0.000053266,-0.002105926,0.000268617,0.000005435
429,1.812500,0.000051886,-0.000062598,0.019999990,1.000000000,-0.000001423,-0.000000913,0.000004239,0.000026108,0.000016060,-0.000053058,-0.002117398,0.000252157,0.000005257
430,1.816667,0.000051886,-0.000062599,0.019999996,1.000000000,-0.000001354,-0.000000789,0.000004237,0.000026352,0.000015702,-0.000053240,-0.002115389,0.000255536,0.000005572
431,1.820833,0.000051884,-0.000062600,0.019999994,1.000000000,-0.000001347,-0.000000876,0.000004236,0.000026073,0.000015821,-0.000053047,-0.002112245,0.000249892,0.000005567
432,1.825000,0.000051884,-0.000062599,0.019999992,1.000000000,-0.000001399,-0.000000904,0.000004234,0.000026408,0.000015902,-0.000053277,-0.002107203,0.000271356,0.000005279
433,1.829167,0.000051887,-0.000062598,0.019999994,1.000000000,-0.000001324,-0.000000592,0.000004267,0.000027054,0.000015497,-0.000053490,-0.002104996,0.000284900,0.000005187
434,1.833333,0.000051885,-0.000062599,0.019999994,0.999999940,-0.000001400,-0.000000880,0.000004244,0.000026038,0.000015824,-0.000053128,-0.002107517,0.000255783,0.000005691
435,1.837500,0.000051889,-0.000062601,0.019999996,0.999999940,-0.000001307,-0.000000578,0.000004266,0.000027214,0.000015067,-0.000053416,-0.002101208,0.000279832,0.000005427
436,1.841667,0.000051890,-0.000062599,0.019999998,1.000000000,-0.000001442,-0.000000816,0.000004240,0.000026374,0.000015925,-0.000053138,-0.002116613,0.000258258,0.000005181
437,1.845833,0.000051888,-0.000062598,0.019999996,1.000000000,-0.000001462,-0.000000871,0.000004226,0.000025955,0.000016114,-0.000053144,-0.002114304,0.000254753,0.000005465
438,1.850000,0.000051885,-0.000062599,0.019999994,1.000000000,-0.000001464,-0.000000941,0.000004248,0.000025833,0.000016061,-0.000053054,-0.002117457,0.000244855,0.000005585
439,1.854167,0.000051886,-0.000062599,0.019999994,1.000000000,-0.000001351,-0.000000656,0.000004271,0.000026639,0.000015604,-0.000053393,-0.002104614,0.000274992,0.000005473
440,1.858333,0.000051888,-0.000062599,0.019999996,0.999999940,-0.000001447,-0.000000721,0.000004259,0.000026685,0.000015572,-0.000053309,-0.002107807,0.000270061,0.000005384
441,1.862500,0.000051891,-0.000062599,0.019999998,0.999999940,-0.000001436,-0.000000623,0.000004280,0.000027016,0.000015388,-0.000053421,-0.002107358,0.000277021,0.000005304
442,1.866667,0.000051888,-0.000062600,0.019999998,0.999999940,-0.000001361,-0.000000790,0.000004232,0.000025803,0.000015984,-0.000053118,-0.002110433,0.000250621,0.000005787
443,1.870833,0.000051890,-0.000062599,0.019999998,0.999999940,-0.000001427,-0.000000809,0.000004240,0.000026760,0.000015695,-0.000053392,-0.002106448,0.000278647,0.000005212
444,1.875000,0.000051892,-0.000062602,0.019999998,0.999999940,-0.000001452,-0.000000649,0.000004275,0.000026789,0.000015236,-0.000053252,-0.002106374,0.000264077,0.000005591
445,1.879167,0.000051893,-0.000062600,0.019999996,0.999999940,-0.000001413,-0.000000582,0.000004274,0.000026422,0.000015952,-0.000053347,-0.002109838,0.000272041,0.000005290
446,1.883333,0.000051890,-0.000062599,0.019999996,0.999999940,-0.000001354,-0.000000734,0.000004226,0.000025814,0.000016114,-0.000053213,-0.002109201,0.000257803,0.000005707
447,1.887500,0.000051890,-0.000062599,0.019999996,0.999999940,-0.000001402,-0.000000767,0.000004246,0.000026584,0.000015679,-0.000053267,-0.002109302,0.000267782,0.000005323
448,1.891667,0.000051890,-0.000062600,0.019999996,0.999999940,-0.000001423,-0.000000826,0.000004232,0.000026425,0.000015678,-0.000053336,-0.002104073,0.000270439,0.000005589
449,1.895833,0.000051892,-0.000062600,0.019999998,0.999999940,-0.000001459,-0.000000661,0.000004267,0.000026758,0.000015507,-0.000053428,-0.002103431,0.000277558,0.000005475
450,1.900000,0.000051893,-0.000062600,0.019999996,0.999999940,-0.000001417,-0.000000591,0.000004266,0.000026509,0.000015732,-0.000053358,-0.002105715,0.000272969,0.000005451
451,1.904167,0.000051888,-0.000062600,0.019999998,0.999999940,-0.000001345,-0.000000755,0.000004231,0.000025382,0.000016298,-0.000052895,-0.002124045,0.000228917,0.000005725
452,1.908333,0.000051891,-0.000062600,0.019999998,0.999999940,-0.000001383,-0.000000592,0.000004266,0.000027012,0.000015415,-0.000053438,-0.002102275,0.000283116,0.000005277
453,1.912500,0.000051889,-0.000062600,0.019999996,0.999999940,-0.000001340,-0.000000731,0.000004241,0.000025935,0.000016081,-0.000053115,-0.002112453,0.000254520,0.000005501
454,1.916667,0.000051891,-0.000062600,0.020000000,0.999999940,-0.000001269,-0.000000621,0.000004237,0.000026959,0.000015355,-0.000053377,-0.002105794,0.000275244,0.000005361
455,1.920833,0.000051889,-0.000062600,0.019999996,1.000000000,-0.000001413,-0.000000825,0.000004237,0.000025906,0.000016067,-0.000053099,-0.002105115,0.000260363,0.000005515
456,1.925000,0.000051887,-0.000062601,0.019999992,1.000000000,-0.000001433,-0.000000878,0.000004235,0.000026278,0.000015830,-0.000053272,-0.002105611,0.000267520,0.000005518
457,1.929167,0.000051884,-0.000062598,0.019999994,1.000000000,-0.000001447,-0.000000944,0.000004234,0.000025529,0.000016470,-0.000053129,-0.002120821,0.000246022,0.000005557
458,1.933333,0.000051886,-0.000062600,0.019999994,1.000000000,-0.000001483,-0.000000776,0.000004268,0.000027014,0.000015334,-0.000053477,-0.002101665,0.000282600,0.000005411
459,1.937500,0.000051887,-0.000062598,0.019999992,1.000000000,-0.000001444,-0.000000709,0.000004267,0.000026427,0.000015927,-0.000053352,-0.002109384,0.000272069,0.000005318
460,1.941667,0.000051883,-0.000062599,0.019999992,1.000000000,-0.000001362,-0.000000878,0.000004231,0.000025739,0.000015981,-0.000053203,-0.002106200,0.000255135,0.000005942
461,1.945833,0.000051884,-0.000062598,0.019999996,1.000000000,-0.000001293,-0.000000765,0.000004229,0.000026555,0.000015751,-0.000053302,-0.002111675,0.000267317,0.000005315
462,1.950000,0.000051885,-0.000062599,0.019999992,0.999999940,-0.000001469,-0.000000939,0.000004238,0.000026632,0.000015640,-0.000053174,-0.002105735,0.000269341,0.000005210
463,1.954167,0.000051888,-0.000062600,0.019999998,0.999999940,-0.000001400,-0.000000608,0.000004273,0.000026877,0.000015318,-0.000053345,-0.002110681,0.000266476,0.000005488
464,1.958333,0.000051889,-0.000062600,0.019999996,0.999999940,-0.000001316,-0.000000594,0.000004283,0.000026401,0.000015763,-0.000053056,-0.002117987,0.000251437,0.000005261
465,1.962500,0.000051889,-0.000062599,0.019999998,1.000000000,-0.000001439,-0.000000837,0.000004235,0.000026298,0.000015824,-0.000053144,-0.002114976,0.000255420,0.000005404
466,1.966667,0.000051886,-0.000062598,0.019999994,1.000000000,-0.000001462,-0.000000887,0.000004233,0.000025835,0.000016222,-0.000053187,-0.002110857,0.000258912,0.000005517
467,1.970833,0.000051888,-0.000062599,0.019999994,1.000000000,-0.000001493,-0.000000725,0.000004268,0.000026773,0.000015492,-0.000053345,-0.002107759,0.000271238,0.000005397
468,1.975000,0.000051887,-0.000062598,0.019999992,1.000000000,-0.000001422,-0.000000689,0.000004267,0.000026039,0.000016085,-0.000053104,-0.002119052,0.000250464,0.000005373
469,1.979167,0.000051885,-0.000062599,0.019999990,1.000000000,-0.000001350,-0.000000852,0.000004242,0.000026093,0.000015822,-0.000053258,-0.002104755,0.000263037,0.000005749
470,1.983333,0.000051887,-0.000062598,0.019999992,1.000000000,-0.000001259,-0.000000559,0.000004276,0.000026908,0.000015584,-0.000053446,-0.002105569,0.000281721,0.000005218
471,1.987500,0.000051887,-0.000062600,0.019999994,0.999999940,-0.000001355,-0.000000826,0.000004229,0.000026281,0.000015590,-0.000053177,-0.002104272,0.000260369,0.000005719
472,1.991667,0.000051892,-0.000062599,0.019999996,0.999999940,-0.000001293,-0.000000500,0.000004274,0.000027419,0.000015196,-0.000053458,-0.002104992,0.000285858,0.000005066
473,1.995833,0.000051890,-0.000062600,0.019999998,1.000000000,-0.000001388,-0.000000772,0.000004239,0.000025985,0.000015853,-0.000053049,-0.002112426,0.000248265,0.000005652
474,2.000000,0.000051885,-0.000062599,0.019999994,1.000000000,-0.000001390,-0.000000847,0.000004240,0.000025463,0.000016485,-0.000052997,-0.002117665,0.000244745,0.000005477
475,2.004167,0.000051885,-0.000062599,0.019999996,1.000000000,-0.000001428,-0.000000887,0.000004237,0.000026420,0.000015768,-0.000053263,-0.002110990,0.000264014,0.000005422
476,2.008333,0.000051888,-0.000062599,0.019999994,1.000000000,-0.000001474,-0.000000711,0.000004271,0.000026959,0.000015417,-0.000053434,-0.002101861,0.000282153,0.000005338
477,2.012500,0.000051884,-0.000062599,0.019999992,1.000000000,-0.000001391,-0.000000888,0.000004246,0.000025551,0.000016299,-0.000053080,-0.002115624,0.000246167,0.000005682
478,2.016667,0.000051888,-0.000062598,0.019999994,1.000000000,-0.000001320,-0.000000567,0.000004280,0.000027124,0.000015382,-0.000053406,-0.002107451,0.000279268,0.000005158
479,2.020833,0.000051888,-0.000062600,0.019999994,0.999999940,-0.000001406,-0.000000844,0.000004232,0.000026429,0.000015533,-0.000053189,-0.002103431,0.000263885,0.000005615
480,2.025000,0.000051891,-0.000062601,0.019999996,0.999999940,-0.000001322,-0.000000537,0.000004277,0.000027123,0.000015294,-0.000053515,-0.002101635,0.000285370,0.000005363
481,2.029167,0.000051889,-0.000062600,0.019999998,1.000000000,-0.000001417,-0.000000807,0.000004230,0.000026004,0.000015964,-0.000053210,-0.002105836,0.000262151,0.000005646
482,2.033333,0.000051887,-0.000062601,0.019999994,1.000000000,-0.000001433,-0.000000862,0.000004251,0.000026044,0.000016016,-0.000053129,-0.002112042,0.000256384,0.000005446
483,2.037500,0.000051885,-0.000062600,0.019999994,1.000000000,-0.000001457,-0.000000912,0.000004226,0.000026043,0.000015998,-0.000053278,-0.002109013,0.000262494,0.000005625
484,2.041667,0.000051887,-0.000062599,0.019999994,1.000000000,-0.000001347,-0.000000631,0.000004283,0.000026696,0.000015740,-0.000053422,-0.002108065,0.000277221,0.000005267
485,2.045833,0.000051882,-0.000062600,0.019999994,0.999999940,-0.000001412,-0.000000922,0.000004237,0.000025526,0.000016130,-0.000053023,-0.002110658,0.000244660,0.000005853
486,2.050000,0.000051890,-0.000062600,0.019999996,0.999999940,-0.000001359,-0.000000591,0.000004269,0.000027946,0.000014941,-0.000053614,-0.002104599,0.000297058,0.000004881
487,2.054167,0.000051890,-0.000062601,0.019999998,1.000000000,-0.000001464,-0.000000849,0.000004243,0.000026318,0.000015623,-0.000053225,-0.002105934,0.000261672,0.000005685
488,2.058333,0.000051887,-0.000062600,0.019999994,1.000000000,-0.000001311,-0.000000811,0.000004230,0.000025646,0.000016299,-0.000053056,-0.002115450,0.000248195,0.000005532
489,2.062500,0.000051888,-0.000062599,0.019999994,1.000000000,-0.000001380,-0.000000824,0.000004239,0.000026610,0.000015734,-0.000053260,-0.002110216,0.000268730,0.000005219
490,2.066667,0.000051886,-0.000062597,0.019999992,1.000000000,-0.000001426,-0.000000858,0.000004237,0.000025907,0.000016229,-0.000053039,-0.002120275,0.000247986,0.000005290
491,2.070833,0.000051887,-0.000062598,0.019999992,1.000000000,-0.000001450,-0.000000914,0.000004234,0.000026604,0.000015613,-0.000053396,-0.002104750,0.000274198,0.000005505
492,2.075000,0.000051886,-0.000062599,0.019999994,1.000000000,-0.000001364,-0.000000803,0.000004231,0.000026452,0.000015569,-0.000053376,-0.002103095,0.000270262,0.000005725
493,2.079167,0.000051889,-0.000062598,0.019999992,1.000000000,-0.000001403,-0.000000644,0.000004265,0.000026909,0.000015604,-0.000053391,-0.002104422,0.000282118,0.000005133
494,2.083333,0.000051887,-0.000062597,0.019999994,0.999999940,-0.000001512,-0.000000897,0.000004241,0.000025940,0.000016038,-0.000053171,-0.002113061,0.000254243,0.000005606
495,2.087500,0.000051891,-0.000062600,0.019999998,0.999999940,-0.000001283,-0.000000460,0.000004275,0.000027215,0.000015008,-0.000053580,-0.002097844,0.000285636,0.000005656
496,2.091667,0.000051888,-0.000062601,0.019999996,1.000000000,-0.000001337,-0.000000774,0.000004240,0.000025900,0.000015957,-0.000053125,-0.002103326,0.000259735,0.000005690
497,2.095833,0.000051885,-0.000062600,0.019999996,1.000000000,-0.000001350,-0.000000842,0.000004239,0.000025857,0.000016160,-0.000053104,-0.002114074,0.000252645,0.000005486
498,2.100000,0.000051885,-0.000062600,0.019999994,1.000000000,-0.000001393,-0.000000878,0.000004237,0.000026362,0.000015849,-0.000053130,-0.002115551,0.000256875,0.000005268
499,2.104167,0.000051885,-0.000062598,0.019999992,1.000000000,-0.000001428,-0.000000926,0.000004233,0.000026289,0.000015962,-0.000053115,-0.002117216,0.000255875,0.000005211
500,2.108333,0.000051885,-0.000062599,0.019999994,1.000000000,-0.000001482,-0.000000941,0.000004231,0.000026410,0.000015650,-0.000053287,-0.002109041,0.000263182,0.000005599
501,2.112500,0.000051887,-0.000062598,0.019999994,1.000000000,-0.000001349,-0.000000689,0.000004264,0.000026637,0.000015718,-0.000053343,-0.002112007,0.000269274,0.000005300
502,2.116667,0.000051887,-0.000062600,0.019999992,0.999999940,-0.000001449,-0.000000944,0.000004227,0.000026457,0.000015547,-0.000053208,-0.002104553,0.000264348,0.000005584
503,2.120833,0.000051891,-0.000062600,0.019999998,0.999999940,-0.000001394,-0.000000604,0.000004284,0.000027186,0.000015238,-0.000053428,-0.002111567,0.000273576,0.000005287
504,2.125000,0.000051889,-0.000062602,0.019999998,0.999999940,-0.000001328,-0.000000761,0.000004247,0.000026046,0.000015743,-0.000053159,-0.002106754,0.000255360,0.000005812
505,2.129167,0.000051889,-0.000062601,0.019999996,0.999999940,-0.000001375,-0.000000794,0.000004245,0.000026369,0.000015891,-0.000053194,-0.002111369,0.000263880,0.000005267
506,2.133333,0.000051888,-0.000062600,0.020000000,0.999999940,-0.000001418,-0.000000834,0.000004232,0.000026087,0.000016071,-0.000053221,-0.002115504,0.000257694,0.000005438
507,2.137500,0.000051891,-0.000062600,0.019999998,0.999999940,-0.000001452,-0.000000672,0.000004277,0.000026972,0.000015431,-0.000053431,-0.002102204,0.000282408,0.000005300
508,2.141667,0.000051890,-0.000062600,0.019999996,0.999999940,-0.000001411,-0.000000801,0.000004227,0.000026086,0.000015884,-0.000053111,-0.002115117,0.000250533,0.000005558
509,2.145833,0.000051892,-0.000062600,0.019999996,0.999999940,-0.000001456,-0.000000629,0.000004273,0.000026935,0.000015509,-0.000053452,-0.002104334,0.000281882,0.000005278
510,2.150000,0.000051889,-0.000062600,0.019999996,0.999999940,-0.000001378,-0.000000803,0.000004224,0.000025767,0.000016125,-0.000053217,-0.002109312,0.000256849,0.000005758
511,2.154167,0.000051892,-0.000062600,0.019999998,0.999999940,-0.000001302,-0.000000483,0.000004270,0.000026926,0.000015438,-0.000053289,-0.002111872,0.000268326,0.000005223
512,2.158333,0.000051892,-0.000062599,0.019999998,1.000000000,-0.000001414,-0.000000742,0.000004233,0.000026299,0.000015875,-0.000053162,-0.002109677,0.000262538,0.000005347
513,2.162500,0.000051887,-0.000062600,0.019999992,1.000000000,-0.000001385,-0.000000843,0.000004233,0.000025566,0.000016219,-0.000053093,-0.002108115,0.000252295,0.000005750
514,2.166667,0.000051885,-0.000062599,0.019999992,1.000000000,-0.000001421,-0.000000884,0.000004231,0.000025970,0.000016156,-0.000053077,-0.002120246,0.000248714,0.000005337
515,2.170833,0.000051882,-0.000062600,0.019999994,1.000000000,-0.000001426,-0.000000953,0.000004243,0.000025877,0.000015962,-0.000053170,-0.002111902,0.000251733,0.000005763
516,2.175000,0.000051885,-0.000062599,0.019999992,1.000000000,-0.000001310,-0.000000682,0.000004264,0.000026841,0.000015651,-0.000053344,-0.002110950,0.000273944,0.000005127
517,2.179167,0.000051887,-0.000062599,0.019999996,0.999999940,-0.000001448,-0.000000911,0.000004238,0.000026711,0.000015519,-0.000053308,-0.002106656,0.000270541,0.000005409
518,2.183333,0.000051891,-0.000062600,0.019999998,0.999999940,-0.000001229,-0.000000472,0.000004271,0.000027229,0.000015161,-0.000053367,-0.002108318,0.000274462,0.000005259
519,2.187500,0.000051891,-0.000062599,0.019999998,1.000000000,-0.000001358,-0.000000714,0.000004234,0.000026370,0.000015800,-0.000053136,-0.002107414,0.000264058,0.000005316
520,2.191667,0.000051885,-0.000062599,0.019999996,1.000000000,-0.000001322,-0.000000830,0.000004236,0.000025141,0.000016544,-0.000052927,-0.002116468,0.000237327,0.000005728
521,2.195833,0.000051886,-0.000062600,0.019999994,1.000000000,-0.000001374,-0.000000853,0.000004233,0.000026906,0.000015383,-0.000053278,-0.002103978,0.000274067,0.000005286
522,2.200000,0.000051887,-0.000062598,0.019999992,1.000000000,-0.000001440,-0.000000871,0.000004242,0.000026488,0.000015902,-0.000053305,-0.002107792,0.000273472,0.000005210
523,2.204167,0.000051884,-0.000062599,0.019999992,1.000000000,-0.000001462,-0.000000919,0.000004241,0.000025902,0.000015968,-0.000053240,-0.002107084,0.000259038,0.000005787
524,2.208333,0.000051886,-0.000062600,0.019999992,1.000000000,-0.000001493,-0.000000757,0.000004276,0.000026773,0.000015494,-0.000053339,-0.002107594,0.000271277,0.000005388
525,2.212500,0.000051887,-0.000062599,0.019999996,1.000000000,-0.000001431,-0.000000716,0.000004263,0.000026400,0.000015801,-0.000053334,-0.002112998,0.000264011,0.000005497
526,2.216667,0.000051883,-0.000062600,0.019999994,1.000000000,-0.000001364,-0.000000869,0.000004239,0.000025690,0.000016075,-0.000053077,-0.002111336,0.000248164,0.000005768
527,2.220833,0.000051884,-0.000062599,0.019999994,1.000000000,-0.000001430,-0.000000885,0.000004237,0.000026588,0.000015795,-0.000053357,-0.002107420,0.000274896,0.000005270
528,2.225000,0.000051884,-0.000062599,0.019999994,1.000000000,-0.000001448,-0.000000949,0.000004233,0.000026357,0.000015774,-0.000053235,-0.002109927,0.000262928,0.000005461
529,2.229167,0.000051886,-0.000062600,0.019999994,1.000000000,-0.000001484,-0.000000781,0.000004268,0.000026987,0.000015315,-0.000053456,-0.002100501,0.000282114,0.000005446
530,2.233333,0.000051887,-0.000062598,0.019999992,1.000000000,-0.000001444,-0.000000714,0.000004266,0.000026429,0.000015929,-0.000053351,-0.002109397,0.000272109,0.000005312
531,2.237500,0.000051884,-0.000062600,0.019999994,1.000000000,-0.000001359,-0.000000887,0.000004231,0.000025707,0.000015938,-0.000053150,-0.002110487,0.000247641,0.000005991
532,2.241667,0.000051887,-0.000062598,0.019999994,1.000000000,-0.000001435,-0.000000684,0.000004265,0.000027044,0.000015563,-0.000053275,-0.002114177,0.000272075,0.000004918
533,2.245833,0.000051885,-0.000062601,0.019999994,1.000000000,-0.000001352,-0.000000858,0.000004240,0.000026083,0.000015689,-0.000053263,-0.002101841,0.000262291,0.000005922
534,2.250000,0.000051885,-0.000062599,0.019999992,1.000000000,-0.000001399,-0.000000896,0.000004236,0.000026270,0.000016064,-0.000053115,-0.002119317,0.000255898,0.000005113
535,2.254167,0.000051888,-0.000062599,0.019999994,1.000000000,-0.000001332,-0.000000564,0.000004271,0.000026979,0.000015365,-0.000053472,-0.002101915,0.000282145,0.000005414
536,2.258333,0.000051888,-0.000062599,0.019999992,0.999999940,-0.000001412,-0.000000854,0.000004233,0.000026316,0.000015792,-0.000053180,-0.002108416,0.000262464,0.000005440
537,2.262500,0.000051890,-0.000062599,0.019999998,0.999999940,-0.000001334,-0.000000540,0.000004268,0.000026946,0.000015405,-0.000053606,-0.002099631,0.000287807,0.000005542
538,2.266667,0.000051889,-0.000062600,0.019999994,1.000000000,-0.000001423,-0.000000811,0.000004231,0.000026303,0.000015671,-0.000053208,-0.002100084,0.000267990,0.000005613
539,2.270833,0.000051886,-0.000062600,0.019999994,1.000000000,-0.000001440,-0.000000868,0.000004254,0.000025816,0.000016174,-0.000053123,-0.002114756,0.000251666,0.000005535
540,2.275000,0.000051885,-0.000062599,0.019999992,1.000000000,-0.000001445,-0.000000944,0.000004239,0.000026112,0.000016006,-0.000053123,-0.002118437,0.000251419,0.000005389
541,2.279167,0.000051885,-0.000062598,0.019999994,1.000000000,-0.000001514,-0.000000951,0.000004236,0.000026302,0.000015976,-0.000053263,-0.002114948,0.000262404,0.000005324
542,2.283333,0.000051884,-0.000062599,0.019999992,1.000000000,-0.000001371,-0.000000900,0.000004244,0.000026156,0.000015799,-0.000053147,-0.002114743,0.000251411,0.000005599
543,2.287500,0.000051888,-0.000062599,0.019999994,1.000000000,-0.000001299,-0.000000580,0.000004278,0.000027103,0.000015368,-0.000053392,-0.002106550,0.000278905,0.000005183
544,2.291667,0.000051886,-0.000062599,0.019999992,0.999999940,-0.000001391,-0.000000851,0.000004243,0.000026025,0.000015877,-0.000053009,-0.002112052,0.000249404,0.000005531
545,2.295833,0.000051891,-0.000062598,0.019999998,0.999999940,-0.000001338,-0.000000516,0.000004265,0.000027252,0.000015371,-0.000053567,-0.002104826,0.000288799,0.000005177
546,2.300000,0.000051890,-0.000062599,0.019999994,1.000000000,-0.000001429,-0.000000788,0.000004240,0.000026228,0.000015787,-0.000053201,-0.002102176,0.000266851,0.000005563
547,2.304167,0.000051885,-0.000062599,0.019999994,1.000000000,-0.000001411,-0.000000882,0.000004240,0.000025500,0.000016254,-0.000053065,-0.002114625,0.000244266,0.000005774
548,2.308333,0.000051883,-0.000062599,0.019999994,1.000000000,-0.000001428,-0.000000940,0.000004239,0.000026056,0.000015992,-0.000053177,-0.002113019,0.000256326,0.000005516
549,2.312500,0.000051886,-0.000062597,0.019999994,1.000000000,-0.000001457,-0.000000791,0.000004273,0.000026788,0.000015682,-0.000053285,-0.002116468,0.000266380,0.000005103
550,2.316667,0.000051885,-0.000062598,0.019999994,1.000000000,-0.000001424,-0.000000912,0.000004235,0.000026176,0.000015825,-0.000053297,-0.002105785,0.000265115,0.000005688
551,2.320833,0.000051886,-0.000062598,0.019999996,1.000000000,-0.000001465,-0.000000740,0.000004269,0.000026731,0.000015575,-0.000053336,-0.002109010,0.000270839,0.000005341
552,2.325000,0.000051888,-0.000062598,0.019999994,1.000000000,-0.000001423,-0.000000672,0.000004268,0.000026700,0.000015554,-0.000053395,-0.002103150,0.000276701,0.000005462
553,2.329167,0.000051885,-0.000062600,0.019999992,1.000000000,-0.000001340,-0.000000846,0.000004243,0.000025823,0.000015958,-0.000053016,-0.002113970,0.000244530,0.000005692
554,2.333333,0.000051886,-0.000062599,0.019999994,1.000000000,-0.000001275,-0.000000729,0.000004241,0.000026577,0.000015777,-0.000053378,-0.002107577,0.000274498,0.000005327
555,2.337500,0.000051887,-0.000062600,0.019999996,0.999999940,-0.000001342,-0.000000744,0.000004240,0.000026656,0.000015491,-0.000053238,-0.002104327,0.000268986,0.000005427
556,2.341667,0.000051890,-0.000062600,0.019999998,0.999999940,-0.000001233,-0.000000470,0.000004274,0.000027105,0.000015256,-0.000053384,-0.002103817,0.000278559,0.000005307
557,2.345833,0.000051893,-0.000062600,0.019999996,1.000000000,-0.000001368,-0.000000711,0.000004235,0.000026946,0.000015453,-0.000053338,-0.002099520,0.000282806,0.000005216
558,2.350000,0.000051885,-0.000062601,0.019999994,1.000000000,-0.000001320,-0.000000833,0.000004238,0.000024806,0.000016611,-0.000052865,-0.002115787,0.000229543,0.000006000
559,2.354167,0.000051886,-0.000062601,0.019999994,1.000000000,-0.000001362,-0.000000872,0.000004236,0.000026619,0.000015657,-0.000053199,-0.002113953,0.000261820,0.000005249
560,2.358333,0.000051884,-0.000062598,0.019999994,1.000000000,-0.000001414,-0.000000902,0.000004235,0.000025926,0.000016244,-0.000053139,-0.002116636,0.000254912,0.000005343
561,2.362500,0.000051887,-0.000062600,0.019999994,1.000000000,-0.000001453,-0.000000733,0.000004268,0.000027173,0.000015190,-0.000053400,-0.002103277,0.000279619,0.000005315
562,2.366667,0.000051887,-0.000062598,0.019999996,1.000000000,-0.000001408,-0.000000671,0.000004280,0.000026211,0.000015985,-0.000053246,-0.002114103,0.000260672,0.000005416
563,2.370833,0.000051885,-0.000062600,0.019999992,1.000000000,-0.000001339,-0.000000828,0.000004242,0.000026106,0.000015781,-0.000053136,-0.002107260,0.000256846,0.000005664
564,2.375000,0.000051885,-0.000062600,0.019999992,1.000000000,-0.000001384,-0.000000864,0.000004240,0.000026350,0.000015831,-0.000053144,-0.002115445,0.000256540,0.000005320
565,2.379167,0.000051884,-0.000062598,0.019999992,1.000000000,-0.000001431,-0.000000897,0.000004239,0.000025910,0.000016223,-0.000053068,-0.002120968,0.000247919,0.000005322
566,2.383333,0.000051888,-0.000062598,0.019999994,1.000000000,-0.000001352,-0.000000588,0.000004272,0.000027328,0.000015242,-0.000053646,-0.002097755,0.000296366,0.000005301
567,2.387500,0.000051887,-0.000062600,0.019999994,0.999999940,-0.000001418,-0.000000884,0.000004235,0.000026243,0.000015625,-0.000053168,-0.002104625,0.000259728,0.000005716
568,2.391667,0.000051887,-0.000062600,0.019999998,0.999999940,-0.000001340,-0.000000771,0.000004245,0.000026379,0.000015739,-0.000053294,-0.002110989,0.000262931,0.000005538
569,2.395833,0.000051889,-0.000062601,0.019999998,0.999999940,-0.000001382,-0.000000810,0.000004241,0.000026754,0.000015434,-0.000053217,-0.002109449,0.000264416,0.000005364
570,2.400000,0.000051890,-0.000062599,0.019999998,0.999999940,-0.000001458,-0.000000814,0.000004238,0.000026465,0.000015871,-0.000053251,-0.002112431,0.000266178,0.000005235
571,2.404167,0.000051891,-0.000062598,0.019999998,0.999999940,-0.000001488,-0.000000658,0.000004272,0.000026621,0.000015676,-0.000053251,-0.002115275,0.000262270,0.000005281
572,2.408333,0.000051891,-0.000062600,0.020000000,0.999999940,-0.000001421,-0.000000612,0.000004284,0.000026359,0.000015602,-0.000053280,-0.002107613,0.000261878,0.000005716
573,2.412500,0.000051889,-0.000062600,0.019999996,0.999999940,-0.000001372,-0.000000753,0.000004235,0.000026007,0.000016049,-0.000053205,-0.002107819,0.000262338,0.000005538
574,2.416667,0.000051889,-0.000062599,0.019999998,0.999999940,-0.000001418,-0.000000788,0.000004233,0.000026329,0.000015830,-0.000053172,-0.002116205,0.000255875,0.000005377
575,2.420833,0.000051888,-0.000062599,0.019999996,0.999999940,-0.000001442,-0.000000843,0.000004242,0.000026151,0.000015948,-0.000053101,-0.002116487,0.000252320,0.000005382
576,2.425000,0.000051890,-0.000062599,0.019999998,0.999999940,-0.000001475,-0.000000682,0.000004265,0.000026715,0.000015574,-0.000053360,-0.002109646,0.000270344,0.000005392
577,2.429167,0.000051889,-0.000062599,0.019999998,0.999999940,-0.000001404,-0.000000644,0.000004276,0.000026044,0.000015996,-0.000053126,-0.002117849,0.000250035,0.000005494
578,2.433333,0.000051891,-0.000062599,0.019999998,0.999999940,-0.000001385,-0.000000552,0.000004276,0.000026731,0.000015581,-0.000053310,-0.002108339,0.000270977,0.000005315
579,2.437500,0.000051891,-0.000062600,0.019999996,1.000000000,-0.000001485,-0.000000808,0.000004239,0.000026438,0.000015560,-0.000053201,-0.002104580,0.000263998,0.000005585
580,2.441667,0.000051887,-0.000062600,0.019999994,1.000000000,-0.000001325,-0.000000780,0.000004237,0.000025597,0.000016304,-0.000053095,-0.002116509,0.000246979,0.000005631
581,2.445833,0.000051884,-0.000062601,0.019999996,1.000000000,-0.000001335,-0.000000846,0.000004237,0.000025948,0.000015934,-0.000053141,-0.002110669,0.000253411,0.000005676
582,2.450000,0.000051886,-0.000062598,0.019999994,1.000000000,-0.000001361,-0.000000703,0.000004271,0.000026639,0.000015907,-0.000053272,-0.002113973,0.000270606,0.000004998
583,2.454167,0.000051886,-0.000062600,0.019999996,0.999999940,-0.000001475,-0.000000944,0.000004223,0.000026430,0.000015537,-0.000053245,-0.002105276,0.000263508,0.000005673
584,2.458333,0.000051890,-0.000062601,0.019999996,0.999999940,-0.000001385,-0.000000640,0.000004267,0.000027265,0.000015207,-0.000053455,-0.002105054,0.000281959,0.000005240
585,2.462500,0.000051892,-0.000062598,0.019999998,0.999999940,-0.000001370,-0.000000552,0.000004277,0.000026530,0.000015877,-0.000053302,-0.002113567,0.000268073,0.000005210
586,2.466667,0.000051892,-0.000062600,0.019999996,1.000000000,-0.000001471,-0.000000807,0.000004240,0.000026444,0.000015563,-0.000053210,-0.002104921,0.000264055,0.000005582
587,2.470833,0.000051888,-0.000062597,0.019999994,1.000000000,-0.000001482,-0.000000875,0.000004239,0.000025538,0.000016497,-0.000053075,-0.002119844,0.000246656,0.000005456
588,2.475000,0.000051885,-0.000062598,0.019999996,1.000000000,-0.000001480,-0.000000948,0.000004239,0.000025673,0.000016180,-0.000053150,-0.002115841,0.000247722,0.000005737
589,2.479167,0.000051886,-0.000062598,0.019999994,1.000000000,-0.000001353,-0.000000684,0.000004272,0.000026731,0.000015639,-0.000053315,-0.002109944,0.000271058,0.000005244
590,2.483333,0.000051886,-0.000062600,0.019999992,0.999999940,-0.000001453,-0.000000939,0.000004234,0.000026454,0.000015545,-0.000053206,-0.002104388,0.000264274,0.000005588
591,2.487500,0.000051890,-0.000062599,0.019999998,0.999999940,-0.000001250,-0.000000484,0.000004268,0.000026969,0.000015440,-0.000053389,-0.002114460,0.000269297,0.000005281
592,2.491667,0.000051892,-0.000062600,0.019999996,1.000000000,-0.000001362,-0.000000743,0.000004242,0.000026752,0.000015413,-0.000053137,-0.002106453,0.000264899,0.000005312
593,2.495833,0.000051886,-0.000062600,0.019999994,1.000000000,-0.000001356,-0.000000822,0.000004243,0.000025288,0.000016398,-0.000052887,-0.002119174,0.000233769,0.000005691
594,2.500000,0.000051886,-0.000062599,0.019999994,1.000000000,-0.000001405,-0.000000854,0.000004241,0.000026402,0.000015879,-0.000053240,-0.002112630,0.000264268,0.000005287
595,2.504167,0.000051886,-0.000062599,0.019999994,1.000000000,-0.000001423,-0.000000917,0.000004238,0.000026364,0.000015779,-0.000053237,-0.002110169,0.000263077,0.000005451
596,2.508333,0.000051886,-0.000062598,0.019999996,1.000000000,-0.000001492,-0.000000924,0.000004235,0.000026294,0.000015970,-0.000053258,-0.002114564,0.000262302,0.000005336
597,2.512500,0.000051886,-0.000062598,0.019999992,1.000000000,-0.000001357,-0.000000662,0.000004269,0.000026424,0.000015745,-0.000053310,-0.002104898,0.000270685,0.000005479
598,2.516667,0.000051886,-0.000062600,0.019999992,0.999999940,-0.000001459,-0.000000917,0.000004232,0.000026459,0.000015540,-0.000053234,-0.002105098,0.000264272,0.000005617
599,2.520833,0.000051891,-0.000062599,0.019999996,0.999999940,-0.000001253,-0.000000469,0.000004264,0.000027394,0.000015221,-0.000053616,-0.002103026,0.000291518,0.000005229
600,2.525000,0.000051891,-0.000062599,0.019999996,1.000000000,-0.000001361,-0.000000731,0.000004239,0.000026357,0.000015726,-0.000053153,-0.002106249,0.000263387,0.000005436
